po_id,supplier_id,supplier_name,part_id,category,qty_ordered,unit_cost,order_date,promised_date
PO00001,S007,GULF PRECISION,P0008,Fasteners,25,318.38,2025-07-14,2025-07-24
PO00002,S012,Luna Optics,P0072,Plastics,500,183.39,2025-09-07,2025-09-13
PO00003,S006,Frontier Plastics,P0008,Fasteners,10,351.14,2025-10-27,2025-11-02
PO00004,S003,Caribe Electronics,P0009,Electronics,250,341.41,2025-02-04,2025-03-18
PO00005,S010,Jetstream Parts,P0011,Hydraulics,100,268.91,2025-12-03,2026-01-09
PO00006,S005,Echo Cable Co,P0051,Cables,25,350.95,2025-12-10,2025-12-17
PO00007,S002,Boreal Metals,P0010,Electronics,250,149.69,2025-04-20,2025-04-30
PO00008,S003,Caribe Electronics,P0057,Electronics,250,53.35,2025-12-27,2026-02-07
PO00009,S011,Keystone Hydraulics,P0014,Cables,25,273.28,2025-05-16,2025-06-28
PO00010,S011,Keystone Hydraulics,P0082,Plastics,50,261.65,2025-09-16,2025-10-29
PO00011,S001,Apex Components,P0001,Electronics,50,293.13,2025-03-08,2025-04-16
PO00012,S002,Boreal Metals,P0010,Electronics,500,171.21,2025-03-18,2025-03-28
PO00013,S006,Frontier Plastics,P0006,Cables,50,251.12,2025-04-18,2025-04-24
PO00014,S010,Jetstream Parts,P0096,Plastics,25,46.92,2025-05-02,2025-06-08
PO00015,S007,Gulf Precision,P0086,Cables,500,188.91,2025-05-08,2025-05-18
PO00016,S008,Harbor Industrial,P0045,Cables,50,50.21,2025-04-27,2025-05-15
PO00017,S005,Echo Cable Co,P0045,Cables,500,53.19,2025-09-18,2025-09-25
PO00018,S003,Caribe Electronics,P0075,Plastics,50,97.04,2025-01-20,2025-03-03
PO00019,S002,Boreal Metals,P0050,Electronics,250,380.44,2025-04-08,2025-04-18
PO00020,S009,Island Circuits,P0088,Electronics,500,279.79,2025-12-10,2025-12-29
PO00021,S002,Boreal Metals,P0093,Fasteners,50,175.29,2025-09-17,2025-09-27
PO00022,S011,Keystone Hydraulics,P0049,Fasteners,500,206.14,2025-03-31,2025-05-13
PO00023,S010,Jetstream Parts,P0084,Hydraulics,50,84.4,2025-08-27,2025-10-03
PO00024,S009,Island Circuits,P0085,Electronics,500,294.32,2025-11-14,2025-12-03
PO00025,S003,Caribe Electronics,P0004,Cables,10,356.1,2025-05-06,2025-06-17
PO00026,S004,Delta Fasteners,P0092,Fasteners,500,215.18,2025-07-16,2025-08-17
PO00027,S002,Boreal Metals,P0100,Hydraulics,100,220.99,2025-04-23,2025-05-03
PO00028,S002,Boreal Metals,P0059,Cables,25,111.66,2025-08-26,2025-09-05
PO00029,S009,Island Circuits,P0055,Plastics,250,403.85,2025-08-17,2025-09-05
PO00030,S005,Echo Cable Co,P0099,Fasteners,250,68.53,2025-09-06,2025-09-13
PO00031,S009,Island Circuits,P0011,Hydraulics,25,277.64,2025-03-19,2025-04-07
PO00032,S008,Harbor Industrial,P0054,Fasteners,10,222.71,2025-04-16,2025-05-04
PO00033,S001,Apex Components,P0046,Hydraulics,50,74.09,2025-07-19,2025-08-27
PO00034,S004,Delta Fasteners,P0063,Plastics,25,293.24,2025-05-20,2025-06-21
PO00035,S008,HARBOR INDUSTRIAL,P0017,Fasteners,250,68.96,2025-10-01,2025-10-19
PO00036,S008,Harbor Industrial,P0024,Fasteners,10,362.63,2025-05-14,2025-06-01
PO00037,S007,GULF PRECISION,P0033,Fasteners,10,422.03,2025-08-29,2025-09-08
PO00038,S001,Apex Components,P0097,Plastics,10,319.37,2025-05-07,2025-06-15
PO00039,S004,Delta Fasteners,P0060,Fasteners,500,345.67,2025-05-12,2025-06-13
PO00040,S003,CARIBE ELECTRONICS,P0040,Hydraulics,10,215.22,2025-10-24,2025-12-05
PO00041,S002,Boreal Metals,P0076,Fasteners,500,5.29,2025-11-18,2025-11-28
PO00042,S010,Jetstream Parts,P0006,Cables,50,237.38,2025-09-30,2025-11-06
PO00043,S002,Boreal Metals,P0056,Plastics,50,136.51,2025-11-22,2025-12-02
PO00044,S005,Echo Cable Co,P0079,Electronics,250,230.42,2025-09-05,2025-09-12
PO00045,S002,Boreal Metals,P0036,Electronics,100,66.85,2025-05-05,2025-05-15
PO00046,S004,Delta Fasteners,P0046,Hydraulics,50,69.45,2025-06-24,2025-07-26
PO00047,S012,Luna Optics,P0053,Fasteners,100,164.11,2025-10-12,2025-10-18
PO00048,S007,Gulf Precision,P0089,Electronics,25,26.74,2025-06-06,2025-06-16
PO00049,S006,Frontier Plastics,P0046,Hydraulics,500,64.97,2025-08-21,2025-08-27
PO00050,S012,Luna Optics,P0024,Fasteners,25,367.37,2025-04-21,2025-04-27
PO00051,S004,Delta Fasteners,P0038,Hydraulics,25,228.08,2025-07-04,2025-08-05
PO00052,S012,Luna Optics,P0017,Fasteners,500,63.84,2025-09-09,2025-09-15
PO00053,S001,Apex Components,P0033,Fasteners,100,410.96,2025-02-28,2025-04-08
PO00054,S010,Jetstream Parts,P0039,Hydraulics,10,169.71,2025-05-08,2025-06-14
PO00055,S008,Harbor Industrial,P0057,Electronics,50,47.04,2025-10-29,2025-11-16
PO00056,S004,Delta Fasteners,P0081,Fasteners,25,212.59,2025-05-16,2025-06-17
PO00057,S012,Luna Optics ,P0077,Electronics,100,93.83,2025-05-30,2025-06-05
PO00058,S011,Keystone Hydraulics,P0076,Fasteners,500,5.15,2025-04-12,2025-05-25
PO00059,S005,Echo Cable Co,P0077,Electronics,500,96.64,2025-10-19,2025-10-26
PO00060,S009,Island Circuits,P0070,Hydraulics,100,381.34,2025-08-13,2025-09-01
PO00061,S011,Keystone Hydraulics,P0074,Cables,250,11.25,2025-01-11,2025-02-23
PO00062,S008,Harbor Industrial,P0036,Electronics,25,69.92,2025-10-27,2025-11-14
PO00063,S011,Keystone Hydraulics,P0014,Cables,25,295.13,2025-06-18,2025-07-31
PO00064,S008,Harbor Industrial,P0012,Cables,50,76.35,2025-05-10,2025-05-28
PO00065,S008,Harbor Industrial,P0053,Fasteners,10,162.06,2025-04-07,2025-04-25
PO00066,S009,Island Circuits,P0017,Fasteners,50,70.18,2025-08-13,2025-09-01
PO00067,S011,Keystone Hydraulics,P0078,Electronics,25,364.84,2025-12-30,2026-02-11
PO00068,S002,Boreal Metals,P0060,Fasteners,10,368.91,2025-11-28,2025-12-08
PO00069,S008,Harbor Industrial,P0061,Electronics,25,37.05,2025-08-22,2025-09-09
PO00070,S002,Boreal Metals,P0036,Electronics,100,66.07,2025-06-24,2025-07-04
PO00071,S010,Jetstream Parts,P0085,Electronics,100,276.67,2025-03-18,2025-04-24
PO00072,S004,Delta Fasteners,P0090,Cables,25,359.5,2025-10-20,2025-11-21
PO00073,S007,Gulf Precision,P0050,Electronics,500,365.57,2025-11-30,2025-12-10
PO00074,S002,Boreal Metals,P0057,Electronics,10,44.34,2025-09-27,2025-10-07
PO00075,S005,Echo Cable Co,P0044,Plastics,250,290.64,2025-12-21,2025-12-28
PO00076,S006,Frontier Plastics,P0081,Fasteners,500,207.34,2025-09-07,2025-09-13
PO00077,S004,Delta Fasteners,P0096,Plastics,10,45.15,2025-08-11,2025-09-12
PO00078,S001,Apex Components,P0006,Cables,50,237.58,2025-01-29,2025-03-09
PO00079,S003,Caribe Electronics,P0022,Electronics,25,330.96,2025-02-10,2025-03-24
PO00080,S008,Harbor Industrial,P0082,Plastics,50,220.2,2025-08-24,2025-09-11
PO00081,S008,Harbor Industrial,P0045,Cables,250,48.02,2025-06-03,2025-06-21
PO00082,S008,Harbor Industrial,P0014,Cables,25,299.6,2025-07-15,2025-08-02
PO00083,S001,Apex Components,P0073,Fasteners,500,100.48,2025-01-26,2025-03-06
PO00084,S006,Frontier Plastics,P0029,Fasteners,500,108.73,2025-04-08,2025-04-14
PO00085,S002,Boreal Metals,P0081,Fasteners,500,224.89,2025-01-21,2025-01-31
PO00086,S006,Frontier Plastics,P0096,Plastics,100,45.37,2025-03-31,2025-04-06
PO00087,S003,Caribe Electronics,P0033,Fasteners,100,406.02,2025-06-01,2025-07-13
PO00088,S011,Keystone Hydraulics,P0093,Fasteners,500,188.76,2025-07-23,2025-09-04
PO00089,S012,Luna Optics,P0087,Hydraulics,50,372.68,2025-10-27,2025-11-02
PO00090,S009,Island Circuits,P0042,Electronics,250,293.77,2025-04-24,2025-05-13
PO00091,S003,Caribe Electronics,P0006,Cables,10,225.58,2025-06-05,2025-07-17
PO00092,S011,Keystone Hydraulics,P0096,Plastics,500,45.0,2025-10-04,2025-11-16
PO00093,S010,Jetstream Parts,P0053,Fasteners,50,149.83,2025-01-17,2025-02-23
PO00094,S011,Keystone Hydraulics,P0048,Cables,250,400.33,2025-11-27,2026-01-09
PO00095,S002,Boreal Metals,P0085,Electronics,25,302.39,2025-11-25,2025-12-05
PO00096,S010,Jetstream Parts,P0027,Hydraulics,10,158.37,2025-10-11,2025-11-17
PO00097,S010,Jetstream Parts,P0001,Electronics,50,309.4,2025-03-16,2025-04-22
PO00098,S004,Delta Fasteners,P0076,Fasteners,50,4.67,2025-01-09,2025-02-10
PO00099,S008,Harbor Industrial,P0100,Hydraulics,50,201.4,2025-09-20,2025-10-08
PO00100,S008,Harbor Industrial,P0083,Fasteners,10,351.82,2025-02-01,2025-02-19
PO00101,S002,Boreal Metals,P0011,Hydraulics,50,248.69,2025-11-08,2025-11-18
PO00102,S010,Jetstream Parts,P0068,Plastics,50,313.51,2025-08-21,2025-09-27
PO00103,S009,Island Circuits,P0093,Fasteners,25,169.18,2025-08-09,2025-08-28
PO00104,S006,Frontier Plastics,P0055,Plastics,50,419.28,2025-12-07,2025-12-13
PO00105,S002,Boreal Metals,P0096,Plastics,500,43.48,2025-07-10,2025-07-20
PO00106,S007,Gulf Precision,P0046,Hydraulics,500,71.07,2025-08-05,2025-08-15
PO00107,S003,Caribe Electronics,P0085,Electronics,100,269.57,2025-04-25,2025-06-06
PO00108,S007,Gulf Precision,P0072,Plastics,250,192.84,2025-11-11,2025-11-21
PO00109,S003,Caribe Electronics,P0035,Electronics,500,308.92,2025-06-08,2025-07-20
PO00110,S003,Caribe Electronics,P0095,Electronics,500,188.38,2025-01-16,2025-02-27
PO00111,S012,Luna Optics,P0042,Electronics,250,261.98,2025-11-02,2025-11-08
PO00112,S011,Keystone Hydraulics,P0055,Plastics,100,369.26,2025-11-07,2025-12-20
PO00113,S010,Jetstream Parts,P0063,Plastics,250,304.99,2025-12-08,2026-01-14
PO00114,S003,Caribe Electronics,P0098,Electronics,50,352.73,2025-05-29,2025-07-10
PO00115,S004,Delta Fasteners,P0065,Plastics,250,65.31,2025-12-09,2026-01-10
PO00116,S002,Boreal Metals,P0041,Plastics,250,376.26,2025-08-08,2025-08-18
PO00117,S003,Caribe Electronics,P0080,Cables,100,259.57,2025-12-20,2026-01-31
PO00118,S002,Boreal Metals,P0051,Cables,50,372.64,2025-06-23,2025-07-03
PO00119,S006,Frontier Plastics,P0045,Cables,500,46.27,2025-11-27,2025-12-03
PO00120,S011,Keystone Hydraulics,P0010,Electronics,25,168.76,2025-11-18,2025-12-31
PO00121,S011,Keystone Hydraulics,P0082,Plastics,250,248.78,2025-06-15,2025-07-28
PO00122,S005,Echo Cable Co,P0076,Fasteners,10,4.92,2025-06-30,2025-07-07
PO00123,S011,Keystone Hydraulics,P0012,Cables,250,69.58,2025-11-01,2025-12-14
PO00124,S010,Jetstream Parts,P0084,Hydraulics,25,81.69,2025-06-14,2025-07-21
PO00125,S006,Frontier Plastics,P0092,Fasteners,10,206.35,2025-09-16,2025-09-22
PO00126,S006,Frontier Plastics,P0048,Cables,50,395.68,2025-07-18,2025-07-24
PO00127,S002,Boreal Metals,P0072,Plastics,500,198.9,2025-07-17,2025-07-27
PO00128,S010,Jetstream Parts,P0085,Electronics,25,285.74,2025-06-29,2025-08-05
PO00129,S005,Echo Cable Co,P0072,Plastics,100,202.16,2025-11-26,2025-12-03
PO00130,S002,Boreal Metals,P0083,Fasteners,500,299.71,2025-08-05,2025-08-15
PO00131,S004,Delta Fastener,P0029,Fasteners,25,112.07,2025-03-21,2025-04-22
PO00132,S001,Apex Components,P0085,Electronics,50,270.98,2025-11-13,2025-12-22
PO00133,S003,Caribe Electronics,P0093,Fasteners,100,184.4,2025-01-23,2025-03-06
PO00134,S008,Harbor Industrial,P0030,Plastics,250,240.7,2025-05-03,2025-05-21
PO00135,S008,Harbor Industrial,P0060,Fasteners,50,363.31,2025-07-15,2025-08-02
PO00136,S005,Echo Cable Co,P0007,Electronics,500,21.47,2025-09-04,2025-09-11
PO00137,S003,Caribe Electronics,P0035,Electronics,100,314.15,2025-09-20,2025-11-01
PO00138,S001,Apex Components,P0054,Fasteners,10,216.05,2025-07-22,2025-08-30
PO00139,S002,Boreal Metals,P0092,Fasteners,500,210.6,2025-06-21,2025-07-01
PO00140,S012,LUNA OPTICS,P0061,Electronics,100,34.86,2025-11-12,2025-11-18
PO00141,S009,Island Circuits,P0055,Plastics,10,358.14,2025-05-28,2025-06-16
PO00142,S002,BOREAL METALS,P0064,Fasteners,250,278.62,2025-10-02,2025-10-12
PO00143,S010,Jetstream Parts,P0054,Fasteners,25,228.52,2025-12-07,2026-01-13
PO00144,S009,Island Circuits,P0071,Cables,10,169.08,2025-07-19,2025-08-07
PO00145,S006,Frontier Plastics,P0031,Plastics,500,190.51,2025-12-03,2025-12-09
PO00146,S006,Frontier Plastics,P0083,Fasteners,25,342.28,2025-12-17,2025-12-23
PO00147,S004,Delta Fasteners,P0006,Cables,25,234.57,2025-01-22,2025-02-23
PO00148,S005,Echo Cable Co,P0046,Hydraulics,10,63.32,2025-12-02,2025-12-09
PO00149,S007,Gulf Precision,P0044,Plastics,25,307.91,2025-09-12,2025-09-22
PO00150,S002,Boreal Metals,P0056,Plastics,250,132.88,2025-04-03,2025-04-13
PO00151,S012,Luna Optics,P0055,Plastics,25,382.05,2025-12-20,2025-12-26
PO00152,S011,Keystone Hydraulics,P0008,Fasteners,10,316.7,2025-12-10,2026-01-22
PO00153,S011,Keystone Hydraulic,P0057,Electronics,10,51.44,2025-03-06,2025-04-18
PO00154,S008,Harbor Industrial,P0048,Cables,50,414.0,2025-08-16,2025-09-03
PO00155,S002,Boreal Metals,P0004,Cables,500,341.2,2025-04-06,2025-04-16
PO00156,S004,Delta Fasteners,P0079,Electronics,50,216.6,2025-12-22,2026-01-23
PO00157,S008,Harbor Industrial,P0012,Cables,500,72.87,2025-06-13,2025-07-01
PO00158,S012,Luna Optics,P0091,Electronics,500,103.22,2025-11-23,2025-11-29
PO00159,S008,Harbor Industrial,P0004,Cables,50,346.54,2025-10-11,2025-10-29
PO00160,S005,Echo Cable Co,P0051,Cables,500,371.97,2025-09-03,2025-09-10
PO00161,S002,Boreal Metals,P0058,Cables,100,343.17,2025-12-15,2025-12-25
PO00162,S003,Caribe Electronics,P0056,Plastics,250,138.03,2025-01-29,2025-03-12
PO00163,S006,Frontier Plastics,P0067,Hydraulics,50,415.53,2025-02-10,2025-02-16
PO00164,S002,Boreal Metals,P0065,Plastics,500,72.2,2025-03-28,2025-04-07
PO00165,S010,Jetstream Parts ,P0006,Cables,10,249.94,2025-02-11,2025-03-20
PO00166,S010,Jetstream Parts,P0082,Plastics,10,245.01,2025-09-12,2025-10-19
PO00167,S011,Keystone Hydraulic,P0052,Plastics,50,235.08,2025-08-21,2025-10-03
PO00168,S003,Caribe Electronics,P0041,Plastics,500,386.68,2025-06-13,2025-07-25
PO00169,S002,Boreal Metals,P0041,Plastics,25,358.35,2025-08-27,2025-09-06
PO00170,S010,Jetstream Parts,P0054,Fasteners,25,246.3,2025-03-23,2025-04-29
PO00171,S009,Island Circuits,P0060,Fasteners,100,340.21,2025-06-07,2025-06-26
PO00172,S006,Frontier Plastics,P0007,Electronics,10,22.8,2025-05-25,2025-05-31
PO00173,S003,Caribe Electronics,P0034,Fasteners,500,209.54,2025-07-07,2025-08-18
PO00174,S005,Echo Cable Co,P0010,Electronics,100,162.48,2025-09-16,2025-09-23
PO00175,S002,Boreal Metals,P0051,Cables,50,344.77,2025-06-23,2025-07-03
PO00176,S001,Apex Components,P0005,Plastics,25,373.5,2025-06-20,2025-07-29
PO00177,S006,Frontier Plastics,P0021,Electronics,100,94.08,2025-11-12,2025-11-18
PO00178,S005,Echo Cable Co,P0061,Electronics,10,35.08,2025-07-08,2025-07-15
PO00179,S012,Luna Optics,P0081,Fasteners,10,247.69,2025-11-02,2025-11-08
PO00180,S010,Jetstream Parts,P0062,Hydraulics,25,350.94,2025-09-26,2025-11-02
PO00181,S010,JETSTREAM PARTS,P0090,Cables,10,324.72,2025-04-08,2025-05-15
PO00182,S010,Jetstream Parts,P0061,Electronics,500,38.03,2025-02-01,2025-03-10
PO00183,S003,Caribe Electronics,P0059,Cables,250,105.59,2025-06-25,2025-08-06
PO00184,S010,Jetstream Parts,P0062,Hydraulics,25,329.95,2025-05-07,2025-06-13
PO00185,S012,Luna Optics,P0091,Electronics,100,107.24,2025-06-12,2025-06-18
PO00186,S011,Keystone Hydraulics,P0070,Hydraulics,100,454.17,2025-07-22,2025-09-03
PO00187,S008,Harbor Industrial,P0084,Hydraulics,50,86.77,2025-09-03,2025-09-21
PO00188,S010,Jetstream Parts,P0095,Electronics,250,193.35,2025-05-03,2025-06-09
PO00189,S006,Frontier Plastics,P0092,Fasteners,100,210.59,2025-02-21,2025-02-27
PO00190,S008,Harbor Industrial,P0062,Hydraulics,500,329.21,2025-04-13,2025-05-01
PO00191,S010,Jetstream Parts,P0030,Plastics,250,213.27,2025-01-20,2025-02-26
PO00192,S008,Harbor Industrial,P0024,Fasteners,500,347.84,2025-05-29,2025-06-16
PO00193,S008,Harbor Industrial,P0083,Fasteners,250,357.56,2025-09-26,2025-10-14
PO00194,S006,Frontier Plastics,P0021,Electronics,500,101.89,2025-08-23,2025-08-29
PO00195,S006,Frontier Plastics,P0038,Hydraulics,250,235.8,2025-12-12,2025-12-18
PO00196,S002,Boreal Metals,P0052,Plastics,500,239.02,2025-02-18,2025-02-28
PO00197,S005,Echo Cable Co,P0043,Electronics,50,260.28,2025-10-26,2025-11-02
PO00198,S008,Harbor Industrial,P0040,Hydraulics,25,241.21,2025-07-27,2025-08-14
PO00199,S005,Echo Cable Co,P0048,Cables,250,379.76,2025-04-24,2025-05-01
PO00200,S012,Luna Optics,P0071,Cables,100,196.66,2025-10-03,2025-10-09
PO00201,S002,Boreal Metals,P0068,Plastics,100,292.2,2025-09-28,2025-10-08
PO00202,S004,Delta Fasteners,P0074,Cables,250,11.62,2025-03-18,2025-04-19
PO00203,S002,Boreal Metals,P0066,Plastics,100,367.62,2025-01-29,2025-02-08
PO00204,S005,Echo Cable Co,P0093,Fasteners,10,161.52,2025-07-22,2025-07-29
PO00205,S009,Island Circuits ,P0008,Fasteners,10,319.52,2025-08-30,2025-09-18
PO00206,S007,Gulf Precision,P0048,Cables,100,439.88,2025-08-18,2025-08-28
PO00207,S003,Caribe Electronics,P0084,Hydraulics,50,82.25,2025-03-02,2025-04-13
PO00208,S001,Apex Components,P0039,Hydraulics,100,159.24,2025-12-11,2026-01-19
PO00209,S005,Echo Cable Co ,P0025,Plastics,500,379.57,2025-02-27,2025-03-06
PO00210,S010,Jetstream Parts,P0005,Plastics,100,398.51,2025-11-03,2025-12-10
PO00211,S004,Delta Fasteners,P0097,Plastics,10,337.37,2025-03-13,2025-04-14
PO00212,S011,Keystone Hydraulics,P0042,Electronics,25,312.88,2025-06-04,2025-07-17
PO00213,S012,Luna Optics,P0023,Hydraulics,500,113.89,2025-12-14,2025-12-20
PO00214,S006,Frontier Plastics,P0090,Cables,100,328.75,2025-07-29,2025-08-04
PO00215,S012,Luna Optics,P0019,Plastics,100,102.25,2025-01-30,2025-02-05
PO00216,S006,Frontier Plastics,P0083,Fasteners,10,304.38,2025-08-19,2025-08-25
PO00217,S010,Jetstream Parts,P0006,Cables,10,247.44,2025-04-07,2025-05-14
PO00218,S006,Frontier Plastics,P0039,Hydraulics,10,175.79,2025-04-19,2025-04-25
PO00219,S012,Luna Optics,P0027,Hydraulics,100,176.22,2025-05-03,2025-05-09
PO00220,S006,Frontier Plastics,P0066,Plastics,100,400.31,2025-08-27,2025-09-02
PO00221,S007,Gulf Precision,P0006,Cables,250,220.95,2025-04-24,2025-05-04
PO00222,S003,Caribe Electronics,P0026,Cables,50,96.74,2025-04-28,2025-06-09
PO00223,S008,Harbor Industrial,P0093,Fasteners,500,186.32,2025-09-09,2025-09-27
PO00224,S009,Island Circuits ,P0083,Fasteners,10,351.79,2025-09-26,2025-10-15
PO00225,S011,Keystone Hydraulics,P0030,Plastics,10,215.16,2025-12-29,2026-02-10
PO00226,S010,JETSTREAM PARTS,P0062,Hydraulics,500,345.22,2025-09-07,2025-10-14
PO00227,S005,Echo Cable Co,P0003,Hydraulics,250,37.07,2025-12-24,2025-12-31
PO00228,S004,Delta Fasteners,P0025,Plastics,250,358.12,2025-09-27,2025-10-29
PO00229,S010,Jetstream Parts,P0032,Plastics,500,179.57,2025-04-26,2025-06-02
PO00230,S007,Gulf Precision ,P0049,Fasteners,250,194.24,2025-09-01,2025-09-11
PO00231,S006,Frontier Plastics,P0073,Fasteners,10,91.06,2025-09-28,2025-10-04
PO00232,S001,Apex Components,P0010,Electronics,500,162.9,2025-05-24,2025-07-02
PO00233,S012,Luna Optics,P0051,Cables,10,336.34,2025-06-03,2025-06-09
PO00234,S007,Gulf Precision,P0097,Plastics,500,364.15,2025-03-13,2025-03-23
PO00235,S002,Boreal Metals,P0044,Plastics,250,309.68,2025-11-11,2025-11-21
PO00236,S008,Harbor Industrial,P0063,Plastics,25,314.5,2025-07-02,2025-07-20
PO00237,S010,Jetstream Parts,P0038,Hydraulics,25,234.78,2025-02-07,2025-03-16
PO00238,S006,Frontier Plastics,P0014,Cables,10,292.28,2025-01-03,2025-01-09
PO00239,S008,Harbor Industrial,P0072,Plastics,250,173.56,2025-09-20,2025-10-08
PO00240,S007,Gulf Precision,P0002,Plastics,50,49.97,2025-07-31,2025-08-10
PO00241,S007,Gulf Precision,P0022,Electronics,25,338.09,2025-05-18,2025-05-28
PO00242,S002,Boreal Metals,P0047,Electronics,50,400.38,2025-05-07,2025-05-17
PO00243,S007,Gulf Precision,P0043,Electronics,250,277.67,2025-07-14,2025-07-24
PO00244,S012,Luna Optics,P0026,Cables,100,89.2,2025-06-10,2025-06-16
PO00245,S010,Jetstream Parts,P0032,Plastics,50,178.21,2025-07-12,2025-08-18
PO00246,S003,Caribe Electronics,P0088,Electronics,250,281.43,2025-01-14,2025-02-25
PO00247,S002,Boreal Metals,P0053,Fasteners,500,152.41,2025-09-13,2025-09-23
PO00248,S002,Boreal Metals,P0058,Cables,250,371.73,2025-09-03,2025-09-13
PO00249,S006,Frontier Plastics,P0090,Cables,250,310.06,2025-11-01,2025-11-07
PO00250,S010,Jetstream Parts,P0006,Cables,250,238.73,2025-11-27,2026-01-03
PO00251,S004,Delta Fasteners,P0066,Plastics,500,379.8,2025-09-23,2025-10-25
PO00252,S010,Jetstream Parts,P0089,Electronics,250,24.94,2025-03-19,2025-04-25
PO00253,S012,Luna Optics,P0019,Plastics,50,98.96,2025-06-09,2025-06-15
PO00254,S012,Luna Optics,P0058,Cables,50,391.14,2025-02-04,2025-02-10
PO00255,S003,Caribe Electronics,P0095,Electronics,25,175.16,2025-09-22,2025-11-03
PO00256,S003,Caribe Electronics,P0024,Fasteners,500,349.29,2025-12-03,2026-01-14
PO00257,S001,Apex Components,P0091,Electronics,25,110.13,2025-04-16,2025-05-25
PO00258,S003,Caribe Electronics,P0047,Electronics,50,382.56,2025-04-11,2025-05-23
PO00259,S007,Gulf Precision,P0079,Electronics,100,210.84,2025-10-28,2025-11-07
PO00260,S005,Echo Cable Co,P0079,Electronics,250,209.24,2025-02-13,2025-02-20
PO00261,S009,Island Circuits,P0050,Electronics,100,357.79,2025-11-02,2025-11-21
PO00262,S003,Caribe Electronics,P0072,Plastics,25,179.4,2025-09-08,2025-10-20
PO00263,S008,Harbor Industrial,P0018,Hydraulics,25,115.03,2025-07-16,2025-08-03
PO00264,S008,Harbor Industrial,P0063,Plastics,25,340.3,2025-02-12,2025-03-02
PO00265,S003,Caribe Electronics,P0100,Hydraulics,100,213.55,2025-10-17,2025-11-28
PO00266,S009,Island Circuits,P0047,Electronics,250,396.23,2025-01-22,2025-02-10
PO00267,S004,Delta Fasteners,P0039,Hydraulics,10,172.72,2025-08-19,2025-09-20
PO00268,S012,Luna Optics,P0076,Fasteners,500,5.21,2025-06-29,2025-07-05
PO00269,S004,Delta Fasteners,P0008,Fasteners,250,331.16,2025-06-29,2025-07-31
PO00270,S009,Island Circuits,P0087,Hydraulics,10,382.86,2025-03-11,2025-03-30
PO00271,S003,Caribe Electronics,P0032,Plastics,25,160.88,2025-12-31,2026-02-11
PO00272,S005,Echo Cable Co,P0081,Fasteners,100,233.24,2025-07-12,2025-07-19
PO00273,S012,Luna Optics,P0048,Cables,100,369.56,2025-09-07,2025-09-13
PO00274,S012,Luna Optics,P0046,Hydraulics,10,74.28,2025-10-01,2025-10-07
PO00275,S006,Frontier Plastics,P0071,Cables,250,184.66,2025-03-08,2025-03-14
PO00276,S011,Keystone Hydraulics,P0059,Cables,10,95.51,2025-03-05,2025-04-17
PO00277,S003,Caribe Electronics,P0084,Hydraulics,50,87.53,2025-03-23,2025-05-04
PO00278,S011,Keystone Hydraulics,P0022,Electronics,10,353.1,2025-07-22,2025-09-03
PO00279,S001,Apex Components,P0028,Hydraulics,100,58.58,2025-02-09,2025-03-20
PO00280,S007,Gulf Precisio,P0089,Electronics,25,26.82,2025-09-02,2025-09-12
PO00281,S005,Echo Cable Co,P0018,Hydraulics,100,118.79,2025-03-10,2025-03-17
PO00282,S006,Frontier Plastics,P0093,Fasteners,25,192.67,2025-11-18,2025-11-24
PO00283,S002,Boreal Metals,P0018,Hydraulics,10,111.66,2025-10-29,2025-11-08
PO00284,S004,Delta Fasteners,P0071,Cables,250,177.59,2025-11-04,2025-12-06
PO00285,S005,Echo Cable Co,P0027,Hydraulics,250,175.34,2025-11-07,2025-11-14
PO00286,S004,Delta Fasteners,P0064,Fasteners,100,285.12,2025-02-27,2025-03-31
PO00287,S003,Caribe Electronics,P0050,Electronics,250,378.64,2025-08-04,2025-09-15
PO00288,S001,Apex Components,P0051,Cables,250,353.9,2025-05-27,2025-07-05
PO00289,S009,Island Circuits,P0079,Electronics,25,199.56,2025-05-23,2025-06-11
PO00290,S011,Keystone Hydraulics,P0098,Electronics,500,375.15,2025-12-15,2026-01-27
PO00291,S002,Boreal Metals ,P0059,Cables,250,105.4,2025-11-08,2025-11-18
PO00292,S012,Luna Optics,P0002,Plastics,25,54.5,2025-09-12,2025-09-18
PO00293,S012,Luna Optics,P0100,Hydraulics,50,185.04,2025-03-02,2025-03-08
PO00294,S010,Jetstream Parts,P0081,Fasteners,10,221.39,2025-09-12,2025-10-19
PO00295,S002,Boreal Metals,P0074,Cables,500,10.91,2025-03-01,2025-03-11
PO00296,S007,Gulf Precision,P0020,Cables,25,382.27,2025-01-19,2025-01-29
PO00297,S012,Luna Optics,P0041,Plastics,50,335.59,2025-02-09,2025-02-15
PO00298,S001,Apex Components,P0052,Plastics,10,269.96,2025-08-27,2025-10-05
PO00299,S010,Jetstream Parts,P0039,Hydraulics,500,157.52,2025-11-15,2025-12-22
PO00300,S004,DELTA FASTENERS,P0020,Cables,10,357.14,2025-07-29,2025-08-30
PO00301,S001,Apex Components,P0098,Electronics,500,406.07,2025-07-12,2025-08-20
PO00302,S001,Apex Components,P0019,Plastics,500,101.41,2025-05-24,2025-07-02
PO00303,S008,Harbor Industrial,P0096,Plastics,10,40.02,2025-10-25,2025-11-12
PO00304,S011,Keystone Hydraulics,P0017,Fasteners,25,67.9,2025-05-30,2025-07-12
PO00305,S008,Harbor Industrial,P0035,Electronics,25,295.9,2025-02-08,2025-02-26
PO00306,S008,Harbor Industrial,P0041,Plastics,100,393.84,2025-03-03,2025-03-21
PO00307,S002,Boreal Metals,P0021,Electronics,500,101.49,2025-06-05,2025-06-15
PO00308,S006,Frontier Plastics,P0051,Cables,250,337.67,2025-01-26,2025-02-01
PO00309,S009,Island Circuits,P0096,Plastics,250,39.76,2025-05-08,2025-05-27
PO00310,S007,Gulf Precision,P0048,Cables,500,375.9,2025-11-19,2025-11-29
PO00311,S011,Keystone Hydraulics,P0057,Electronics,25,51.91,2025-02-17,2025-04-01
PO00312,S007,GULF PRECISION,P0093,Fasteners,100,184.63,2025-09-12,2025-09-22
PO00313,S008,Harbor Industrial,P0020,Cables,10,337.18,2025-11-11,2025-11-29
PO00314,S002,Boreal Metals,P0036,Electronics,100,67.76,2025-03-12,2025-03-22
PO00315,S001,Apex Components,P0049,Fasteners,500,225.75,2025-07-03,2025-08-11
PO00316,S003,Caribe Electronics,P0004,Cables,50,374.99,2025-11-02,2025-12-14
PO00317,S006,Frontier Plastics,P0099,Fasteners,250,66.15,2025-04-30,2025-05-06
PO00318,S012,Luna Optics,P0008,Fasteners,25,343.58,2025-10-22,2025-10-28
PO00319,S012,LUNA OPTICS,P0090,Cables,50,349.53,2025-10-30,2025-11-05
PO00320,S008,Harbor Industrial,P0070,Hydraulics,50,385.35,2025-03-31,2025-04-18
PO00321,S004,Delta Fasteners,P0017,Fasteners,50,75.0,2025-04-01,2025-05-03
PO00322,S003,Caribe Electronics,P0100,Hydraulics,10,221.09,2025-09-27,2025-11-08
PO00323,S005,Echo Cable Co,P0042,Electronics,25,282.94,2025-03-22,2025-03-29
PO00324,S009,Island Circuits,P0089,Electronics,250,27.89,2025-07-02,2025-07-21
PO00325,S003,Caribe Electronics,P0094,Cables,10,191.4,2025-12-26,2026-02-06
PO00326,S010,Jetstream Parts,P0029,Fasteners,500,105.09,2025-10-17,2025-11-23
PO00327,S003,Caribe Electronics,P0082,Plastics,10,253.5,2025-12-29,2026-02-09
PO00328,S002,Boreal Metals,P0045,Cables,50,44.53,2025-02-25,2025-03-07
PO00329,S008,Harbor Industrial,P0049,Fasteners,50,227.68,2025-10-07,2025-10-25
PO00330,S003,Caribe Electronics,P0058,Cables,10,356.56,2025-01-18,2025-03-01
PO00331,S003,Caribe Electronics,P0094,Cables,10,213.23,2025-10-08,2025-11-19
PO00332,S007,Gulf Precision,P0084,Hydraulics,25,76.33,2025-11-07,2025-11-17
PO00333,S009,Island Circuits,P0093,Fasteners,500,170.98,2025-10-04,2025-10-23
PO00334,S008,HARBOR INDUSTRIAL,P0020,Cables,10,326.5,2025-07-04,2025-07-22
PO00335,S001,Apex Components,P0027,Hydraulics,25,154.1,2025-11-23,2026-01-01
PO00336,S011,Keystone Hydraulics,P0034,Fasteners,10,202.12,2025-11-25,2026-01-07
PO00337,S005,Echo Cable C,P0029,Fasteners,50,110.22,2025-10-16,2025-10-23
PO00338,S007,Gulf Precision,P0097,Plastics,250,374.29,2025-04-27,2025-05-07
PO00339,S008,Harbor Industrial,P0074,Cables,25,10.67,2025-09-01,2025-09-19
PO00340,S010,Jetstream Parts,P0087,Hydraulics,250,380.89,2025-03-17,2025-04-23
PO00341,S003,Caribe Electronics,P0006,Cables,100,240.38,2025-02-10,2025-03-24
PO00342,S006,Frontier Plastics,P0094,Cables,10,191.62,2025-02-14,2025-02-20
PO00343,S001,Apex Components,P0090,Cables,250,331.52,2025-10-28,2025-12-06
PO00344,S002,Boreal Metals,P0014,Cables,250,316.06,2025-02-21,2025-03-03
PO00345,S010,Jetstream Parts,P0078,Electronics,100,354.66,2025-01-20,2025-02-26
PO00346,S006,Frontier Plastics,P0089,Electronics,25,29.62,2025-01-26,2025-02-01
PO00347,S005,Echo Cable Co,P0036,Electronics,100,71.91,2025-12-23,2025-12-30
PO00348,S006,Frontier Plastics,P0035,Electronics,500,293.07,2025-08-02,2025-08-08
PO00349,S006,Frontier Plastic,P0008,Fasteners,250,338.14,2025-03-23,2025-03-29
PO00350,S004,Delta Fasteners ,P0026,Cables,10,83.17,2025-05-08,2025-06-09
PO00351,S009,Island Circuits,P0051,Cables,500,336.44,2025-03-05,2025-03-24
PO00352,S010,Jetstream Parts,P0071,Cables,50,199.09,2025-06-26,2025-08-02
PO00353,S003,Caribe Electronics,P0074,Cables,25,11.26,2025-04-24,2025-06-05
PO00354,S011,Keystone Hydraulics,P0002,Plastics,100,55.31,2025-03-09,2025-04-21
PO00355,S005,Echo Cable Co,P0078,Electronics,50,371.16,2025-12-31,2026-01-07
PO00356,S004,Delta Fasteners,P0060,Fasteners,50,377.71,2025-12-13,2026-01-14
PO00357,S006,Frontier Plastics,P0072,Plastics,500,183.45,2025-11-01,2025-11-07
PO00358,S006,Frontier Plastics,P0036,Electronics,50,70.9,2025-12-02,2025-12-08
PO00359,S001,Apex Components,P0077,Electronics,100,91.07,2025-12-05,2026-01-13
PO00360,S008,Harbor Industrial,P0038,Hydraulics,50,262.67,2025-08-03,2025-08-21
PO00361,S012,Luna Optics,P0029,Fasteners,500,104.68,2025-10-01,2025-10-07
PO00362,S011,Keystone Hydraulics,P0072,Plastics,25,177.25,2025-05-31,2025-07-13
PO00363,S006,Frontier Plastics,P0084,Hydraulics,10,85.47,2025-04-24,2025-04-30
PO00364,S008,Harbor Industrial,P0016,Fasteners,100,228.91,2025-01-28,2025-02-15
PO00365,S002,Boreal Metals,P0088,Electronics,100,259.42,2025-09-29,2025-10-09
PO00366,S010,Jetstream Parts,P0059,Cables,25,95.94,2025-06-11,2025-07-18
PO00367,S011,Keystone Hydraulics,P0008,Fasteners,10,341.34,2025-08-20,2025-10-02
PO00368,S002,Boreal Metals,P0017,Fasteners,250,69.09,2025-08-11,2025-08-21
PO00369,S006,Frontier Plastics,P0002,Plastics,50,56.09,2025-09-29,2025-10-05
PO00370,S005,Echo Cable Co,P0017,Fasteners,10,67.78,2025-07-16,2025-07-23
PO00371,S012,Luna Optics,P0067,Hydraulics,250,435.05,2025-09-26,2025-10-02
PO00372,S004,Delta Fasteners,P0022,Electronics,100,353.18,2025-01-10,2025-02-11
PO00373,S006,Frontier Plastics,P0092,Fasteners,500,232.26,2025-01-20,2025-01-26
PO00374,S011,Keystone Hydraulics,P0003,Hydraulics,10,34.66,2025-12-20,2026-02-01
PO00375,S011,Keystone Hydraulics,P0002,Plastics,50,55.94,2025-08-04,2025-09-16
PO00376,S002,Boreal Metals,P0066,Plastics,500,339.73,2025-11-13,2025-11-23
PO00377,S009,Island Circuits,P0026,Cables,50,85.08,2025-12-27,2026-01-15
PO00378,S004,Delta Fasteners,P0001,Electronics,10,284.27,2025-12-10,2026-01-11
PO00379,S009,Island Circuits,P0010,Electronics,500,165.38,2025-02-21,2025-03-12
PO00380,S003,Caribe Electronics,P0006,Cables,50,234.7,2025-07-04,2025-08-15
PO00381,S001,Apex Components,P0018,Hydraulics,500,111.79,2025-11-28,2026-01-06
PO00382,S006,Frontier Plastics,P0044,Plastics,25,343.71,2025-02-28,2025-03-06
PO00383,S007,Gulf Precision,P0084,Hydraulics,25,85.19,2025-02-27,2025-03-09
PO00384,S008,Harbor Industrial,P0073,Fasteners,500,93.8,2025-08-13,2025-08-31
PO00385,S012,Luna Optics,P0017,Fasteners,100,69.19,2025-09-07,2025-09-13
PO00386,S009,Island Circuits,P0099,Fasteners,500,67.84,2025-10-23,2025-11-11
PO00387,S010,Jetstream Parts,P0013,Cables,100,89.34,2025-12-05,2026-01-11
PO00388,S009,Island Circuits,P0079,Electronics,10,202.78,2025-01-06,2025-01-25
PO00389,S008,Harbor Industrial,P0042,Electronics,25,261.86,2025-06-19,2025-07-07
PO00390,S002,Boreal Metals,P0059,Cables,100,109.1,2025-10-21,2025-10-31
PO00391,S001,Apex Components ,P0014,Cables,100,298.15,2025-07-31,2025-09-08
PO00392,S009,Island Circuits,P0072,Plastics,25,207.14,2025-12-02,2025-12-21
PO00393,S006,Frontier Plastics,P0072,Plastics,250,196.49,2025-11-04,2025-11-10
PO00394,S006,Frontier Plastics,P0046,Hydraulics,500,66.56,2025-05-30,2025-06-05
PO00395,S012,Luna Optics,P0093,Fasteners,100,168.07,2025-02-24,2025-03-02
PO00396,S004,Delta Fasteners,P0092,Fasteners,50,206.67,2025-02-25,2025-03-29
PO00397,S008,Harbor Industrial,P0059,Cables,500,95.06,2025-10-29,2025-11-16
PO00398,S007,Gulf Precision,P0075,Plastics,100,105.95,2025-09-18,2025-09-28
PO00399,S010,Jetstream Parts,P0078,Electronics,50,355.74,2025-09-16,2025-10-23
PO00400,S006,Frontier Plastics,P0038,Hydraulics,100,256.25,2025-03-10,2025-03-16
PO00401,S006,Frontier Plastics,P0092,Fasteners,500,213.32,2025-10-11,2025-10-17
PO00402,S003,Caribe Electronics,P0091,Electronics,500,109.94,2025-04-02,2025-05-14
PO00403,S010,Jetstream Parts,P0074,Cables,500,11.4,2025-12-30,2026-02-05
PO00404,S001,Apex Components,P0067,Hydraulics,10,370.62,2025-01-13,2025-02-21
PO00405,S005,Echo Cable Co,P0088,Electronics,50,293.79,2025-03-16,2025-03-23
PO00406,S011,Keystone Hydraulics,P0095,Electronics,250,189.47,2025-04-25,2025-06-07
PO00407,S007,Gulf Precision,P0050,Electronics,100,369.53,2025-12-17,2025-12-27
PO00408,S005,Echo Cable Co,P0026,Cables,250,98.09,2025-08-15,2025-08-22
PO00409,S012,Luna Optics,P0078,Electronics,25,339.14,2025-04-10,2025-04-16
PO00410,S002,Boreal Metals,P0049,Fasteners,10,204.64,2025-08-08,2025-08-18
PO00411,S003,Caribe Electronics,P0006,Cables,25,256.07,2025-06-15,2025-07-27
PO00412,S009,Island Circuits,P0046,Hydraulics,10,64.56,2025-12-29,2026-01-17
PO00413,S009,Island Circuits,P0069,Fasteners,100,321.95,2025-02-17,2025-03-08
PO00414,S010,Jetstream Parts,P0068,Plastics,100,346.85,2025-10-15,2025-11-21
PO00415,S011,Keystone Hydraulics,P0045,Cables,100,49.78,2025-05-04,2025-06-16
PO00416,S002,Boreal Metals,P0050,Electronics,50,332.77,2025-10-04,2025-10-14
PO00417,S008,Harbor Industrial,P0006,Cables,50,244.02,2025-11-30,2025-12-18
PO00418,S009,Island Circuits,P0001,Electronics,500,314.63,2025-02-03,2025-02-22
PO00419,S009,Island Circuits,P0090,Cables,500,364.87,2025-08-11,2025-08-30
PO00420,S003,Caribe Electronics,P0033,Fasteners,250,397.16,2025-02-06,2025-03-20
PO00421,S006,Frontier Plastics,P0003,Hydraulics,100,31.73,2025-12-11,2025-12-17
PO00422,S012,Luna Optics,P0010,Electronics,50,169.75,2025-09-15,2025-09-21
PO00423,S007,Gulf Precision,P0051,Cables,500,356.08,2025-01-16,2025-01-26
PO00424,S005,Echo Cable Co,P0082,Plastics,25,262.06,2025-06-02,2025-06-09
PO00425,S001,Apex Components,P0071,Cables,250,167.72,2025-03-14,2025-04-22
PO00426,S004,Delta Fasteners,P0096,Plastics,500,46.34,2025-06-26,2025-07-28
PO00427,S005,Echo Cable Co,P0025,Plastics,10,373.05,2025-04-03,2025-04-10
PO00428,S005,Echo Cable Co,P0086,Cables,10,186.81,2025-05-09,2025-05-16
PO00429,S004,Delta Fastener,P0013,Cables,50,84.42,2025-11-14,2025-12-16
PO00430,S010,Jetstream Parts,P0020,Cables,250,341.94,2025-10-18,2025-11-24
PO00431,S012,Luna Optics,P0095,Electronics,500,182.28,2025-08-12,2025-08-18
PO00432,S006,Frontier Plastics,P0100,Hydraulics,50,190.71,2025-09-07,2025-09-13
PO00433,S009,Island Circuit,P0026,Cables,50,83.6,2025-11-17,2025-12-06
PO00434,S009,Island Circuits,P0081,Fasteners,10,239.11,2025-10-25,2025-11-13
PO00435,S009,Island Circuits,P0061,Electronics,500,35.9,2025-03-18,2025-04-06
PO00436,S009,Island Circuits,P0066,Plastics,10,332.51,2025-07-23,2025-08-11
PO00437,S003,Caribe Electronics,P0058,Cables,25,373.95,2025-04-02,2025-05-14
PO00438,S006,Frontier Plastics,P0006,Cables,25,232.46,2025-09-07,2025-09-13
PO00439,S006,Frontier Plastics,P0050,Electronics,100,333.83,2025-08-21,2025-08-27
PO00440,S005,Echo Cable Co,P0095,Electronics,50,175.65,2025-10-24,2025-10-31
PO00441,S002,Boreal Metals,P0067,Hydraulics,50,383.73,2025-07-12,2025-07-22
PO00442,S010,Jetstream Parts,P0001,Electronics,250,291.26,2025-03-13,2025-04-19
PO00443,S006,Frontier Plastics,P0078,Electronics,500,355.46,2025-03-02,2025-03-08
PO00444,S004,Delta Fasteners,P0076,Fasteners,25,4.64,2025-11-28,2025-12-30
PO00445,S009,Island Circuits ,P0006,Cables,250,232.17,2025-03-17,2025-04-05
PO00446,S001,Apex Components,P0093,Fasteners,500,193.6,2025-12-05,2026-01-13
PO00447,S003,Caribe Electronics,P0029,Fasteners,100,106.82,2025-11-04,2025-12-16
PO00448,S012,Luna Optics,P0088,Electronics,50,260.22,2025-08-21,2025-08-27
PO00449,S009,Island Circuits,P0088,Electronics,100,266.08,2025-03-18,2025-04-06
PO00450,S002,Boreal Metals,P0012,Cables,100,71.46,2025-12-04,2025-12-14
PO00451,S006,Frontier Plastics,P0006,Cables,500,263.7,2025-09-29,2025-10-05
PO00452,S012,Luna Optics,P0074,Cables,10,10.84,2025-08-06,2025-08-12
PO00453,S007,Gulf Precision,P0033,Fasteners,25,441.98,2025-01-03,2025-01-13
PO00454,S004,Delta Fasteners,P0089,Electronics,50,25.62,2025-07-29,2025-08-30
PO00455,S010,Jetstream Parts,P0047,Electronics,250,392.87,2025-05-22,2025-06-28
PO00456,S006,Frontier Plastics,P0072,Plastics,250,183.75,2025-09-05,2025-09-11
PO00457,S011,Keystone Hydraulics,P0016,Fasteners,500,233.87,2025-04-28,2025-06-10
PO00458,S009,Island Circuits,P0079,Electronics,500,202.94,2025-12-17,2026-01-05
PO00459,S008,Harbor Industria,P0077,Electronics,100,92.59,2025-02-15,2025-03-05
PO00460,S007,Gulf Precision,P0079,Electronics,500,236.12,2025-09-24,2025-10-04
PO00461,S004,Delta Fasteners,P0085,Electronics,250,292.5,2025-05-27,2025-06-28
PO00462,S001,APEX COMPONENTS,P0047,Electronics,25,374.56,2025-12-02,2026-01-10
PO00463,S010,Jetstream Parts,P0026,Cables,250,83.49,2025-01-08,2025-02-14
PO00464,S010,Jetstream Parts,P0045,Cables,50,53.02,2025-05-22,2025-06-28
PO00465,S007,Gulf Precisio,P0065,Plastics,10,68.32,2025-10-14,2025-10-24
PO00466,S010,Jetstream Parts,P0033,Fasteners,500,423.93,2025-08-15,2025-09-21
PO00467,S008,Harbor Industrial,P0076,Fasteners,10,4.68,2025-09-04,2025-09-22
PO00468,S006,Frontier Plastics,P0053,Fasteners,50,164.42,2025-09-22,2025-09-28
PO00469,S006,Frontier Plastics,P0010,Electronics,250,156.46,2025-04-02,2025-04-08
PO00470,S004,Delta Fasteners,P0064,Fasteners,500,264.16,2025-04-13,2025-05-15
PO00471,S010,Jetstream Parts,P0046,Hydraulics,25,62.72,2025-02-24,2025-04-02
PO00472,S009,Island Circuits,P0006,Cables,100,243.02,2025-07-10,2025-07-29
PO00473,S009,Island Circuits,P0036,Electronics,100,61.3,2025-04-24,2025-05-13
PO00474,S009,Island Circuits,P0045,Cables,100,48.32,2025-12-18,2026-01-06
PO00475,S001,Apex Components,P0087,Hydraulics,25,351.03,2025-07-14,2025-08-22
PO00476,S005,Echo Cable Co,P0061,Electronics,250,37.89,2025-06-25,2025-07-02
PO00477,S007,Gulf Precision,P0036,Electronics,100,71.99,2025-04-03,2025-04-13
PO00478,S009,Island Circuits,P0056,Plastics,100,149.59,2025-04-11,2025-04-30
PO00479,S011,Keystone Hydraulics,P0067,Hydraulics,250,389.68,2025-06-11,2025-07-24
PO00480,S001,Apex Components,P0028,Hydraulics,50,57.05,2025-09-01,2025-10-10
PO00481,S005,Echo Cable Co,P0045,Cables,10,52.13,2025-07-30,2025-08-06
PO00482,S009,Island Circuits,P0023,Hydraulics,50,114.21,2025-07-01,2025-07-20
PO00483,S005,Echo Cable Co,P0060,Fasteners,500,378.9,2025-03-16,2025-03-23
PO00484,S002,Boreal Metals,P0011,Hydraulics,25,258.41,2025-06-25,2025-07-05
PO00485,S008,Harbor Industrial,P0100,Hydraulics,50,201.33,2025-10-28,2025-11-15
PO00486,S005,Echo Cable Co,P0096,Plastics,500,42.17,2025-02-10,2025-02-17
PO00487,S007,Gulf Precision,P0068,Plastics,10,296.87,2025-02-23,2025-03-05
PO00488,S005,Echo Cable Co,P0057,Electronics,500,52.0,2025-03-06,2025-03-13
PO00489,S011,Keystone Hydraulics,P0046,Hydraulics,50,73.02,2025-09-01,2025-10-14
PO00490,S012,Luna Optics,P0070,Hydraulics,25,428.41,2025-10-30,2025-11-05
PO00491,S009,Island Circuits,P0040,Hydraulics,50,236.18,2025-09-04,2025-09-23
PO00492,S001,Apex Components,P0001,Electronics,250,305.25,2025-03-11,2025-04-19
PO00493,S008,HARBOR INDUSTRIAL,P0097,Plastics,100,346.82,2025-06-03,2025-06-21
PO00494,S004,Delta Fasteners,P0053,Fasteners,250,148.2,2025-08-12,2025-09-13
PO00495,S002,Boreal Metals,P0055,Plastics,500,407.99,2025-05-03,2025-05-13
PO00496,S012,Luna Optics,P0069,Fasteners,50,275.38,2025-07-31,2025-08-06
PO00497,S005,Echo Cable Co,P0090,Cables,250,305.85,2025-09-09,2025-09-16
PO00498,S003,Caribe Electronics,P0092,Fasteners,100,211.16,2025-01-05,2025-02-16
PO00499,S008,Harbor Industrial,P0048,Cables,100,395.05,2025-12-23,2026-01-10
PO00500,S008,Harbor Industrial,P0024,Fasteners,25,407.69,2025-05-09,2025-05-27
PO00501,S008,Harbor Industrial,P0032,Plastics,500,176.58,2025-01-18,2025-02-05
PO00502,S011,Keystone Hydraulics,P0040,Hydraulics,50,203.75,2025-03-23,2025-05-05
PO00503,S005,Echo Cable Co,P0026,Cables,50,86.07,2025-01-27,2025-02-03
PO00504,S010,JETSTREAM PARTS,P0016,Fasteners,100,205.66,2025-05-05,2025-06-11
PO00505,S002,Boreal Metals,P0032,Plastics,25,172.83,2025-09-13,2025-09-23
PO00506,S012,Luna Optics,P0069,Fasteners,10,289.56,2025-03-06,2025-03-12
PO00507,S008,Harbor Industrial,P0094,Cables,25,190.16,2025-01-11,2025-01-29
PO00508,S005,Echo Cable Co,P0070,Hydraulics,500,393.02,2025-09-08,2025-09-15
PO00509,S010,Jetstream Parts,P0071,Cables,25,183.39,2025-02-05,2025-03-14
PO00510,S007,Gulf Precision,P0094,Cables,25,190.38,2025-01-10,2025-01-20
PO00511,S009,Island Circuits,P0050,Electronics,25,384.41,2025-09-26,2025-10-15
PO00512,S002,Boreal Metal,P0013,Cables,250,95.37,2025-12-04,2025-12-14
PO00513,S002,Boreal Metals,P0005,Plastics,250,383.32,2025-11-25,2025-12-05
PO00514,S004,DELTA FASTENERS,P0078,Electronics,500,390.31,2025-02-06,2025-03-10
PO00515,S006,Frontier Plastics,P0072,Plastics,500,201.47,2025-08-01,2025-08-07
PO00516,S002,Boreal Metals,P0039,Hydraulics,10,149.17,2025-04-21,2025-05-01
PO00517,S011,Keystone Hydraulics,P0032,Plastics,250,170.89,2025-11-17,2025-12-30
PO00518,S006,Frontier Plastics,P0087,Hydraulics,100,389.58,2025-12-26,2026-01-01
PO00519,S011,Keystone Hydraulics,P0021,Electronics,250,95.07,2025-11-04,2025-12-17
PO00520,S011,Keystone Hydraulics,P0056,Plastics,500,139.22,2025-06-15,2025-07-28
PO00521,S008,Harbor Industrial,P0058,Cables,100,403.29,2025-01-01,2025-01-19
PO00522,S001,Apex Components,P0039,Hydraulics,25,146.85,2025-04-20,2025-05-29
PO00523,S009,Island Circuits,P0072,Plastics,250,173.98,2025-10-20,2025-11-08
PO00524,S004,Delta Fasteners,P0030,Plastics,50,223.0,2025-06-03,2025-07-05
PO00525,S003,Caribe Electronics,P0063,Plastics,500,347.15,2025-12-26,2026-02-06
PO00526,S001,Apex Components,P0099,Fasteners,50,70.7,2025-06-28,2025-08-06
PO00527,S011,Keystone Hydraulics,P0078,Electronics,10,353.25,2025-11-21,2026-01-03
PO00528,S006,Frontier Plastics,P0065,Plastics,500,73.46,2025-04-24,2025-04-30
PO00529,S002,Boreal Metals,P0029,Fasteners,100,98.12,2025-05-29,2025-06-08
PO00530,S007,Gulf Precision,P0034,Fasteners,10,226.24,2025-07-24,2025-08-03
PO00531,S007,Gulf Precision,P0084,Hydraulics,250,89.4,2025-04-11,2025-04-21
PO00532,S010,Jetstream Parts,P0012,Cables,10,68.28,2025-12-10,2026-01-16
PO00533,S006,Frontier Plastics,P0079,Electronics,100,198.15,2025-11-16,2025-11-22
PO00534,S012,Luna Optics,P0011,Hydraulics,10,273.92,2025-01-28,2025-02-03
PO00535,S008,Harbor Industrial,P0003,Hydraulics,50,33.11,2025-04-18,2025-05-06
PO00536,S003,CARIBE ELECTRONICS,P0089,Electronics,500,27.86,2025-12-09,2026-01-20
PO00537,S004,Delta Fasteners ,P0090,Cables,250,346.6,2025-05-19,2025-06-20
PO00538,S007,Gulf Precision,P0085,Electronics,50,285.96,2025-12-06,2025-12-16
PO00539,S007,Gulf Precision,P0030,Plastics,100,210.0,2025-09-18,2025-09-28
PO00540,S009,ISLAND CIRCUITS,P0059,Cables,250,97.25,2025-12-31,2026-01-19
PO00541,S001,Apex Components,P0045,Cables,500,46.89,2025-06-30,2025-08-08
PO00542,S005,Echo Cable Co,P0050,Electronics,10,346.77,2025-10-12,2025-10-19
PO00543,S007,Gulf Precision,P0067,Hydraulics,500,419.5,2025-11-10,2025-11-20
PO00544,S010,Jetstream Parts,P0043,Electronics,100,295.32,2025-10-05,2025-11-11
PO00545,S005,Echo Cable Co,P0089,Electronics,500,27.06,2025-09-26,2025-10-03
PO00546,S003,Caribe Electronics,P0041,Plastics,10,376.94,2025-10-13,2025-11-24
PO00547,S007,Gulf Precision,P0053,Fasteners,50,168.06,2025-08-15,2025-08-25
PO00548,S002,Boreal Metals,P0017,Fasteners,25,71.88,2025-01-14,2025-01-24
PO00549,S004,Delta Fastener,P0088,Electronics,10,298.61,2025-07-03,2025-08-04
PO00550,S003,Caribe Electronics,P0050,Electronics,100,344.52,2025-08-31,2025-10-12
PO00551,S004,Delta Fasteners,P0096,Plastics,500,39.46,2025-04-14,2025-05-16
PO00552,S006,Frontier Plastics,P0059,Cables,25,93.25,2025-08-07,2025-08-13
PO00553,S012,Luna Optics,P0074,Cables,250,11.67,2025-10-02,2025-10-08
PO00554,S001,Apex Components,P0032,Plastics,250,176.58,2025-10-03,2025-11-11
PO00555,S004,Delta Fasteners,P0038,Hydraulics,100,264.44,2025-07-23,2025-08-24
PO00556,S001,Apex Components,P0089,Electronics,250,28.19,2025-03-14,2025-04-22
PO00557,S012,Luna Optics,P0070,Hydraulics,25,414.06,2025-07-21,2025-07-27
PO00558,S008,Harbor Industrial,P0012,Cables,50,75.51,2025-06-15,2025-07-03
PO00559,S012,Luna Optics,P0058,Cables,500,383.9,2025-07-05,2025-07-11
PO00560,S009,Island Circuits,P0049,Fasteners,10,216.94,2025-03-29,2025-04-17
PO00561,S012,Luna Optics,P0007,Electronics,100,22.34,2025-06-07,2025-06-13
PO00562,S004,DELTA FASTENERS,P0001,Electronics,250,306.91,2025-05-10,2025-06-11
PO00563,S004,Delta Fasteners,P0076,Fasteners,500,5.05,2025-09-01,2025-10-03
PO00564,S010,Jetstream Parts ,P0081,Fasteners,250,212.21,2025-04-17,2025-05-24
PO00565,S010,Jetstream Parts ,P0039,Hydraulics,50,159.02,2025-02-14,2025-03-23
PO00566,S012,Luna Optics,P0077,Electronics,250,96.94,2025-10-15,2025-10-21
PO00567,S007,Gulf Precisio,P0009,Electronics,100,357.54,2025-10-09,2025-10-19
PO00568,S004,Delta Fasteners ,P0090,Cables,25,341.25,2025-11-10,2025-12-12
PO00569,S012,Luna Optics,P0078,Electronics,500,385.27,2025-05-28,2025-06-03
PO00570,S003,Caribe Electronics,P0079,Electronics,250,222.41,2025-09-12,2025-10-24
PO00571,S005,ECHO CABLE CO,P0025,Plastics,10,377.13,2025-03-02,2025-03-09
PO00572,S007,Gulf Precision,P0006,Cables,50,249.75,2025-06-29,2025-07-09
PO00573,S004,Delta Fasteners,P0089,Electronics,50,26.42,2025-05-11,2025-06-12
PO00574,S006,Frontier Plastics,P0044,Plastics,100,287.56,2025-10-19,2025-10-25
PO00575,S008,Harbor Industrial,P0061,Electronics,10,35.41,2025-11-27,2025-12-15
PO00576,S007,Gulf Precision,P0096,Plastics,10,44.86,2025-09-24,2025-10-04
PO00577,S006,Frontier Plastics,P0009,Electronics,25,348.53,2025-05-24,2025-05-30
PO00578,S007,Gulf Precision,P0024,Fasteners,250,402.09,2025-03-01,2025-03-11
PO00579,S002,Boreal Metals,P0064,Fasteners,25,301.66,2025-07-10,2025-07-20
PO00580,S001,Apex Components,P0100,Hydraulics,25,184.87,2025-02-17,2025-03-28
PO00581,S008,Harbor Industrial,P0094,Cables,250,182.16,2025-06-08,2025-06-26
PO00582,S012,Luna Optics,P0005,Plastics,100,373.71,2025-07-18,2025-07-24
PO00583,S001,Apex Components,P0088,Electronics,250,304.52,2025-02-14,2025-03-25
PO00584,S011,Keystone Hydraulics,P0027,Hydraulics,50,160.31,2025-04-13,2025-05-26
PO00585,S003,Caribe Electronics,P0036,Electronics,10,66.72,2025-01-08,2025-02-19
PO00586,S003,Caribe Electronics,P0091,Electronics,50,97.36,2025-10-21,2025-12-02
PO00587,S001,Apex Components,P0061,Electronics,500,34.67,2025-01-26,2025-03-06
PO00588,S011,Keystone Hydraulics,P0089,Electronics,500,26.45,2025-08-17,2025-09-29
PO00589,S002,Boreal Metals,P0097,Plastics,100,372.42,2025-10-18,2025-10-28
PO00590,S012,Luna Optics,P0099,Fasteners,100,67.83,2025-08-29,2025-09-04
PO00591,S003,Caribe Electronics,P0090,Cables,500,361.19,2025-06-19,2025-07-31
PO00592,S008,Harbor Industrial,P0022,Electronics,50,314.5,2025-06-28,2025-07-16
PO00593,S011,Keystone Hydraulics,P0010,Electronics,50,163.73,2025-09-30,2025-11-12
PO00594,S007,Gulf Precision,P0009,Electronics,50,365.77,2025-04-17,2025-04-27
PO00595,S012,Luna Optics,P0031,Plastics,25,189.41,2025-12-06,2025-12-12
PO00596,S006,Frontier Plastics,P0072,Plastics,10,207.34,2025-08-16,2025-08-22
PO00597,S007,Gulf Precision,P0042,Electronics,100,264.05,2025-11-27,2025-12-07
PO00598,S001,Apex Components,P0097,Plastics,25,353.57,2025-12-05,2026-01-13
PO00599,S006,Frontier Plastics,P0039,Hydraulics,250,175.22,2025-12-14,2025-12-20
PO00600,S010,Jetstream Parts,P0066,Plastics,100,336.13,2025-03-07,2025-04-13
PO00601,S006,Frontier Plastics,P0015,Electronics,50,266.54,2025-01-16,2025-01-22
PO00602,S007,Gulf Precision,P0070,Hydraulics,25,389.24,2025-12-06,2025-12-16
PO00603,S011,Keystone Hydraulic,P0017,Fasteners,25,63.89,2025-01-06,2025-02-18
PO00604,S003,Caribe Electronics,P0011,Hydraulics,25,286.12,2025-11-25,2026-01-06
PO00605,S003,Caribe Electronics,P0059,Cables,250,101.19,2025-08-06,2025-09-17
PO00606,S012,Luna Optics,P0031,Plastics,500,195.86,2025-09-14,2025-09-20
PO00607,S012,Luna Optics,P0048,Cables,10,423.06,2025-10-25,2025-10-31
PO00608,S005,Echo Cable Co,P0060,Fasteners,250,376.76,2025-02-10,2025-02-17
PO00609,S002,Boreal Metals,P0088,Electronics,500,273.37,2025-10-04,2025-10-14
PO00610,S008,Harbor Industrial,P0074,Cables,500,11.84,2025-06-19,2025-07-07
PO00611,S010,Jetstream Parts,P0096,Plastics,50,44.08,2025-10-16,2025-11-22
PO00612,S010,Jetstream Parts,P0004,Cables,50,349.08,2025-09-06,2025-10-13
PO00613,S005,Echo Cable Co,P0033,Fasteners,10,451.61,2025-02-27,2025-03-06
PO00614,S005,Echo Cable Co,P0090,Cables,25,338.43,2025-09-06,2025-09-13
PO00615,S003,Caribe Electronics,P0064,Fasteners,100,274.64,2025-07-16,2025-08-27
PO00616,S001,Apex Components ,P0083,Fasteners,50,327.73,2025-03-01,2025-04-09
PO00617,S009,Island Circuits,P0030,Plastics,100,226.24,2025-12-16,2026-01-04
PO00618,S006,Frontier Plastics,P0068,Plastics,500,319.62,2025-01-22,2025-01-28
PO00619,S005,Echo Cable Co,P0043,Electronics,50,273.61,2025-05-17,2025-05-24
PO00620,S012,Luna Optics,P0087,Hydraulics,250,375.39,2025-04-10,2025-04-16
PO00621,S002,Boreal Metals,P0002,Plastics,100,56.18,2025-02-20,2025-03-02
PO00622,S001,Apex Components,P0080,Cables,10,290.06,2025-01-30,2025-03-10
PO00623,S002,Boreal Metals,P0012,Cables,250,73.6,2025-03-08,2025-03-18
PO00624,S005,Echo Cable Co,P0038,Hydraulics,100,257.98,2025-12-05,2025-12-12
PO00625,S011,Keystone Hydraulics,P0099,Fasteners,50,65.79,2025-05-12,2025-06-24
PO00626,S005,Echo Cable C,P0034,Fasteners,25,234.67,2025-08-14,2025-08-21
PO00627,S003,Caribe Electronics,P0070,Hydraulics,100,386.63,2025-04-22,2025-06-03
PO00628,S010,JETSTREAM PARTS,P0094,Cables,50,195.35,2025-08-17,2025-09-23
PO00629,S005,Echo Cable Co,P0020,Cables,500,359.37,2025-06-18,2025-06-25
PO00630,S012,Luna Optics,P0100,Hydraulics,10,198.78,2025-10-04,2025-10-10
PO00631,S006,Frontier Plastics,P0043,Electronics,500,294.22,2025-06-05,2025-06-11
PO00632,S006,Frontier Plastics,P0011,Hydraulics,100,251.26,2025-05-29,2025-06-04
PO00633,S007,Gulf Precision,P0014,Cables,500,272.03,2025-12-19,2025-12-29
PO00634,S010,Jetstream Part,P0031,Plastics,100,182.55,2025-07-19,2025-08-25
PO00635,S001,Apex Components,P0005,Plastics,50,387.8,2025-01-29,2025-03-09
PO00636,S008,Harbor Industrial,P0087,Hydraulics,250,344.63,2025-03-18,2025-04-05
PO00637,S008,Harbor Industrial,P0080,Cables,10,261.84,2025-05-05,2025-05-23
PO00638,S002,Boreal Metals,P0059,Cables,250,93.68,2025-03-29,2025-04-08
PO00639,S004,Delta Fasteners,P0009,Electronics,25,382.54,2025-08-07,2025-09-08
PO00640,S010,Jetstream Parts,P0070,Hydraulics,25,441.31,2025-06-14,2025-07-21
PO00641,S005,Echo Cable Co,P0019,Plastics,100,94.84,2025-03-28,2025-04-04
PO00642,S011,KEYSTONE HYDRAULICS,P0079,Electronics,100,216.42,2025-03-22,2025-05-04
PO00643,S003,Caribe Electronics,P0012,Cables,500,67.19,2025-11-30,2026-01-11
PO00644,S011,Keystone Hydraulics,P0035,Electronics,250,344.47,2025-08-19,2025-10-01
PO00645,S010,Jetstream Parts,P0012,Cables,500,63.46,2025-06-04,2025-07-11
PO00646,S010,Jetstream Parts,P0047,Electronics,250,421.33,2025-09-17,2025-10-24
PO00647,S011,Keystone Hydraulics,P0061,Electronics,100,40.95,2025-04-01,2025-05-14
PO00648,S006,Frontier Plastics,P0079,Electronics,100,198.47,2025-01-23,2025-01-29
PO00649,S002,Boreal Metals,P0010,Electronics,25,155.62,2025-08-16,2025-08-26
PO00650,S002,Boreal Metals,P0042,Electronics,25,281.62,2025-02-20,2025-03-02
PO00651,S007,Gulf Precision,P0019,Plastics,25,91.87,2025-11-09,2025-11-19
PO00652,S005,Echo Cable Co ,P0026,Cables,50,92.15,2025-03-07,2025-03-14
PO00653,S003,Caribe Electronics,P0098,Electronics,50,396.91,2025-04-23,2025-06-04
PO00654,S010,Jetstream Parts,P0071,Cables,25,185.95,2025-02-14,2025-03-23
PO00655,S005,Echo Cable Co,P0002,Plastics,500,51.65,2025-08-08,2025-08-15
PO00656,S003,Caribe Electronics,P0074,Cables,10,9.93,2025-08-02,2025-09-13
PO00657,S012,Luna Optics,P0013,Cables,100,90.65,2025-09-11,2025-09-17
PO00658,S012,Luna Optics,P0053,Fasteners,25,150.49,2025-03-09,2025-03-15
PO00659,S012,LUNA OPTICS,P0059,Cables,250,101.29,2025-10-26,2025-11-01
PO00660,S006,Frontier Plastics,P0081,Fasteners,100,243.06,2025-12-27,2026-01-02
PO00661,S007,Gulf Precision,P0097,Plastics,50,354.32,2025-12-24,2026-01-03
PO00662,S001,Apex Components,P0066,Plastics,500,339.52,2025-07-06,2025-08-14
PO00663,S009,Island Circuits,P0091,Electronics,10,100.06,2025-10-15,2025-11-03
PO00664,S012,Luna Optics,P0097,Plastics,250,367.88,2025-12-26,2026-01-01
PO00665,S007,Gulf Precision,P0036,Electronics,10,65.37,2025-02-02,2025-02-12
PO00666,S009,Island Circuits,P0038,Hydraulics,100,259.64,2025-11-14,2025-12-03
PO00667,S002,Boreal Metals,P0011,Hydraulics,100,291.04,2025-04-02,2025-04-12
PO00668,S003,CARIBE ELECTRONICS,P0027,Hydraulics,250,164.77,2025-11-18,2025-12-30
PO00669,S012,Luna Optics,P0083,Fasteners,10,299.95,2025-05-30,2025-06-05
PO00670,S006,Frontier Plastics,P0084,Hydraulics,500,84.25,2025-06-17,2025-06-23
PO00671,S003,Caribe Electronics,P0040,Hydraulics,25,217.77,2025-05-14,2025-06-25
PO00672,S003,Caribe Electronics,P0080,Cables,25,264.62,2025-12-31,2026-02-11
PO00673,S003,Caribe Electronics ,P0021,Electronics,25,94.4,2025-03-01,2025-04-12
PO00674,S012,Luna Optics,P0005,Plastics,500,347.18,2025-06-12,2025-06-18
PO00675,S001,Apex Components,P0052,Plastics,100,277.5,2025-03-16,2025-04-24
PO00676,S011,Keystone Hydraulics,P0091,Electronics,50,115.5,2025-08-31,2025-10-13
PO00677,S012,Luna Optics,P0057,Electronics,50,48.65,2025-12-19,2025-12-25
PO00678,S007,Gulf Precision,P0080,Cables,25,272.35,2025-08-17,2025-08-27
PO00679,S005,Echo Cable Co,P0026,Cables,10,90.02,2025-02-12,2025-02-19
PO00680,S008,Harbor Industrial,P0041,Plastics,250,331.22,2025-11-06,2025-11-24
PO00681,S006,Frontier Plastics,P0050,Electronics,50,355.53,2025-01-07,2025-01-13
PO00682,S007,Gulf Precision,P0057,Electronics,50,53.22,2025-03-25,2025-04-04
PO00683,S002,Boreal Metals,P0019,Plastics,25,100.45,2025-06-05,2025-06-15
PO00684,S007,Gulf Precision,P0012,Cables,10,67.05,2025-07-29,2025-08-08
PO00685,S003,Caribe Electronics,P0026,Cables,25,90.8,2025-07-15,2025-08-26
PO00686,S009,ISLAND CIRCUITS,P0095,Electronics,100,169.54,2025-04-25,2025-05-14
PO00687,S011,Keystone Hydraulics,P0086,Cables,50,192.99,2025-08-02,2025-09-14
PO00688,S002,Boreal Metals,P0077,Electronics,500,99.0,2025-07-05,2025-07-15
PO00689,S002,BOREAL METALS,P0048,Cables,250,389.55,2025-10-22,2025-11-01
PO00690,S003,Caribe Electronics,P0046,Hydraulics,25,67.15,2025-01-28,2025-03-11
PO00691,S002,Boreal Metals,P0066,Plastics,25,338.37,2025-11-18,2025-11-28
PO00692,S011,Keystone Hydraulics,P0039,Hydraulics,50,157.34,2025-12-17,2026-01-29
PO00693,S006,Frontier Plastics,P0100,Hydraulics,100,219.16,2025-07-30,2025-08-05
PO00694,S009,Island Circuits,P0079,Electronics,500,225.75,2025-09-27,2025-10-16
PO00695,S002,Boreal Metals,P0017,Fasteners,10,72.94,2025-09-03,2025-09-13
PO00696,S006,FRONTIER PLASTICS,P0023,Hydraulics,500,120.82,2025-06-05,2025-06-11
PO00697,S003,Caribe Electronics,P0027,Hydraulics,25,175.82,2025-02-10,2025-03-24
PO00698,S001,Apex Components,P0026,Cables,10,91.2,2025-01-17,2025-02-25
PO00699,S001,Apex Components,P0097,Plastics,10,331.75,2025-03-05,2025-04-13
PO00700,S012,Luna Optics,P0036,Electronics,250,70.43,2025-06-28,2025-07-04
PO00701,S002,Boreal Metals,P0075,Plastics,10,92.5,2025-09-28,2025-10-08
PO00702,S009,Island Circuits,P0091,Electronics,100,99.66,2025-07-07,2025-07-26
PO00703,S007,Gulf Precision,P0055,Plastics,25,357.48,2025-09-21,2025-10-01
PO00704,S008,Harbor Industrial,P0098,Electronics,50,405.69,2025-12-27,2026-01-14
PO00705,S010,Jetstream Parts,P0095,Electronics,50,185.29,2025-12-18,2026-01-24
PO00706,S002,Boreal Metals,P0061,Electronics,500,41.49,2025-07-08,2025-07-18
PO00707,S011,Keystone Hydraulics,P0011,Hydraulics,10,277.7,2025-03-15,2025-04-27
PO00708,S002,Boreal Metals,P0047,Electronics,25,426.96,2025-06-23,2025-07-03
PO00709,S005,Echo Cable Co,P0098,Electronics,500,408.23,2025-10-25,2025-11-01
PO00710,S007,Gulf Precision,P0063,Plastics,250,319.36,2025-05-23,2025-06-02
PO00711,S003,Caribe Electronics,P0004,Cables,10,348.58,2025-01-28,2025-03-11
PO00712,S003,Caribe Electronics,P0049,Fasteners,250,206.21,2025-12-14,2026-01-25
PO00713,S008,Harbor Industrial,P0060,Fasteners,25,368.34,2025-05-31,2025-06-18
PO00714,S001,Apex Components,P0098,Electronics,10,360.99,2025-08-09,2025-09-17
PO00715,S011,Keystone Hydraulics,P0100,Hydraulics,50,200.58,2025-12-28,2026-02-09
PO00716,S011,Keystone Hydraulics,P0071,Cables,500,184.33,2025-10-04,2025-11-16
PO00717,S007,Gulf Precision,P0079,Electronics,500,208.05,2025-06-30,2025-07-10
PO00718,S012,Luna Optics,P0075,Plastics,10,90.73,2025-11-17,2025-11-23
PO00719,S004,Delta Fasteners,P0032,Plastics,25,155.65,2025-11-28,2025-12-30
PO00720,S009,Island Circuits,P0042,Electronics,10,282.16,2025-08-24,2025-09-12
PO00721,S010,Jetstream Parts,P0003,Hydraulics,50,33.84,2025-07-13,2025-08-19
PO00722,S006,Frontier Plastics,P0064,Fasteners,250,283.89,2025-12-08,2025-12-14
PO00723,S002,Boreal Metals,P0069,Fasteners,25,288.45,2025-05-28,2025-06-07
PO00724,S012,Luna Optics,P0075,Plastics,10,90.17,2025-10-31,2025-11-06
PO00725,S002,Boreal Metals,P0084,Hydraulics,50,80.63,2025-09-16,2025-09-26
PO00726,S009,Island Circuits,P0059,Cables,500,92.8,2025-10-08,2025-10-27
PO00727,S012,Luna Optics,P0060,Fasteners,50,377.07,2025-11-23,2025-11-29
PO00728,S001,Apex Components,P0067,Hydraulics,25,385.08,2025-07-06,2025-08-14
PO00729,S002,Boreal Metals,P0082,Plastics,25,233.04,2025-07-31,2025-08-10
PO00730,S002,Boreal Metals,P0020,Cables,25,376.42,2025-01-15,2025-01-25
PO00731,S001,Apex Components,P0026,Cables,25,86.78,2025-05-20,2025-06-28
PO00732,S001,Apex Components ,P0093,Fasteners,100,191.88,2025-01-11,2025-02-19
PO00733,S007,Gulf Precision,P0047,Electronics,500,392.83,2025-12-03,2025-12-13
PO00734,S009,Island Circuits,P0016,Fasteners,250,244.62,2025-12-07,2025-12-26
PO00735,S010,Jetstream Parts,P0016,Fasteners,50,235.5,2025-06-18,2025-07-25
PO00736,S003,Caribe Electronics,P0014,Cables,25,291.98,2025-04-20,2025-06-01
PO00737,S002,Boreal Metals,P0041,Plastics,250,344.34,2025-08-05,2025-08-15
PO00738,S005,Echo Cable Co ,P0003,Hydraulics,500,36.63,2025-11-07,2025-11-14
PO00739,S004,Delta Fasteners,P0033,Fasteners,250,455.47,2025-07-16,2025-08-17
PO00740,S008,Harbor Industrial,P0050,Electronics,10,395.02,2025-07-21,2025-08-08
PO00741,S003,Caribe Electronics,P0057,Electronics,500,51.33,2025-06-12,2025-07-24
PO00742,S008,Harbor Industrial,P0061,Electronics,500,36.69,2025-07-31,2025-08-18
PO00743,S009,Island Circuits,P0009,Electronics,50,381.01,2025-08-04,2025-08-23
PO00744,S011,Keystone Hydraulics,P0083,Fasteners,25,338.86,2025-11-19,2026-01-01
PO00745,S004,Delta Fasteners,P0081,Fasteners,50,210.59,2025-06-10,2025-07-12
PO00746,S003,Caribe Electronics,P0077,Electronics,500,94.41,2025-07-30,2025-09-10
PO00747,S010,Jetstream Parts,P0042,Electronics,50,279.17,2025-04-12,2025-05-19
PO00748,S004,Delta Fasteners,P0003,Hydraulics,10,35.87,2025-10-13,2025-11-14
PO00749,S003,Caribe Electronics,P0007,Electronics,100,20.28,2025-11-13,2025-12-25
PO00750,S001,Apex Components,P0092,Fasteners,250,244.67,2025-08-11,2025-09-19
PO00751,S004,Delta Fasteners,P0035,Electronics,50,313.78,2025-09-11,2025-10-13
PO00752,S011,Keystone Hydraulics,P0025,Plastics,100,343.49,2025-04-03,2025-05-16
PO00753,S004,Delta Fasteners,P0048,Cables,250,376.04,2025-12-17,2026-01-18
PO00754,S004,Delta Fasteners,P0092,Fasteners,100,230.4,2025-12-29,2026-01-30
PO00755,S008,Harbor Industrial,P0046,Hydraulics,250,69.47,2025-12-10,2025-12-28
PO00756,S005,Echo Cable Co,P0051,Cables,500,380.26,2025-07-09,2025-07-16
PO00757,S006,Frontier Plastics,P0060,Fasteners,25,371.16,2025-02-15,2025-02-21
PO00758,S008,Harbor Industrial,P0036,Electronics,500,63.24,2025-07-04,2025-07-22
PO00759,S009,Island Circuits,P0041,Plastics,100,395.9,2025-03-26,2025-04-14
PO00760,S011,Keystone Hydraulics,P0057,Electronics,10,46.33,2025-04-07,2025-05-20
PO00761,S002,Boreal Metals,P0064,Fasteners,10,288.87,2025-08-15,2025-08-25
PO00762,S003,Caribe Electronics,P0016,Fasteners,50,216.05,2025-02-17,2025-03-31
PO00763,S011,Keystone Hydraulics,P0075,Plastics,25,88.99,2025-10-26,2025-12-08
PO00764,S011,Keystone Hydraulics,P0013,Cables,50,97.87,2025-01-14,2025-02-26
PO00765,S006,Frontier Plastics,P0020,Cables,10,368.35,2025-02-11,2025-02-17
PO00766,S001,Apex Components,P0043,Electronics,10,284.42,2025-12-02,2026-01-10
PO00767,S003,Caribe Electronics,P0028,Hydraulics,10,65.31,2025-11-26,2026-01-07
PO00768,S007,Gulf Precision,P0033,Fasteners,25,448.05,2025-05-03,2025-05-13
PO00769,S005,Echo Cable Co,P0083,Fasteners,500,329.42,2025-03-20,2025-03-27
PO00770,S006,Frontier Plastics,P0086,Cables,10,178.75,2025-07-08,2025-07-14
PO00771,S002,Boreal Metals,P0097,Plastics,100,347.07,2025-07-08,2025-07-18
PO00772,S011,Keystone Hydraulics,P0029,Fasteners,500,113.8,2025-12-18,2026-01-30
PO00773,S007,Gulf Precision,P0011,Hydraulics,100,248.77,2025-06-03,2025-06-13
PO00774,S001,Apex Components,P0071,Cables,10,185.55,2025-01-24,2025-03-04
PO00775,S005,Echo Cable Co,P0046,Hydraulics,50,68.24,2025-10-27,2025-11-03
PO00776,S007,Gulf Precision,P0006,Cables,10,234.0,2025-08-02,2025-08-12
PO00777,S005,Echo Cable Co,P0044,Plastics,25,330.76,2025-04-19,2025-04-26
PO00778,S001,Apex Components,P0051,Cables,10,352.29,2025-01-07,2025-02-15
PO00779,S008,Harbor Industrial,P0039,Hydraulics,250,166.92,2025-11-12,2025-11-30
PO00780,S003,Caribe Electronics,P0002,Plastics,25,56.29,2025-02-27,2025-04-10
PO00781,S011,Keystone Hydraulics,P0031,Plastics,100,182.48,2025-11-17,2025-12-30
PO00782,S002,Boreal Metals,P0022,Electronics,25,337.57,2025-12-26,2026-01-05
PO00783,S008,Harbor Industrial,P0075,Plastics,25,104.44,2025-04-14,2025-05-02
PO00784,S007,Gulf Precision,P0054,Fasteners,100,229.86,2025-10-24,2025-11-03
PO00785,S012,Luna Optics,P0079,Electronics,500,198.81,2025-09-07,2025-09-13
PO00786,S010,Jetstream Parts,P0041,Plastics,250,372.04,2025-02-02,2025-03-11
PO00787,S006,FRONTIER PLASTICS,P0058,Cables,500,354.4,2025-08-12,2025-08-18
PO00788,S010,Jetstream Parts,P0088,Electronics,50,295.12,2025-11-05,2025-12-12
PO00789,S007,Gulf Precision,P0087,Hydraulics,500,383.83,2025-07-04,2025-07-14
PO00790,S002,Boreal Metals,P0086,Cables,100,167.38,2025-03-08,2025-03-18
PO00791,S004,Delta Fasteners,P0027,Hydraulics,250,162.93,2025-01-25,2025-02-26
PO00792,S009,Island Circuits,P0005,Plastics,10,380.46,2025-06-22,2025-07-11
PO00793,S006,Frontier Plastics,P0099,Fasteners,10,66.84,2025-10-13,2025-10-19
PO00794,S001,Apex Components,P0057,Electronics,100,51.47,2025-02-26,2025-04-06
PO00795,S011,Keystone Hydraulics,P0016,Fasteners,25,216.4,2025-07-05,2025-08-17
PO00796,S003,Caribe Electronics,P0083,Fasteners,50,306.3,2025-06-21,2025-08-02
PO00797,S008,Harbor Industrial,P0044,Plastics,50,301.81,2025-09-16,2025-10-04
PO00798,S003,Caribe Electronics,P0097,Plastics,250,327.24,2025-08-04,2025-09-15
PO00799,S009,Island Circuits,P0088,Electronics,50,298.09,2025-01-16,2025-02-04
PO00800,S006,Frontier Plastic,P0052,Plastics,25,269.26,2025-08-11,2025-08-17
PO00801,S011,Keystone Hydraulics,P0092,Fasteners,500,222.74,2025-09-24,2025-11-06
PO00802,S012,Luna Optics,P0041,Plastics,50,389.4,2025-01-05,2025-01-11
PO00803,S004,Delta Fasteners,P0070,Hydraulics,250,433.69,2025-11-13,2025-12-15
PO00804,S005,Echo Cable Co,P0011,Hydraulics,10,279.23,2025-10-03,2025-10-10
PO00805,S004,Delta Fasteners,P0012,Cables,250,67.95,2025-10-10,2025-11-11
PO00806,S004,Delta Fasteners,P0100,Hydraulics,50,188.18,2025-08-05,2025-09-06
PO00807,S002,Boreal Metals,P0007,Electronics,500,21.55,2025-03-05,2025-03-15
PO00808,S006,Frontier Plastics,P0031,Plastics,500,194.75,2025-10-25,2025-10-31
PO00809,S005,Echo Cable Co,P0037,Fasteners,500,346.71,2025-10-21,2025-10-28
PO00810,S004,Delta Fasteners,P0100,Hydraulics,50,211.45,2025-08-21,2025-09-22
PO00811,S008,Harbor Industrial,P0028,Hydraulics,100,62.11,2025-02-09,2025-02-27
PO00812,S010,Jetstream Parts,P0064,Fasteners,500,287.81,2025-08-05,2025-09-11
PO00813,S003,Caribe Electronics,P0065,Plastics,25,66.09,2025-09-06,2025-10-18
PO00814,S008,Harbor Industrial,P0005,Plastics,500,362.87,2025-03-22,2025-04-09
PO00815,S006,Frontier Plastics,P0074,Cables,50,10.1,2025-01-21,2025-01-27
PO00816,S003,Caribe Electronics ,P0019,Plastics,250,100.93,2025-08-04,2025-09-15
PO00817,S001,Apex Component,P0016,Fasteners,250,205.78,2025-06-28,2025-08-06
PO00818,S007,Gulf Precision,P0061,Electronics,500,35.29,2025-11-07,2025-11-17
PO00819,S002,Boreal Metals,P0080,Cables,500,267.33,2025-11-16,2025-11-26
PO00820,S012,Luna Optics,P0036,Electronics,500,68.58,2025-02-15,2025-02-21
PO00821,S011,Keystone Hydraulics,P0072,Plastics,10,192.29,2025-04-09,2025-05-22
PO00822,S009,Island Circuits,P0003,Hydraulics,10,32.89,2025-12-04,2025-12-23
PO00823,S004,Delta Fasteners,P0032,Plastics,500,178.89,2025-10-24,2025-11-25
PO00824,S001,Apex Components,P0044,Plastics,100,337.53,2025-04-03,2025-05-12
PO00825,S005,Echo Cable Co,P0019,Plastics,25,87.7,2025-05-11,2025-05-18
PO00826,S006,Frontier Plastics,P0024,Fasteners,10,354.38,2025-01-30,2025-02-05
PO00827,S002,Boreal Metals,P0007,Electronics,25,21.6,2025-05-03,2025-05-13
PO00828,S001,Apex Components,P0041,Plastics,100,360.73,2025-10-11,2025-11-19
PO00829,S010,Jetstream Parts,P0087,Hydraulics,10,373.58,2025-05-07,2025-06-13
PO00830,S011,Keystone Hydraulics,P0065,Plastics,25,77.68,2025-03-14,2025-04-26
PO00831,S009,Island Circuits,P0058,Cables,10,401.75,2025-01-01,2025-01-20
PO00832,S008,Harbor Industrial,P0035,Electronics,250,310.68,2025-05-09,2025-05-27
PO00833,S005,Echo Cable Co,P0006,Cables,25,234.14,2025-10-01,2025-10-08
PO00834,S005,Echo Cable Co,P0056,Plastics,25,145.47,2025-11-09,2025-11-16
PO00835,S012,Luna Optics,P0058,Cables,50,356.77,2025-05-06,2025-05-12
PO00836,S003,Caribe Electronics,P0083,Fasteners,10,355.23,2025-11-08,2025-12-20
PO00837,S008,Harbor Industrial,P0098,Electronics,100,417.15,2025-10-03,2025-10-21
PO00838,S002,Boreal Metals,P0046,Hydraulics,100,64.0,2025-11-04,2025-11-14
PO00839,S006,Frontier Plastics,P0025,Plastics,100,334.64,2025-01-05,2025-01-11
PO00840,S010,Jetstream Parts,P0081,Fasteners,50,227.18,2025-04-24,2025-05-31
PO00841,S010,Jetstream Parts,P0027,Hydraulics,10,171.85,2025-04-11,2025-05-18
PO00842,S009,Island Circuits,P0025,Plastics,500,375.55,2025-10-17,2025-11-05
PO00843,S005,Echo Cable Co,P0073,Fasteners,25,91.87,2025-09-25,2025-10-02
PO00844,S009,Island Circuits,P0079,Electronics,50,215.06,2025-12-15,2026-01-03
PO00845,S006,Frontier Plastics,P0056,Plastics,100,138.04,2025-05-21,2025-05-27
PO00846,S004,Delta Fasteners,P0007,Electronics,50,20.51,2025-08-04,2025-09-05
PO00847,S012,Luna Optics,P0029,Fasteners,500,113.52,2025-08-05,2025-08-11
PO00848,S002,Boreal Metals,P0004,Cables,100,354.85,2025-08-10,2025-08-20
PO00849,S008,Harbor Industrial,P0031,Plastics,50,181.82,2025-01-28,2025-02-15
PO00850,S002,Boreal Metals,P0081,Fasteners,100,248.01,2025-10-24,2025-11-03
PO00851,S002,Boreal Metals ,P0017,Fasteners,10,71.87,2025-08-15,2025-08-25
PO00852,S005,Echo Cable Co,P0049,Fasteners,100,210.64,2025-02-19,2025-02-26
PO00853,S008,Harbor Industrial,P0055,Plastics,250,397.03,2025-11-14,2025-12-02
PO00854,S004,Delta Fasteners,P0014,Cables,10,271.05,2025-01-07,2025-02-08
PO00855,S009,Island Circuits,P0033,Fasteners,50,428.53,2025-08-04,2025-08-23
PO00856,S005,Echo Cable Co,P0075,Plastics,100,103.03,2025-09-20,2025-09-27
PO00857,S005,Echo Cable Co,P0078,Electronics,50,327.48,2025-05-30,2025-06-06
PO00858,S009,Island Circuits,P0007,Electronics,100,20.04,2025-06-26,2025-07-15
PO00859,S012,Luna Optics,P0089,Electronics,100,29.26,2025-11-04,2025-11-10
PO00860,S003,Caribe Electronics,P0014,Cables,100,319.01,2025-01-22,2025-03-05
PO00861,S004,Delta Fasteners,P0062,Hydraulics,500,335.01,2025-06-19,2025-07-21
PO00862,S001,Apex Components,P0072,Plastics,10,179.67,2025-03-14,2025-04-22
PO00863,S005,Echo Cable Co,P0023,Hydraulics,25,110.51,2025-05-15,2025-05-22
PO00864,S005,Echo Cable Co,P0013,Cables,10,92.29,2025-12-13,2025-12-20
PO00865,S004,Delta Fasteners,P0048,Cables,50,410.34,2025-12-05,2026-01-06
PO00866,S002,Boreal Metals,P0016,Fasteners,25,212.09,2025-03-08,2025-03-18
PO00867,S011,Keystone Hydraulics,P0032,Plastics,10,180.42,2025-11-12,2025-12-25
PO00868,S003,Caribe Electronics,P0066,Plastics,250,337.45,2025-09-08,2025-10-20
PO00869,S007,Gulf Precision,P0097,Plastics,500,352.74,2025-09-18,2025-09-28
PO00870,S012,Luna Optics,P0064,Fasteners,100,285.12,2025-05-18,2025-05-24
PO00871,S008,Harbor Industrial,P0031,Plastics,100,194.56,2025-04-22,2025-05-10
PO00872,S002,Boreal Metals,P0038,Hydraulics,100,255.36,2025-09-23,2025-10-03
PO00873,S007,Gulf Precision,P0053,Fasteners,50,154.81,2025-09-12,2025-09-22
PO00874,S005,Echo Cable Co,P0065,Plastics,250,74.98,2025-10-07,2025-10-14
PO00875,S009,Island Circuits,P0026,Cables,50,86.63,2025-04-11,2025-04-30
PO00876,S010,Jetstream Parts,P0018,Hydraulics,500,104.15,2025-10-06,2025-11-12
PO00877,S007,Gulf Precision,P0075,Plastics,500,98.51,2025-01-07,2025-01-17
PO00878,S012,Luna Optics,P0096,Plastics,25,43.73,2025-08-31,2025-09-06
PO00879,S002,Boreal Metals,P0041,Plastics,25,375.46,2025-08-08,2025-08-18
PO00880,S003,Caribe Electronics,P0074,Cables,25,9.87,2025-06-06,2025-07-18
PO00881,S011,Keystone Hydraulics,P0097,Plastics,100,339.83,2025-12-20,2026-02-01
PO00882,S001,Apex Components,P0018,Hydraulics,25,121.46,2025-06-19,2025-07-28
PO00883,S004,Delta Fasteners,P0051,Cables,10,352.13,2025-10-01,2025-11-02
PO00884,S003,Caribe Electronics,P0014,Cables,500,313.75,2025-10-11,2025-11-22
PO00885,S007,Gulf Precision,P0037,Fasteners,25,334.66,2025-04-30,2025-05-10
PO00886,S007,Gulf Precision,P0051,Cables,25,348.33,2025-02-26,2025-03-08
PO00887,S003,Caribe Electronics,P0027,Hydraulics,50,172.69,2025-08-10,2025-09-21
PO00888,S009,Island Circuits,P0092,Fasteners,500,204.99,2025-08-23,2025-09-11
PO00889,S004,Delta Fasteners,P0068,Plastics,50,315.32,2025-10-19,2025-11-20
PO00890,S008,Harbor Industrial,P0045,Cables,500,47.71,2025-12-31,2026-01-18
PO00891,S010,Jetstream Parts,P0094,Cables,100,201.36,2025-08-23,2025-09-29
PO00892,S004,Delta Fasteners,P0021,Electronics,50,100.92,2025-11-18,2025-12-20
PO00893,S008,Harbor Industrial,P0053,Fasteners,250,145.59,2025-03-04,2025-03-22
PO00894,S004,DELTA FASTENERS,P0065,Plastics,10,72.99,2025-08-25,2025-09-26
PO00895,S004,Delta Fasteners,P0051,Cables,10,367.92,2025-01-06,2025-02-07
PO00896,S002,Boreal Metals,P0011,Hydraulics,250,290.7,2025-12-03,2025-12-13
PO00897,S001,Apex Components,P0078,Electronics,10,363.72,2025-04-01,2025-05-10
PO00898,S008,Harbor Industrial,P0046,Hydraulics,25,73.3,2025-04-21,2025-05-09
PO00899,S009,Island Circuits,P0083,Fasteners,500,323.12,2025-12-04,2025-12-23
PO00900,S004,Delta Fasteners,P0032,Plastics,50,153.43,2025-05-03,2025-06-04
PO00901,S001,Apex Components,P0044,Plastics,25,299.08,2025-12-15,2026-01-23
PO00902,S007,Gulf Precision,P0066,Plastics,10,375.55,2025-06-17,2025-06-27
PO00903,S004,Delta Fasteners,P0028,Hydraulics,10,56.09,2025-07-02,2025-08-03
PO00904,S002,Boreal Metals,P0085,Electronics,50,253.39,2025-11-29,2025-12-09
PO00905,S002,Boreal Metals,P0092,Fasteners,250,245.99,2025-10-19,2025-10-29
PO00906,S012,Luna Optics,P0018,Hydraulics,50,123.32,2025-03-31,2025-04-06
PO00907,S010,Jetstream Parts,P0075,Plastics,100,102.8,2025-07-15,2025-08-21
PO00908,S010,Jetstream Parts,P0098,Electronics,10,383.92,2025-06-08,2025-07-15
PO00909,S004,Delta Fasteners,P0020,Cables,100,336.65,2025-04-15,2025-05-17
PO00910,S005,Echo Cable Co,P0041,Plastics,500,394.73,2025-01-21,2025-01-28
PO00911,S012,Luna Optics,P0043,Electronics,50,262.61,2025-05-05,2025-05-11
PO00912,S004,Delta Fasteners,P0078,Electronics,100,357.37,2025-09-24,2025-10-26
PO00913,S008,Harbor Industrial,P0009,Electronics,25,334.99,2025-01-27,2025-02-14
PO00914,S004,Delta Fasteners,P0031,Plastics,250,180.01,2025-02-10,2025-03-14
PO00915,S004,Delta Fasteners,P0039,Hydraulics,50,165.75,2025-10-23,2025-11-24
PO00916,S003,Caribe Electronics,P0061,Electronics,100,39.59,2025-08-05,2025-09-16
PO00917,S002,Boreal Metals,P0098,Electronics,50,393.14,2025-11-01,2025-11-11
PO00918,S007,Gulf Precisio,P0072,Plastics,250,177.57,2025-09-04,2025-09-14
PO00919,S012,Luna Optics,P0093,Fasteners,50,175.54,2025-09-09,2025-09-15
PO00920,S011,Keystone Hydraulics,P0076,Fasteners,10,5.58,2025-07-29,2025-09-10
PO00921,S005,Echo Cable Co,P0099,Fasteners,500,71.44,2025-06-28,2025-07-05
PO00922,S012,Luna Optics ,P0032,Plastics,25,179.09,2025-09-02,2025-09-08
PO00923,S005,Echo Cable Co,P0078,Electronics,100,343.95,2025-12-15,2025-12-22
PO00924,S011,Keystone Hydraulics,P0092,Fasteners,100,246.64,2025-07-23,2025-09-04
PO00925,S012,Luna Optics,P0039,Hydraulics,250,157.97,2025-09-30,2025-10-06
PO00926,S002,Boreal Metals,P0014,Cables,500,286.63,2025-10-21,2025-10-31
PO00927,S012,Luna Optics,P0040,Hydraulics,10,202.03,2025-03-28,2025-04-03
PO00928,S005,Echo Cable Co,P0094,Cables,100,183.76,2025-03-29,2025-04-05
PO00929,S008,Harbor Industrial,P0073,Fasteners,25,100.57,2025-04-06,2025-04-24
PO00930,S007,Gulf Precision,P0057,Electronics,500,50.12,2025-11-16,2025-11-26
PO00931,S006,Frontier Plastics,P0004,Cables,250,360.18,2025-05-01,2025-05-07
PO00932,S011,Keystone Hydraulics,P0075,Plastics,10,103.73,2025-02-19,2025-04-03
PO00933,S008,Harbor Industrial,P0061,Electronics,50,36.96,2025-11-06,2025-11-24
PO00934,S011,Keystone Hydraulics ,P0052,Plastics,100,249.55,2025-11-09,2025-12-22
PO00935,S003,Caribe Electronics,P0004,Cables,250,334.06,2025-03-04,2025-04-15
PO00936,S011,Keystone Hydraulics,P0061,Electronics,250,34.31,2025-07-31,2025-09-12
PO00937,S012,Luna Optics,P0042,Electronics,500,285.54,2025-08-16,2025-08-22
PO00938,S008,Harbor Industrial,P0085,Electronics,500,266.6,2025-02-21,2025-03-11
PO00939,S012,Luna Optics,P0065,Plastics,10,65.51,2025-03-07,2025-03-13
PO00940,S008,Harbor Industrial,P0015,Electronics,100,244.11,2025-12-06,2025-12-24
PO00941,S012,Luna Optics,P0004,Cables,25,366.39,2025-06-17,2025-06-23
PO00942,S011,Keystone Hydraulics,P0016,Fasteners,500,231.05,2025-03-11,2025-04-23
PO00943,S010,Jetstream Parts,P0009,Electronics,500,374.43,2025-06-25,2025-08-01
PO00944,S007,Gulf Precision,P0030,Plastics,25,209.48,2025-05-13,2025-05-23
PO00945,S002,Boreal Metals,P0074,Cables,50,11.83,2025-03-07,2025-03-17
PO00946,S004,Delta Fasteners,P0050,Electronics,100,386.63,2025-06-13,2025-07-15
PO00947,S004,Delta Fasteners,P0014,Cables,100,293.17,2025-01-05,2025-02-06
PO00948,S008,Harbor Industrial,P0019,Plastics,250,96.84,2025-05-26,2025-06-13
PO00949,S012,Luna Optics,P0016,Fasteners,50,230.95,2025-12-28,2026-01-03
PO00950,S006,Frontier Plastics,P0020,Cables,500,383.65,2025-04-18,2025-04-24
PO00951,S012,Luna Optics,P0051,Cables,50,330.86,2025-12-04,2025-12-10
PO00952,S007,Gulf Precision,P0044,Plastics,100,306.77,2025-12-14,2025-12-24
PO00953,S012,Luna Optics,P0025,Plastics,500,342.43,2025-10-08,2025-10-14
PO00954,S012,Luna Optics,P0039,Hydraulics,100,150.42,2025-12-02,2025-12-08
PO00955,S012,LUNA OPTICS,P0026,Cables,500,94.88,2025-11-30,2025-12-06
PO00956,S007,Gulf Precision,P0055,Plastics,500,356.24,2025-03-28,2025-04-07
PO00957,S006,Frontier Plastics,P0076,Fasteners,100,5.01,2025-03-18,2025-03-24
PO00958,S010,Jetstream Parts,P0023,Hydraulics,500,124.65,2025-07-12,2025-08-18
PO00959,S011,Keystone Hydraulics,P0049,Fasteners,50,208.85,2025-11-20,2026-01-02
PO00960,S009,Island Circuits,P0029,Fasteners,10,106.62,2025-10-28,2025-11-16
PO00961,S008,Harbor Industrial,P0083,Fasteners,500,306.44,2025-08-11,2025-08-29
PO00962,S003,Caribe Electronics,P0052,Plastics,500,272.1,2025-01-11,2025-02-22
PO00963,S010,Jetstream Parts,P0069,Fasteners,500,314.5,2025-11-30,2026-01-06
PO00964,S003,Caribe Electronics,P0001,Electronics,250,285.0,2025-08-17,2025-09-28
PO00965,S005,Echo Cable Co,P0097,Plastics,10,351.89,2025-02-13,2025-02-20
PO00966,S011,Keystone Hydraulics ,P0001,Electronics,25,333.12,2025-06-03,2025-07-16
PO00967,S010,Jetstream Parts,P0063,Plastics,500,351.96,2025-06-10,2025-07-17
PO00968,S011,Keystone Hydraulics,P0006,Cables,25,234.09,2025-01-19,2025-03-03
PO00969,S003,Caribe Electronic,P0094,Cables,250,186.31,2025-08-05,2025-09-16
PO00970,S005,Echo Cable Co,P0087,Hydraulics,100,342.61,2025-12-22,2025-12-29
PO00971,S004,Delta Fasteners,P0092,Fasteners,50,240.02,2025-10-16,2025-11-17
PO00972,S007,Gulf Precision,P0049,Fasteners,10,204.88,2025-11-06,2025-11-16
PO00973,S006,Frontier Plastics,P0043,Electronics,50,272.0,2025-03-16,2025-03-22
PO00974,S007,Gulf Precision,P0029,Fasteners,100,97.63,2025-02-23,2025-03-05
PO00975,S002,Boreal Metals,P0068,Plastics,50,304.54,2025-12-25,2026-01-04
PO00976,S007,Gulf Precision,P0024,Fasteners,50,386.02,2025-12-14,2025-12-24
PO00977,S009,Island Circuits,P0092,Fasteners,25,220.99,2025-12-03,2025-12-22
PO00978,S006,Frontier Plastics,P0091,Electronics,25,110.19,2025-12-14,2025-12-20
PO00979,S005,Echo Cable Co,P0055,Plastics,250,412.25,2025-04-28,2025-05-05
PO00980,S011,Keystone Hydraulics,P0011,Hydraulics,10,250.67,2025-05-03,2025-06-15
PO00981,S001,Apex Components,P0055,Plastics,500,359.21,2025-09-18,2025-10-27
PO00982,S012,Luna Optics,P0016,Fasteners,100,242.95,2025-01-08,2025-01-14
PO00983,S006,Frontier Plastics,P0032,Plastics,500,179.42,2025-12-05,2025-12-11
PO00984,S008,Harbor Industrial,P0022,Electronics,500,317.56,2025-09-26,2025-10-14
PO00985,S007,Gulf Precision,P0064,Fasteners,100,257.34,2025-03-29,2025-04-08
PO00986,S002,Boreal Metals,P0038,Hydraulics,50,237.6,2025-09-05,2025-09-15
PO00987,S011,Keystone Hydraulics,P0066,Plastics,10,391.02,2025-08-26,2025-10-08
PO00988,S006,Frontier Plastics,P0014,Cables,10,277.73,2025-06-29,2025-07-05
PO00989,S009,Island Circuits,P0066,Plastics,25,365.81,2025-07-30,2025-08-18
PO00990,S006,Frontier Plastics,P0039,Hydraulics,50,162.7,2025-08-08,2025-08-14
PO00991,S003,CARIBE ELECTRONICS,P0046,Hydraulics,500,73.18,2025-08-11,2025-09-22
PO00992,S007,Gulf Precision,P0054,Fasteners,500,212.78,2025-06-19,2025-06-29
PO00993,S002,Boreal Metals,P0054,Fasteners,100,235.38,2025-10-09,2025-10-19
PO00994,S007,Gulf Precision,P0017,Fasteners,10,65.37,2025-02-25,2025-03-07
PO00995,S011,Keystone Hydraulics,P0044,Plastics,100,311.94,2025-11-02,2025-12-15
PO00996,S009,Island Circuits,P0024,Fasteners,25,410.32,2025-05-24,2025-06-12
PO00997,S008,Harbor Industrial,P0091,Electronics,10,108.26,2025-12-25,2026-01-12
PO00998,S002,Boreal Metals,P0017,Fasteners,100,66.25,2025-01-20,2025-01-30
PO00999,S001,Apex Components,P0049,Fasteners,100,219.7,2025-09-26,2025-11-04
PO01000,S007,Gulf Precision,P0083,Fasteners,10,321.42,2025-06-05,2025-06-15
PO01001,S001,Apex Components ,P0024,Fasteners,10,401.59,2025-01-01,2025-02-09
PO01002,S007,Gulf Precision,P0024,Fasteners,50,369.4,2025-09-09,2025-09-19
PO01003,S003,Caribe Electronics,P0043,Electronics,50,291.85,2025-07-05,2025-08-16
PO01004,S007,Gulf Precision,P0012,Cables,10,71.44,2025-03-08,2025-03-18
PO01005,S008,Harbor Industrial,P0013,Cables,10,86.26,2025-10-07,2025-10-25
PO01006,S003,Caribe Electronics,P0025,Plastics,100,395.8,2025-10-09,2025-11-20
PO01007,S008,Harbor Industrial,P0081,Fasteners,500,208.72,2025-03-02,2025-03-20
PO01008,S005,Echo Cable Co ,P0090,Cables,25,340.92,2025-05-29,2025-06-05
PO01009,S008,Harbor Industrial,P0088,Electronics,250,265.44,2025-09-20,2025-10-08
PO01010,S010,JETSTREAM PARTS,P0035,Electronics,25,322.29,2025-04-05,2025-05-12
PO01011,S008,Harbor Industrial,P0065,Plastics,500,75.88,2025-09-26,2025-10-14
PO01012,S001,Apex Components ,P0069,Fasteners,25,279.93,2025-05-30,2025-07-08
PO01013,S011,Keystone Hydraulics,P0032,Plastics,25,173.79,2025-10-01,2025-11-13
PO01014,S009,Island Circuits,P0034,Fasteners,500,219.6,2025-03-10,2025-03-29
PO01015,S012,Luna Optics,P0036,Electronics,25,66.44,2025-05-12,2025-05-18
PO01016,S007,Gulf Precision,P0084,Hydraulics,50,82.46,2025-11-17,2025-11-27
PO01017,S011,Keystone Hydraulics,P0097,Plastics,100,366.86,2025-03-21,2025-05-03
PO01018,S003,Caribe Electronics,P0023,Hydraulics,25,118.97,2025-10-19,2025-11-30
PO01019,S007,Gulf Precisio,P0088,Electronics,250,260.39,2025-04-07,2025-04-17
PO01020,S012,Luna Optics,P0097,Plastics,10,343.71,2025-11-05,2025-11-11
PO01021,S001,Apex Components,P0017,Fasteners,25,76.26,2025-02-12,2025-03-23
PO01022,S012,Luna Optics,P0044,Plastics,500,314.71,2025-02-13,2025-02-19
PO01023,S008,Harbor Industrial,P0020,Cables,25,338.64,2025-01-29,2025-02-16
PO01024,S005,Echo Cable Co,P0014,Cables,250,318.58,2025-08-01,2025-08-08
PO01025,S007,Gulf Precision,P0050,Electronics,25,346.79,2025-06-30,2025-07-10
PO01026,S002,Boreal Metals,P0063,Plastics,25,350.15,2025-02-26,2025-03-08
PO01027,S002,Boreal Metals,P0006,Cables,250,244.79,2025-03-19,2025-03-29
PO01028,S011,Keystone Hydraulics,P0039,Hydraulics,250,149.38,2025-05-27,2025-07-09
PO01029,S012,Luna Optics,P0010,Electronics,10,150.12,2025-03-18,2025-03-24
PO01030,S008,Harbor Industrial,P0009,Electronics,10,375.07,2025-10-23,2025-11-10
PO01031,S007,Gulf Precision,P0046,Hydraulics,50,70.71,2025-09-11,2025-09-21
PO01032,S011,Keystone Hydraulics,P0032,Plastics,100,170.26,2025-08-03,2025-09-15
PO01033,S010,Jetstream Parts,P0092,Fasteners,100,234.55,2025-09-27,2025-11-03
PO01034,S001,Apex Components,P0047,Electronics,250,432.83,2025-08-31,2025-10-09
PO01035,S003,Caribe Electronics,P0038,Hydraulics,100,253.8,2025-03-15,2025-04-26
PO01036,S001,Apex Components,P0096,Plastics,25,44.69,2025-03-02,2025-04-10
PO01037,S001,Apex Components,P0090,Cables,10,335.19,2025-12-06,2026-01-14
PO01038,S004,Delta Fasteners,P0010,Electronics,10,158.39,2025-10-19,2025-11-20
PO01039,S012,Luna Optics,P0039,Hydraulics,100,159.85,2025-07-30,2025-08-05
PO01040,S011,Keystone Hydraulics,P0005,Plastics,250,337.46,2025-03-30,2025-05-12
PO01041,S012,Luna Optics,P0034,Fasteners,250,203.86,2025-09-14,2025-09-20
PO01042,S003,Caribe Electronics,P0096,Plastics,25,40.72,2025-07-25,2025-09-05
PO01043,S002,Boreal Metals,P0089,Electronics,100,28.17,2025-09-02,2025-09-12
PO01044,S004,Delta Fastener,P0035,Electronics,10,324.19,2025-02-23,2025-03-27
PO01045,S002,BOREAL METALS,P0009,Electronics,25,387.6,2025-11-02,2025-11-12
PO01046,S005,Echo Cable Co ,P0011,Hydraulics,250,292.56,2025-10-17,2025-10-24
PO01047,S001,Apex Components,P0046,Hydraulics,50,65.79,2025-07-23,2025-08-31
PO01048,S002,Boreal Metals,P0043,Electronics,100,303.79,2025-09-15,2025-09-25
PO01049,S001,Apex Components,P0038,Hydraulics,25,231.17,2025-03-19,2025-04-27
PO01050,S011,Keystone Hydraulics,P0084,Hydraulics,25,81.69,2025-03-24,2025-05-06
PO01051,S006,Frontier Plastics,P0058,Cables,25,378.0,2025-06-23,2025-06-29
PO01052,S007,Gulf Precision,P0031,Plastics,25,196.95,2025-11-09,2025-11-19
PO01053,S009,Island Circuits,P0012,Cables,100,65.67,2025-02-18,2025-03-09
PO01054,S002,Boreal Metals,P0010,Electronics,25,153.53,2025-12-30,2026-01-09
PO01055,S003,Caribe Electronics ,P0016,Fasteners,250,240.73,2025-09-07,2025-10-19
PO01056,S006,Frontier Plastics,P0066,Plastics,250,379.42,2025-06-10,2025-06-16
PO01057,S001,Apex Components,P0080,Cables,500,267.97,2025-01-30,2025-03-10
PO01058,S007,Gulf Precision,P0021,Electronics,250,92.66,2025-07-24,2025-08-03
PO01059,S009,Island Circuits,P0060,Fasteners,10,341.49,2025-02-13,2025-03-04
PO01060,S006,Frontier Plastics,P0009,Electronics,50,358.6,2025-06-25,2025-07-01
PO01061,S009,Island Circuits,P0020,Cables,100,342.2,2025-03-16,2025-04-04
PO01062,S006,Frontier Plastics ,P0056,Plastics,100,147.2,2025-04-20,2025-04-26
PO01063,S003,Caribe Electronics,P0011,Hydraulics,25,246.42,2025-02-05,2025-03-19
PO01064,S011,Keystone Hydraulics,P0034,Fasteners,25,231.48,2025-01-28,2025-03-12
PO01065,S007,Gulf Precision,P0062,Hydraulics,100,320.94,2025-10-02,2025-10-12
PO01066,S001,Apex Component,P0072,Plastics,250,196.88,2025-04-12,2025-05-21
PO01067,S012,LUNA OPTICS,P0096,Plastics,500,46.27,2025-06-12,2025-06-18
PO01068,S011,Keystone Hydraulics,P0053,Fasteners,50,173.09,2025-09-24,2025-11-06
PO01069,S010,Jetstream Parts,P0013,Cables,10,84.32,2025-04-22,2025-05-29
PO01070,S004,Delta Fasteners,P0025,Plastics,500,359.23,2025-10-23,2025-11-24
PO01071,S002,Boreal Metals,P0090,Cables,100,331.16,2025-11-29,2025-12-09
PO01072,S006,Frontier Plastics,P0015,Electronics,25,240.86,2025-08-23,2025-08-29
PO01073,S011,Keystone Hydraulics,P0089,Electronics,500,28.48,2025-08-12,2025-09-24
PO01074,S002,Boreal Metals,P0012,Cables,500,68.89,2025-01-09,2025-01-19
PO01075,S008,Harbor Industrial,P0065,Plastics,250,75.87,2025-01-17,2025-02-04
PO01076,S008,Harbor Industrial,P0016,Fasteners,50,239.07,2025-08-26,2025-09-13
PO01077,S004,Delta Fasteners,P0065,Plastics,50,67.92,2025-05-18,2025-06-19
PO01078,S001,Apex Components,P0002,Plastics,10,57.79,2025-03-20,2025-04-28
PO01079,S010,Jetstream Parts,P0056,Plastics,25,129.51,2025-10-12,2025-11-18
PO01080,S003,Caribe Electronics,P0082,Plastics,100,234.48,2025-03-30,2025-05-11
PO01081,S011,Keystone Hydraulics,P0074,Cables,100,11.59,2025-11-18,2025-12-31
PO01082,S011,KEYSTONE HYDRAULICS,P0099,Fasteners,250,74.43,2025-03-20,2025-05-02
PO01083,S008,Harbor Industrial,P0082,Plastics,500,249.95,2025-07-03,2025-07-21
PO01084,S007,Gulf Precision ,P0099,Fasteners,50,65.91,2025-12-04,2025-12-14
PO01085,S002,Boreal Metals,P0015,Electronics,100,239.14,2025-11-02,2025-11-12
PO01086,S004,Delta Fasteners,P0051,Cables,10,348.02,2025-09-09,2025-10-11
PO01087,S006,Frontier Plastics,P0082,Plastics,100,220.23,2025-03-24,2025-03-30
PO01088,S002,Boreal Metals,P0044,Plastics,50,321.91,2025-09-05,2025-09-15
PO01089,S009,Island Circuits,P0095,Electronics,50,170.51,2025-03-04,2025-03-23
PO01090,S009,Island Circuits,P0098,Electronics,25,360.67,2025-04-21,2025-05-10
PO01091,S012,Luna Optics,P0017,Fasteners,50,76.46,2025-05-21,2025-05-27
PO01092,S008,Harbor Industrial,P0056,Plastics,250,131.01,2025-07-24,2025-08-11
PO01093,S010,Jetstream Parts,P0099,Fasteners,250,67.59,2025-06-09,2025-07-16
PO01094,S012,Luna Optics,P0035,Electronics,50,310.86,2025-11-15,2025-11-21
PO01095,S002,Boreal Metals,P0058,Cables,25,351.95,2025-01-18,2025-01-28
PO01096,S009,Island Circuits,P0046,Hydraulics,100,72.21,2025-01-16,2025-02-04
PO01097,S011,Keystone Hydraulics,P0048,Cables,50,378.88,2025-03-16,2025-04-28
PO01098,S006,Frontier Plastics,P0030,Plastics,250,231.74,2025-02-03,2025-02-09
PO01099,S011,Keystone Hydraulics,P0010,Electronics,250,168.81,2025-11-27,2026-01-09
PO01100,S001,Apex Components,P0036,Electronics,100,61.84,2025-03-03,2025-04-11
PO01101,S010,Jetstream Parts,P0001,Electronics,100,334.36,2025-05-26,2025-07-02
PO01102,S002,Boreal Metals,P0061,Electronics,10,36.27,2025-08-01,2025-08-11
PO01103,S001,Apex Components,P0051,Cables,50,353.38,2025-12-23,2026-01-31
PO01104,S002,Boreal Metals,P0004,Cables,25,324.71,2025-01-25,2025-02-04
PO01105,S002,Boreal Metals,P0025,Plastics,500,370.96,2025-07-08,2025-07-18
PO01106,S012,Luna Optics,P0007,Electronics,50,23.06,2025-01-23,2025-01-29
PO01107,S007,Gulf Precision,P0035,Electronics,500,322.99,2025-03-29,2025-04-08
PO01108,S007,Gulf Precision,P0082,Plastics,100,244.17,2025-12-09,2025-12-19
PO01109,S012,Luna Optics,P0062,Hydraulics,25,329.8,2025-02-17,2025-02-23
PO01110,S011,Keystone Hydraulic,P0095,Electronics,25,204.12,2025-12-22,2026-02-03
PO01111,S007,Gulf Precision,P0025,Plastics,100,390.36,2025-02-23,2025-03-05
PO01112,S005,Echo Cable Co,P0091,Electronics,100,106.11,2025-12-02,2025-12-09
PO01113,S008,Harbor Industrial,P0080,Cables,250,264.92,2025-04-14,2025-05-02
PO01114,S010,Jetstream Parts,P0083,Fasteners,10,305.3,2025-03-17,2025-04-23
PO01115,S001,Apex Components,P0061,Electronics,500,36.2,2025-09-29,2025-11-07
PO01116,S007,Gulf Precision,P0065,Plastics,100,70.31,2025-09-18,2025-09-28
PO01117,S007,Gulf Precision,P0025,Plastics,50,374.93,2025-04-07,2025-04-17
PO01118,S004,Delta Fasteners ,P0015,Electronics,25,233.95,2025-02-28,2025-04-01
PO01119,S010,Jetstream Parts,P0090,Cables,500,311.1,2025-07-27,2025-09-02
PO01120,S004,Delta Fasteners,P0045,Cables,500,46.75,2025-05-28,2025-06-29
PO01121,S003,Caribe Electronics,P0065,Plastics,500,68.47,2025-11-15,2025-12-27
PO01122,S003,Caribe Electronics,P0024,Fasteners,50,348.09,2025-08-22,2025-10-03
PO01123,S003,Caribe Electronics,P0087,Hydraulics,10,361.29,2025-11-01,2025-12-13
PO01124,S004,Delta Fasteners,P0061,Electronics,10,38.38,2025-01-24,2025-02-25
PO01125,S003,Caribe Electronics,P0100,Hydraulics,10,212.4,2025-02-21,2025-04-04
PO01126,S011,Keystone Hydraulics,P0063,Plastics,50,342.25,2025-07-06,2025-08-18
PO01127,S010,Jetstream Parts,P0062,Hydraulics,10,358.03,2025-05-19,2025-06-25
PO01128,S007,Gulf Precision,P0029,Fasteners,500,95.77,2025-03-14,2025-03-24
PO01129,S012,Luna Optics,P0012,Cables,25,76.29,2025-07-13,2025-07-19
PO01130,S009,Island Circuits,P0023,Hydraulics,50,110.32,2025-12-14,2026-01-02
PO01131,S006,Frontier Plastics,P0079,Electronics,10,219.72,2025-08-10,2025-08-16
PO01132,S008,Harbor Industrial,P0088,Electronics,25,284.75,2025-08-27,2025-09-14
PO01133,S005,Echo Cable Co,P0009,Electronics,50,340.18,2025-01-08,2025-01-15
PO01134,S001,Apex Components,P0007,Electronics,50,20.37,2025-03-12,2025-04-20
PO01135,S002,Boreal Metals,P0092,Fasteners,50,213.14,2025-03-15,2025-03-25
PO01136,S006,Frontier Plastics,P0032,Plastics,500,165.76,2025-11-23,2025-11-29
PO01137,S003,Caribe Electronics,P0073,Fasteners,100,101.57,2025-12-14,2026-01-25
PO01138,S004,Delta Fasteners,P0039,Hydraulics,50,174.72,2025-02-13,2025-03-17
PO01139,S007,Gulf Precision,P0013,Cables,25,86.46,2025-09-27,2025-10-07
PO01140,S008,HARBOR INDUSTRIAL,P0054,Fasteners,100,230.06,2025-08-25,2025-09-12
PO01141,S005,Echo Cable Co,P0032,Plastics,250,172.9,2025-09-20,2025-09-27
PO01142,S011,Keystone Hydraulics,P0001,Electronics,100,280.99,2025-09-23,2025-11-05
PO01143,S005,Echo Cable Co,P0073,Fasteners,100,87.97,2025-12-20,2025-12-27
PO01144,S012,Luna Optics,P0027,Hydraulics,250,182.34,2025-03-15,2025-03-21
PO01145,S011,Keystone Hydraulics,P0040,Hydraulics,500,228.48,2025-01-04,2025-02-16
PO01146,S009,Island Circuits,P0013,Cables,25,81.53,2025-04-15,2025-05-04
PO01147,S008,Harbor Industrial,P0024,Fasteners,25,391.94,2025-10-07,2025-10-25
PO01148,S011,Keystone Hydraulics,P0003,Hydraulics,25,36.08,2025-03-14,2025-04-26
PO01149,S005,Echo Cable Co,P0086,Cables,10,184.83,2025-10-29,2025-11-05
PO01150,S007,Gulf Precision,P0019,Plastics,10,95.03,2025-05-26,2025-06-05
PO01151,S005,Echo Cable Co,P0005,Plastics,500,380.63,2025-11-30,2025-12-07
PO01152,S012,Luna Optics,P0059,Cables,50,99.4,2025-01-05,2025-01-11
PO01153,S009,Island Circuits,P0050,Electronics,250,341.6,2025-02-02,2025-02-21
PO01154,S003,Caribe Electronics,P0036,Electronics,500,60.55,2025-06-05,2025-07-17
PO01155,S011,Keystone Hydraulics,P0024,Fasteners,250,403.83,2025-12-29,2026-02-10
PO01156,S010,Jetstream Parts,P0045,Cables,250,44.71,2025-11-13,2025-12-20
PO01157,S012,Luna Optics,P0021,Electronics,25,97.81,2025-02-19,2025-02-25
PO01158,S012,Luna Optics,P0031,Plastics,10,177.15,2025-03-31,2025-04-06
PO01159,S012,Luna Optics,P0010,Electronics,100,171.4,2025-07-11,2025-07-17
PO01160,S003,Caribe Electronics,P0082,Plastics,250,231.45,2025-10-12,2025-11-23
PO01161,S007,Gulf Precision,P0068,Plastics,25,325.54,2025-02-14,2025-02-24
PO01162,S006,Frontier Plastics,P0100,Hydraulics,100,186.69,2025-10-18,2025-10-24
PO01163,S009,Island Circuits,P0064,Fasteners,25,276.42,2025-04-17,2025-05-06
PO01164,S002,Boreal Metals,P0057,Electronics,100,44.85,2025-11-17,2025-11-27
PO01165,S004,Delta Fasteners,P0007,Electronics,250,20.13,2025-10-04,2025-11-05
PO01166,S003,Caribe Electronics,P0037,Fasteners,10,355.52,2025-10-01,2025-11-12
PO01167,S009,Island Circuits,P0090,Cables,10,363.44,2025-10-26,2025-11-14
PO01168,S006,Frontier Plastics,P0098,Electronics,10,412.71,2025-03-13,2025-03-19
PO01169,S008,Harbor Industrial,P0010,Electronics,250,169.1,2025-11-09,2025-11-27
PO01170,S010,Jetstream Parts,P0011,Hydraulics,250,256.05,2025-09-03,2025-10-10
PO01171,S006,Frontier Plastics,P0056,Plastics,100,147.42,2025-06-05,2025-06-11
PO01172,S007,Gulf Precision,P0088,Electronics,500,259.32,2025-01-10,2025-01-20
PO01173,S009,Island Circuits,P0018,Hydraulics,10,117.44,2025-08-13,2025-09-01
PO01174,S001,Apex Components,P0031,Plastics,25,171.73,2025-02-17,2025-03-28
PO01175,S001,Apex Component,P0093,Fasteners,25,165.72,2025-01-30,2025-03-10
PO01176,S004,Delta Fasteners,P0038,Hydraulics,25,258.88,2025-11-07,2025-12-09
PO01177,S008,Harbor Industrial,P0091,Electronics,500,113.26,2025-07-02,2025-07-20
PO01178,S005,Echo Cable Co,P0084,Hydraulics,25,78.85,2025-09-27,2025-10-04
PO01179,S010,Jetstream Parts,P0063,Plastics,50,299.87,2025-02-10,2025-03-19
PO01180,S002,Boreal Metals ,P0048,Cables,500,387.65,2025-03-14,2025-03-24
PO01181,S005,Echo Cable Co,P0036,Electronics,250,71.82,2025-07-16,2025-07-23
PO01182,S008,Harbor Industrial,P0006,Cables,25,250.79,2025-04-16,2025-05-04
PO01183,S006,Frontier Plastics,P0004,Cables,250,375.77,2025-06-22,2025-06-28
PO01184,S012,Luna Optics,P0080,Cables,100,304.66,2025-08-07,2025-08-13
PO01185,S011,Keystone Hydraulics,P0037,Fasteners,250,347.02,2025-08-26,2025-10-08
PO01186,S012,Luna Optics,P0031,Plastics,25,187.45,2025-01-08,2025-01-14
PO01187,S010,Jetstream Parts,P0051,Cables,10,338.24,2025-11-12,2025-12-19
PO01188,S002,Boreal Metals,P0040,Hydraulics,250,213.21,2025-12-05,2025-12-15
PO01189,S006,Frontier Plastics,P0062,Hydraulics,500,314.27,2025-10-12,2025-10-18
PO01190,S002,Boreal Metals,P0057,Electronics,25,46.76,2025-05-13,2025-05-23
PO01191,S010,Jetstream Parts,P0084,Hydraulics,10,74.49,2025-04-30,2025-06-06
PO01192,S001,APEX COMPONENTS,P0092,Fasteners,50,241.07,2025-05-12,2025-06-20
PO01193,S006,Frontier Plastics,P0014,Cables,10,296.01,2025-09-17,2025-09-23
PO01194,S011,Keystone Hydraulics,P0054,Fasteners,10,218.1,2025-11-25,2026-01-07
PO01195,S010,Jetstream Parts,P0047,Electronics,50,391.14,2025-07-28,2025-09-03
PO01196,S001,APEX COMPONENTS,P0038,Hydraulics,25,256.56,2025-10-30,2025-12-08
PO01197,S010,Jetstream Parts,P0092,Fasteners,50,229.77,2025-04-21,2025-05-28
PO01198,S002,Boreal Metals,P0010,Electronics,25,163.24,2025-10-17,2025-10-27
PO01199,S009,Island Circuits,P0007,Electronics,250,21.33,2025-08-30,2025-09-18
PO01200,S004,Delta Fasteners,P0043,Electronics,25,276.86,2025-07-05,2025-08-06
PO01201,S007,Gulf Precision,P0047,Electronics,10,368.37,2025-06-30,2025-07-10
PO01202,S007,Gulf Precision,P0030,Plastics,250,216.29,2025-03-06,2025-03-16
PO01203,S005,Echo Cable Co,P0044,Plastics,50,311.14,2025-03-02,2025-03-09
PO01204,S004,Delta Fasteners,P0024,Fasteners,100,377.75,2025-01-08,2025-02-09
PO01205,S003,Caribe Electronics,P0005,Plastics,100,406.86,2025-01-13,2025-02-24
PO01206,S006,Frontier Plastics,P0017,Fasteners,100,73.22,2025-12-23,2025-12-29
PO01207,S012,Luna Optics,P0006,Cables,10,262.42,2025-07-01,2025-07-07
PO01208,S008,Harbor Industrial,P0090,Cables,25,342.42,2025-04-04,2025-04-22
PO01209,S006,Frontier Plastics,P0087,Hydraulics,500,358.85,2025-08-21,2025-08-27
PO01210,S004,Delta Fasteners ,P0039,Hydraulics,100,162.12,2025-06-24,2025-07-26
PO01211,S006,Frontier Plastics,P0050,Electronics,50,333.97,2025-04-02,2025-04-08
PO01212,S010,Jetstream Parts,P0079,Electronics,50,203.14,2025-02-20,2025-03-29
PO01213,S005,Echo Cable Co,P0034,Fasteners,250,221.85,2025-02-24,2025-03-03
PO01214,S003,Caribe Electronics,P0004,Cables,250,351.35,2025-01-21,2025-03-04
PO01215,S006,Frontier Plastics,P0027,Hydraulics,50,165.67,2025-10-20,2025-10-26
PO01216,S012,Luna Optics,P0016,Fasteners,100,207.59,2025-08-10,2025-08-16
PO01217,S006,Frontier Plastics,P0011,Hydraulics,500,258.93,2025-04-24,2025-04-30
PO01218,S011,Keystone Hydraulics,P0100,Hydraulics,10,218.45,2025-12-28,2026-02-09
PO01219,S006,Frontier Plastics,P0025,Plastics,250,377.18,2025-12-05,2025-12-11
PO01220,S004,Delta Fasteners,P0087,Hydraulics,25,362.03,2025-05-16,2025-06-17
PO01221,S002,BOREAL METALS,P0067,Hydraulics,500,371.72,2025-04-20,2025-04-30
PO01222,S012,Luna Optics,P0034,Fasteners,250,204.16,2025-07-14,2025-07-20
PO01223,S005,Echo Cable Co,P0030,Plastics,50,240.19,2025-12-09,2025-12-16
PO01224,S004,Delta Fasteners,P0015,Electronics,50,248.12,2025-08-03,2025-09-04
PO01225,S011,Keystone Hydraulics,P0015,Electronics,50,238.47,2025-12-23,2026-02-04
PO01226,S001,Apex Components,P0038,Hydraulics,50,268.14,2025-09-17,2025-10-26
PO01227,S006,Frontier Plastics,P0053,Fasteners,100,151.14,2025-08-15,2025-08-21
PO01228,S001,Apex Components,P0040,Hydraulics,100,239.19,2025-07-29,2025-09-06
PO01229,S010,Jetstream Parts,P0043,Electronics,25,311.6,2025-11-06,2025-12-13
PO01230,S007,Gulf Precision,P0012,Cables,500,73.64,2025-06-20,2025-06-30
PO01231,S004,Delta Fasteners,P0021,Electronics,250,92.77,2025-07-22,2025-08-23
PO01232,S012,Luna Optics,P0032,Plastics,10,177.22,2025-01-19,2025-01-25
PO01233,S003,Caribe Electronics,P0037,Fasteners,50,350.4,2025-01-13,2025-02-24
PO01234,S007,Gulf Precision,P0084,Hydraulics,100,87.53,2025-03-09,2025-03-19
PO01235,S009,Island Circuits,P0078,Electronics,25,381.48,2025-02-18,2025-03-09
PO01236,S007,Gulf Precision,P0066,Plastics,500,363.82,2025-01-12,2025-01-22
PO01237,S007,Gulf Precision,P0012,Cables,25,69.85,2025-07-28,2025-08-07
PO01238,S008,Harbor Industrial,P0094,Cables,100,203.42,2025-07-10,2025-07-28
PO01239,S004,Delta Fasteners,P0058,Cables,50,379.36,2025-09-02,2025-10-04
PO01240,S003,Caribe Electronics,P0027,Hydraulics,100,155.99,2025-10-31,2025-12-12
PO01241,S004,Delta Fasteners,P0008,Fasteners,100,340.06,2025-05-10,2025-06-11
PO01242,S007,Gulf Precision,P0001,Electronics,50,310.7,2025-12-20,2025-12-30
PO01243,S006,Frontier Plastics,P0060,Fasteners,500,394.23,2025-09-05,2025-09-11
PO01244,S002,Boreal Metals,P0049,Fasteners,25,224.39,2025-01-07,2025-01-17
PO01245,S007,Gulf Precision,P0064,Fasteners,25,277.13,2025-11-17,2025-11-27
PO01246,S005,Echo Cable Co,P0093,Fasteners,500,182.32,2025-05-19,2025-05-26
PO01247,S011,Keystone Hydraulics,P0027,Hydraulics,250,159.5,2025-07-10,2025-08-22
PO01248,S003,CARIBE ELECTRONICS,P0022,Electronics,250,333.13,2025-08-31,2025-10-12
PO01249,S004,Delta Fasteners,P0089,Electronics,10,25.31,2025-10-03,2025-11-04
PO01250,S009,ISLAND CIRCUITS,P0029,Fasteners,50,99.01,2025-11-18,2025-12-07
PO01251,S010,Jetstream Parts,P0099,Fasteners,100,73.53,2025-05-11,2025-06-17
PO01252,S005,Echo Cable Co,P0023,Hydraulics,50,120.43,2025-10-16,2025-10-23
PO01253,S010,Jetstream Parts,P0078,Electronics,50,359.51,2025-11-12,2025-12-19
PO01254,S010,Jetstream Parts,P0019,Plastics,25,84.94,2025-03-26,2025-05-02
PO01255,S007,Gulf Precision,P0086,Cables,100,187.98,2025-06-17,2025-06-27
PO01256,S008,Harbor Industrial,P0046,Hydraulics,50,62.72,2025-09-25,2025-10-13
PO01257,S005,Echo Cable Co,P0092,Fasteners,25,225.79,2025-08-12,2025-08-19
PO01258,S011,Keystone Hydraulics,P0045,Cables,25,52.02,2025-01-13,2025-02-25
PO01259,S004,Delta Fasteners,P0049,Fasteners,50,234.48,2025-04-02,2025-05-04
PO01260,S002,Boreal Metals,P0048,Cables,50,416.55,2025-09-15,2025-09-25
PO01261,S012,Luna Optics,P0091,Electronics,50,115.53,2025-05-21,2025-05-27
PO01262,S011,Keystone Hydraulics,P0059,Cables,100,109.46,2025-03-30,2025-05-12
PO01263,S012,Luna Optics,P0020,Cables,500,329.47,2025-04-01,2025-04-07
PO01264,S006,Frontier Plastics,P0013,Cables,250,84.43,2025-05-23,2025-05-29
PO01265,S006,Frontier Plastics,P0091,Electronics,25,103.32,2025-10-28,2025-11-03
PO01266,S011,Keystone Hydraulics,P0052,Plastics,100,235.33,2025-12-08,2026-01-20
PO01267,S003,Caribe Electronics,P0057,Electronics,10,50.6,2025-05-22,2025-07-03
PO01268,S001,Apex Components,P0040,Hydraulics,50,216.48,2025-10-15,2025-11-23
PO01269,S002,Boreal Metals,P0024,Fasteners,500,390.36,2025-02-14,2025-02-24
PO01270,S006,Frontier Plastics,P0059,Cables,10,105.69,2025-05-07,2025-05-13
PO01271,S005,Echo Cable Co,P0007,Electronics,100,20.36,2025-12-28,2026-01-04
PO01272,S004,Delta Fasteners,P0023,Hydraulics,50,108.88,2025-05-13,2025-06-14
PO01273,S009,Island Circuits,P0058,Cables,500,336.73,2025-12-18,2026-01-06
PO01274,S012,Luna Optics,P0056,Plastics,50,145.32,2025-11-27,2025-12-03
PO01275,S012,Luna Optics,P0035,Electronics,10,303.3,2025-09-20,2025-09-26
PO01276,S011,Keystone Hydraulics,P0024,Fasteners,100,370.76,2025-03-13,2025-04-25
PO01277,S011,Keystone Hydraulics,P0046,Hydraulics,10,66.05,2025-03-23,2025-05-05
PO01278,S003,Caribe Electronics,P0060,Fasteners,250,364.74,2025-04-06,2025-05-18
PO01279,S007,Gulf Precision,P0061,Electronics,25,38.62,2025-05-10,2025-05-20
PO01280,S004,Delta Fasteners,P0098,Electronics,250,409.54,2025-02-25,2025-03-29
PO01281,S003,Caribe Electronics,P0039,Hydraulics,250,152.29,2025-12-24,2026-02-04
PO01282,S001,Apex Components,P0012,Cables,50,69.53,2025-03-14,2025-04-22
PO01283,S003,Caribe Electronics,P0039,Hydraulics,50,172.58,2025-02-11,2025-03-25
PO01284,S006,Frontier Plastics,P0001,Electronics,100,305.34,2025-03-23,2025-03-29
PO01285,S007,Gulf Precision,P0060,Fasteners,500,340.61,2025-05-05,2025-05-15
PO01286,S005,Echo Cable Co,P0087,Hydraulics,500,365.46,2025-08-06,2025-08-13
PO01287,S004,Delta Fasteners,P0078,Electronics,25,350.31,2025-05-01,2025-06-02
PO01288,S002,Boreal Metals,P0083,Fasteners,25,301.35,2025-03-12,2025-03-22
PO01289,S007,Gulf Precision,P0020,Cables,50,376.02,2025-06-09,2025-06-19
PO01290,S009,Island Circuits,P0014,Cables,100,308.48,2025-02-12,2025-03-03
PO01291,S010,Jetstream Parts,P0065,Plastics,100,70.92,2025-12-18,2026-01-24
PO01292,S007,Gulf Precision,P0034,Fasteners,500,227.61,2025-11-21,2025-12-01
PO01293,S006,Frontier Plastics,P0069,Fasteners,50,327.51,2025-02-27,2025-03-05
PO01294,S001,Apex Components,P0044,Plastics,500,316.79,2025-10-30,2025-12-08
PO01295,S001,Apex Components,P0016,Fasteners,100,242.02,2025-08-24,2025-10-02
PO01296,S001,Apex Components,P0070,Hydraulics,50,411.37,2025-04-02,2025-05-11
PO01297,S006,Frontier Plastics,P0094,Cables,10,186.08,2025-09-30,2025-10-06
PO01298,S008,Harbor Industrial,P0056,Plastics,50,142.51,2025-06-26,2025-07-14
PO01299,S001,Apex Components ,P0010,Electronics,50,164.31,2025-07-10,2025-08-18
PO01300,S002,Boreal Metals,P0044,Plastics,500,287.15,2025-06-04,2025-06-14
PO01301,S002,Boreal Metals,P0056,Plastics,10,150.53,2025-04-09,2025-04-19
PO01302,S001,Apex Components,P0048,Cables,250,442.11,2025-08-31,2025-10-09
PO01303,S011,Keystone Hydraulics,P0006,Cables,250,251.64,2025-07-24,2025-09-05
PO01304,S011,Keystone Hydraulics,P0017,Fasteners,50,74.27,2025-05-17,2025-06-29
PO01305,S002,Boreal Metals,P0079,Electronics,50,215.34,2025-12-31,2026-01-10
PO01306,S009,Island Circuits,P0002,Plastics,50,57.6,2025-06-24,2025-07-13
PO01307,S003,Caribe Electronics,P0087,Hydraulics,100,374.21,2025-05-11,2025-06-22
PO01308,S006,Frontier Plastics,P0011,Hydraulics,25,257.13,2025-09-29,2025-10-05
PO01309,S010,Jetstream Parts,P0022,Electronics,250,333.07,2025-06-30,2025-08-06
PO01310,S004,Delta Fasteners,P0049,Fasteners,250,232.58,2025-03-09,2025-04-10
PO01311,S010,Jetstream Parts,P0038,Hydraulics,25,274.53,2025-03-23,2025-04-29
PO01312,S007,Gulf Precision,P0077,Electronics,50,100.2,2025-06-13,2025-06-23
PO01313,S006,Frontier Plastics,P0065,Plastics,250,75.97,2025-09-30,2025-10-06
PO01314,S003,CARIBE ELECTRONICS,P0023,Hydraulics,100,121.15,2025-05-28,2025-07-09
PO01315,S007,Gulf Precision,P0075,Plastics,500,96.59,2025-08-03,2025-08-13
PO01316,S009,Island Circuits,P0011,Hydraulics,250,290.47,2025-10-20,2025-11-08
PO01317,S011,Keystone Hydraulics,P0012,Cables,50,75.2,2025-01-12,2025-02-24
PO01318,S008,Harbor Industrial,P0048,Cables,500,442.24,2025-05-03,2025-05-21
PO01319,S001,Apex Components,P0027,Hydraulics,250,173.29,2025-08-25,2025-10-03
PO01320,S009,Island Circuits,P0083,Fasteners,10,353.38,2025-11-06,2025-11-25
PO01321,S001,Apex Components,P0096,Plastics,10,46.03,2025-12-16,2026-01-24
PO01322,S012,Luna Optics,P0069,Fasteners,10,301.99,2025-11-07,2025-11-13
PO01323,S008,Harbor Industrial,P0093,Fasteners,10,189.56,2025-05-30,2025-06-17
PO01324,S009,Island Circuits,P0081,Fasteners,500,211.16,2025-08-14,2025-09-02
PO01325,S002,Boreal Metals,P0093,Fasteners,25,172.96,2025-07-07,2025-07-17
PO01326,S011,Keystone Hydraulics,P0089,Electronics,10,27.38,2025-08-23,2025-10-05
PO01327,S006,Frontier Plastics,P0058,Cables,500,375.96,2025-05-13,2025-05-19
PO01328,S006,Frontier Plastics,P0073,Fasteners,50,99.95,2025-05-30,2025-06-05
PO01329,S005,Echo Cable Co,P0020,Cables,500,361.58,2025-12-22,2025-12-29
PO01330,S004,Delta Fasteners,P0075,Plastics,50,93.77,2025-03-17,2025-04-18
PO01331,S008,Harbor Industrial,P0080,Cables,25,286.34,2025-06-26,2025-07-14
PO01332,S008,Harbor Industrial,P0083,Fasteners,25,328.99,2025-09-26,2025-10-14
PO01333,S005,Echo Cable Co,P0027,Hydraulics,25,176.3,2025-03-18,2025-03-25
PO01334,S010,Jetstream Parts,P0082,Plastics,10,254.06,2025-09-26,2025-11-02
PO01335,S006,Frontier Plastics,P0065,Plastics,10,71.58,2025-05-19,2025-05-25
PO01336,S010,Jetstream Parts,P0067,Hydraulics,25,423.59,2025-05-06,2025-06-12
PO01337,S012,Luna Optics,P0059,Cables,25,97.61,2025-01-21,2025-01-27
PO01338,S002,Boreal Metal,P0017,Fasteners,250,66.73,2025-06-05,2025-06-15
PO01339,S001,Apex Components,P0041,Plastics,500,335.38,2025-02-07,2025-03-18
PO01340,S008,Harbor Industrial,P0039,Hydraulics,250,172.69,2025-01-05,2025-01-23
PO01341,S011,Keystone Hydraulics,P0079,Electronics,100,213.13,2025-01-01,2025-02-13
PO01342,S009,Island Circuits,P0037,Fasteners,500,335.15,2025-06-03,2025-06-22
PO01343,S008,HARBOR INDUSTRIAL,P0015,Electronics,25,275.88,2025-09-07,2025-09-25
PO01344,S007,Gulf Precision,P0087,Hydraulics,50,359.17,2025-02-18,2025-02-28
PO01345,S002,Boreal Metals,P0098,Electronics,25,374.8,2025-04-20,2025-04-30
PO01346,S010,Jetstream Parts,P0027,Hydraulics,250,156.47,2025-12-11,2026-01-17
PO01347,S003,Caribe Electronics,P0042,Electronics,250,302.14,2025-08-31,2025-10-12
PO01348,S005,Echo Cable Co,P0048,Cables,25,396.89,2025-06-06,2025-06-13
PO01349,S007,Gulf Precision,P0001,Electronics,100,298.49,2025-01-29,2025-02-08
PO01350,S004,Delta Fasteners,P0085,Electronics,500,270.81,2025-05-12,2025-06-13
PO01351,S004,Delta Fasteners,P0028,Hydraulics,250,59.14,2025-09-15,2025-10-17
PO01352,S012,Luna Optics,P0076,Fasteners,100,5.0,2025-01-24,2025-01-30
PO01353,S010,Jetstream Parts,P0076,Fasteners,100,5.24,2025-01-31,2025-03-09
PO01354,S008,Harbor Industrial,P0018,Hydraulics,500,120.94,2025-02-07,2025-02-25
PO01355,S010,Jetstream Parts,P0026,Cables,250,87.98,2025-02-15,2025-03-24
PO01356,S005,Echo Cable Co,P0089,Electronics,10,25.17,2025-03-13,2025-03-20
PO01357,S006,Frontier Plastics,P0099,Fasteners,100,71.17,2025-04-20,2025-04-26
PO01358,S005,Echo Cable Co,P0033,Fasteners,250,430.24,2025-01-12,2025-01-19
PO01359,S001,Apex Components,P0066,Plastics,50,401.31,2025-01-09,2025-02-17
PO01360,S010,Jetstream Parts,P0043,Electronics,500,290.56,2025-02-04,2025-03-13
PO01361,S002,Boreal Metals,P0074,Cables,100,10.25,2025-11-09,2025-11-19
PO01362,S008,Harbor Industrial,P0095,Electronics,25,175.93,2025-11-30,2025-12-18
PO01363,S007,Gulf Precision,P0003,Hydraulics,100,35.85,2025-10-22,2025-11-01
PO01364,S005,Echo Cable Co,P0029,Fasteners,250,105.82,2025-12-12,2025-12-19
PO01365,S006,Frontier Plastics,P0092,Fasteners,250,211.06,2025-03-20,2025-03-26
PO01366,S001,Apex Components,P0100,Hydraulics,25,186.58,2025-10-04,2025-11-12
PO01367,S003,Caribe Electronics,P0055,Plastics,50,365.15,2025-04-30,2025-06-11
PO01368,S002,Boreal Metals,P0049,Fasteners,10,228.72,2025-08-16,2025-08-26
PO01369,S004,Delta Fasteners,P0099,Fasteners,100,66.05,2025-10-30,2025-12-01
PO01370,S004,Delta Fasteners,P0016,Fasteners,100,246.58,2025-11-06,2025-12-08
PO01371,S006,Frontier Plastics,P0062,Hydraulics,50,340.31,2025-09-18,2025-09-24
PO01372,S007,Gulf Precision,P0052,Plastics,10,247.3,2025-07-01,2025-07-11
PO01373,S002,Boreal Metals,P0084,Hydraulics,500,74.14,2025-07-19,2025-07-29
PO01374,S003,CARIBE ELECTRONICS,P0032,Plastics,25,169.61,2025-10-17,2025-11-28
PO01375,S004,Delta Fasteners,P0095,Electronics,500,184.25,2025-05-31,2025-07-02
PO01376,S003,Caribe Electronics,P0095,Electronics,500,202.45,2025-04-03,2025-05-15
PO01377,S011,Keystone Hydraulics,P0048,Cables,50,430.28,2025-11-15,2025-12-28
PO01378,S001,Apex Components,P0070,Hydraulics,100,391.68,2025-11-03,2025-12-12
PO01379,S002,Boreal Metals,P0015,Electronics,100,274.06,2025-08-26,2025-09-05
PO01380,S001,Apex Components,P0040,Hydraulics,100,212.88,2025-08-29,2025-10-07
PO01381,S012,Luna Optics,P0013,Cables,100,95.66,2025-09-10,2025-09-16
PO01382,S003,Caribe Electronics,P0029,Fasteners,500,109.52,2025-02-12,2025-03-26
PO01383,S003,Caribe Electronics,P0094,Cables,500,213.08,2025-06-04,2025-07-16
PO01384,S005,Echo Cable Co,P0098,Electronics,25,401.18,2025-06-17,2025-06-24
PO01385,S011,KEYSTONE HYDRAULICS,P0007,Electronics,25,21.8,2025-04-04,2025-05-17
PO01386,S010,Jetstream Parts,P0062,Hydraulics,100,367.27,2025-06-26,2025-08-02
PO01387,S010,Jetstream Parts,P0034,Fasteners,250,205.99,2025-08-14,2025-09-20
PO01388,S005,Echo Cable Co,P0044,Plastics,100,291.61,2025-10-09,2025-10-16
PO01389,S007,Gulf Precision,P0083,Fasteners,10,312.84,2025-10-06,2025-10-16
PO01390,S003,Caribe Electronics,P0045,Cables,50,53.21,2025-08-20,2025-10-01
PO01391,S009,Island Circuits,P0025,Plastics,25,334.42,2025-12-15,2026-01-03
PO01392,S010,Jetstream Parts,P0068,Plastics,250,309.42,2025-01-25,2025-03-03
PO01393,S011,Keystone Hydraulics,P0022,Electronics,500,320.88,2025-11-21,2026-01-03
PO01394,S010,Jetstream Parts ,P0055,Plastics,25,420.43,2025-05-23,2025-06-29
PO01395,S008,Harbor Industrial,P0060,Fasteners,50,354.96,2025-03-11,2025-03-29
PO01396,S012,Luna Optics ,P0079,Electronics,250,213.26,2025-02-04,2025-02-10
PO01397,S004,Delta Fasteners,P0051,Cables,25,359.99,2025-11-27,2025-12-29
PO01398,S007,Gulf Precision,P0016,Fasteners,500,210.38,2025-10-27,2025-11-06
PO01399,S011,Keystone Hydraulics,P0016,Fasteners,250,236.98,2025-06-09,2025-07-22
PO01400,S002,Boreal Metals,P0070,Hydraulics,500,383.77,2025-11-09,2025-11-19
PO01401,S001,Apex Components,P0049,Fasteners,50,211.24,2025-02-27,2025-04-07
PO01402,S005,Echo Cable Co,P0029,Fasteners,250,109.81,2025-02-22,2025-03-01
PO01403,S008,Harbor Industrial ,P0090,Cables,100,311.35,2025-08-04,2025-08-22
PO01404,S011,Keystone Hydraulics,P0066,Plastics,50,349.32,2025-08-03,2025-09-15
PO01405,S004,Delta Fasteners,P0075,Plastics,100,101.37,2025-04-24,2025-05-26
PO01406,S010,Jetstream Parts,P0049,Fasteners,250,221.1,2025-09-23,2025-10-30
PO01407,S002,Boreal Metals,P0074,Cables,10,10.35,2025-03-02,2025-03-12
PO01408,S007,Gulf Precision,P0092,Fasteners,500,238.63,2025-01-21,2025-01-31
PO01409,S011,Keystone Hydraulics,P0096,Plastics,100,40.69,2025-12-09,2026-01-21
PO01410,S001,Apex Components,P0094,Cables,100,202.25,2025-05-10,2025-06-18
PO01411,S006,Frontier Plastics,P0059,Cables,500,107.88,2025-11-22,2025-11-28
PO01412,S006,Frontier Plastics,P0100,Hydraulics,25,196.82,2025-09-13,2025-09-19
PO01413,S006,Frontier Plastics,P0040,Hydraulics,10,215.27,2025-02-16,2025-02-22
PO01414,S012,Luna Optics,P0063,Plastics,50,346.43,2025-06-22,2025-06-28
PO01415,S010,Jetstream Parts,P0040,Hydraulics,250,214.55,2025-12-25,2026-01-31
PO01416,S004,Delta Fasteners,P0012,Cables,10,75.11,2025-12-31,2026-02-01
PO01417,S006,Frontier Plastics,P0051,Cables,25,384.57,2025-07-17,2025-07-23
PO01418,S006,Frontier Plastics,P0029,Fasteners,100,98.26,2025-01-21,2025-01-27
PO01419,S004,Delta Fasteners,P0032,Plastics,25,159.86,2025-08-14,2025-09-15
PO01420,S004,Delta Fasteners,P0003,Hydraulics,250,34.46,2025-09-05,2025-10-07
PO01421,S009,Island Circuits,P0075,Plastics,100,105.8,2025-11-18,2025-12-07
PO01422,S005,Echo Cable Co,P0056,Plastics,50,149.01,2025-07-06,2025-07-13
PO01423,S012,Luna Optics,P0032,Plastics,250,184.49,2025-10-24,2025-10-30
PO01424,S002,Boreal Metals,P0078,Electronics,25,371.31,2025-06-28,2025-07-08
PO01425,S001,Apex Components,P0059,Cables,250,100.92,2025-08-13,2025-09-21
PO01426,S001,Apex Components,P0045,Cables,100,50.41,2025-12-28,2026-02-05
PO01427,S012,Luna Optics,P0004,Cables,500,362.27,2025-11-03,2025-11-09
PO01428,S009,Island Circuits,P0090,Cables,500,341.15,2025-06-05,2025-06-24
PO01429,S011,Keystone Hydraulics,P0076,Fasteners,50,4.67,2025-01-04,2025-02-16
PO01430,S010,Jetstream Parts,P0009,Electronics,250,375.47,2025-07-31,2025-09-06
PO01431,S003,Caribe Electronics,P0004,Cables,500,337.53,2025-09-11,2025-10-23
PO01432,S007,Gulf Precision,P0053,Fasteners,100,168.84,2025-12-23,2026-01-02
PO01433,S005,Echo Cable Co,P0064,Fasteners,10,261.97,2025-04-05,2025-04-12
PO01434,S002,Boreal Metals,P0068,Plastics,50,291.16,2025-01-11,2025-01-21
PO01435,S009,Island Circuits,P0002,Plastics,10,49.38,2025-06-17,2025-07-06
PO01436,S003,Caribe Electronics,P0025,Plastics,500,370.8,2025-11-14,2025-12-26
PO01437,S010,Jetstream Parts,P0048,Cables,250,424.3,2025-04-01,2025-05-08
PO01438,S008,Harbor Industrial,P0004,Cables,250,374.49,2025-01-20,2025-02-07
PO01439,S005,Echo Cable Co,P0014,Cables,50,296.43,2025-12-16,2025-12-23
PO01440,S010,Jetstream Parts,P0044,Plastics,100,309.2,2025-12-04,2026-01-10
PO01441,S004,Delta Fasteners,P0047,Electronics,25,400.0,2025-05-03,2025-06-04
PO01442,S008,Harbor Industrial,P0085,Electronics,500,278.54,2025-10-30,2025-11-17
PO01443,S012,Luna Optics,P0069,Fasteners,250,308.22,2025-07-21,2025-07-27
PO01444,S011,Keystone Hydraulics,P0055,Plastics,100,385.24,2025-08-11,2025-09-23
PO01445,S005,Echo Cable Co,P0064,Fasteners,50,279.27,2025-12-17,2025-12-24
PO01446,S010,Jetstream Parts,P0070,Hydraulics,25,381.98,2025-11-25,2026-01-01
PO01447,S005,Echo Cable Co,P0050,Electronics,25,334.7,2025-06-30,2025-07-07
PO01448,S003,Caribe Electronics,P0066,Plastics,50,395.37,2025-12-15,2026-01-26
PO01449,S002,Boreal Metals,P0092,Fasteners,25,232.26,2025-09-11,2025-09-21
PO01450,S007,Gulf Precision,P0027,Hydraulics,500,151.64,2025-03-01,2025-03-11
PO01451,S004,Delta Fasteners,P0048,Cables,100,415.93,2025-01-23,2025-02-24
PO01452,S010,Jetstream Parts,P0091,Electronics,500,113.67,2025-06-08,2025-07-15
PO01453,S007,Gulf Precision,P0036,Electronics,25,59.82,2025-09-07,2025-09-17
PO01454,S011,Keystone Hydraulics,P0089,Electronics,25,25.42,2025-02-06,2025-03-21
PO01455,S012,Luna Optics,P0033,Fasteners,500,421.78,2025-12-22,2025-12-28
PO01456,S007,Gulf Precision,P0026,Cables,10,85.78,2025-10-12,2025-10-22
PO01457,S007,Gulf Precision,P0024,Fasteners,10,364.83,2025-12-22,2026-01-01
PO01458,S001,Apex Components,P0085,Electronics,250,289.38,2025-04-07,2025-05-16
PO01459,S005,Echo Cable Co,P0023,Hydraulics,50,117.12,2025-08-25,2025-09-01
PO01460,S004,Delta Fasteners,P0024,Fasteners,500,399.87,2025-04-10,2025-05-12
PO01461,S008,Harbor Industrial,P0009,Electronics,25,363.43,2025-11-05,2025-11-23
PO01462,S009,Island Circuits,P0069,Fasteners,10,312.84,2025-11-13,2025-12-02
PO01463,S004,Delta Fasteners,P0001,Electronics,100,325.4,2025-01-02,2025-02-03
PO01464,S001,APEX COMPONENTS,P0073,Fasteners,250,101.93,2025-02-07,2025-03-18
PO01465,S010,Jetstream Parts,P0050,Electronics,100,373.74,2025-05-02,2025-06-08
PO01466,S003,Caribe Electronics,P0059,Cables,250,98.02,2025-07-04,2025-08-15
PO01467,S006,Frontier Plastics,P0095,Electronics,10,174.59,2025-08-10,2025-08-16
PO01468,S007,Gulf Precision,P0017,Fasteners,500,69.12,2025-06-30,2025-07-10
PO01469,S007,Gulf Precision,P0060,Fasteners,50,361.91,2025-06-22,2025-07-02
PO01470,S010,Jetstream Parts,P0025,Plastics,500,358.75,2025-12-04,2026-01-10
PO01471,S007,Gulf Precision,P0019,Plastics,100,93.03,2025-02-25,2025-03-07
PO01472,S006,Frontier Plastics,P0071,Cables,25,185.8,2025-12-04,2025-12-10
PO01473,S011,Keystone Hydraulics,P0023,Hydraulics,50,106.52,2025-12-15,2026-01-27
PO01474,S004,Delta Fasteners,P0095,Electronics,25,202.74,2025-09-07,2025-10-09
PO01475,S002,Boreal Metals,P0011,Hydraulics,10,286.59,2025-01-05,2025-01-15
PO01476,S004,Delta Fasteners,P0096,Plastics,25,39.46,2025-04-20,2025-05-22
PO01477,S008,Harbor Industrial,P0044,Plastics,500,291.91,2025-03-31,2025-04-18
PO01478,S010,Jetstream Parts,P0053,Fasteners,25,157.44,2025-10-15,2025-11-21
PO01479,S002,Boreal Metals,P0085,Electronics,25,253.15,2025-08-16,2025-08-26
PO01480,S001,Apex Components,P0076,Fasteners,500,5.19,2025-07-05,2025-08-13
PO01481,S010,Jetstream Parts,P0045,Cables,50,44.72,2025-02-13,2025-03-22
PO01482,S002,Boreal Metals,P0086,Cables,25,186.32,2025-11-21,2025-12-01
PO01483,S008,Harbor Industrial,P0003,Hydraulics,250,32.82,2025-10-30,2025-11-17
PO01484,S001,Apex Components ,P0063,Plastics,50,306.11,2025-03-27,2025-05-05
PO01485,S005,Echo Cable Co,P0096,Plastics,500,41.65,2025-08-23,2025-08-30
PO01486,S008,Harbor Industrial,P0049,Fasteners,100,204.89,2025-01-19,2025-02-06
PO01487,S007,Gulf Precision,P0053,Fasteners,500,153.72,2025-06-25,2025-07-05
PO01488,S008,Harbor Industrial,P0086,Cables,10,191.44,2025-12-08,2025-12-26
PO01489,S002,Boreal Metals,P0032,Plastics,10,157.87,2025-04-01,2025-04-11
PO01490,S006,Frontier Plastics,P0080,Cables,10,306.64,2025-03-21,2025-03-27
PO01491,S002,Boreal Metals,P0079,Electronics,10,204.54,2025-01-29,2025-02-08
PO01492,S002,Boreal Metals,P0001,Electronics,100,280.73,2025-12-18,2025-12-28
PO01493,S004,Delta Fasteners,P0091,Electronics,100,105.4,2025-11-06,2025-12-08
PO01494,S003,Caribe Electronics,P0065,Plastics,10,67.01,2025-02-10,2025-03-24
PO01495,S002,Boreal Metals,P0090,Cables,10,325.22,2025-04-07,2025-04-17
PO01496,S005,Echo Cable Co,P0077,Electronics,100,92.53,2025-09-17,2025-09-24
PO01497,S011,Keystone Hydraulics,P0088,Electronics,50,259.99,2025-05-25,2025-07-07
PO01498,S007,GULF PRECISION,P0011,Hydraulics,500,280.21,2025-08-17,2025-08-27
PO01499,S012,Luna Optics,P0088,Electronics,250,287.24,2025-12-14,2025-12-20
PO01500,S008,Harbor Industrial,P0048,Cables,100,393.75,2025-06-03,2025-06-21
PO01501,S012,Luna Optics,P0046,Hydraulics,100,65.92,2025-08-27,2025-09-02
PO01502,S008,Harbor Industrial,P0020,Cables,25,322.24,2025-07-17,2025-08-04
PO01503,S003,Caribe Electronics,P0052,Plastics,50,272.1,2025-01-08,2025-02-19
PO01504,S002,Boreal Metals,P0003,Hydraulics,100,33.94,2025-08-30,2025-09-09
PO01505,S007,Gulf Precision,P0021,Electronics,50,92.04,2025-10-09,2025-10-19
PO01506,S003,Caribe Electronics,P0063,Plastics,500,297.96,2025-01-31,2025-03-14
PO01507,S004,Delta Fasteners,P0067,Hydraulics,100,367.53,2025-04-21,2025-05-23
PO01508,S010,Jetstream Parts,P0055,Plastics,250,388.12,2025-03-04,2025-04-10
PO01509,S006,FRONTIER PLASTICS,P0073,Fasteners,100,93.62,2025-02-02,2025-02-08
PO01510,S006,Frontier Plastics,P0082,Plastics,100,246.47,2025-05-24,2025-05-30
PO01511,S011,Keystone Hydraulics,P0074,Cables,25,10.34,2025-12-29,2026-02-10
PO01512,S006,Frontier Plastics,P0066,Plastics,10,375.32,2025-07-16,2025-07-22
PO01513,S012,Luna Optics,P0035,Electronics,10,299.36,2025-08-19,2025-08-25
PO01514,S001,Apex Components,P0061,Electronics,25,36.65,2025-04-25,2025-06-03
PO01515,S006,Frontier Plastics,P0063,Plastics,50,303.74,2025-11-06,2025-11-12
PO01516,S002,Boreal Metals,P0038,Hydraulics,500,236.73,2025-02-01,2025-02-11
PO01517,S012,Luna Optics,P0002,Plastics,50,52.16,2025-05-14,2025-05-20
PO01518,S011,Keystone Hydraulics,P0098,Electronics,100,409.67,2025-02-10,2025-03-25
PO01519,S010,Jetstream Parts,P0057,Electronics,50,48.44,2025-02-25,2025-04-03
PO01520,S003,Caribe Electronics ,P0042,Electronics,10,276.93,2025-03-05,2025-04-16
PO01521,S009,Island Circuits,P0004,Cables,500,341.77,2025-08-11,2025-08-30
PO01522,S010,Jetstream Parts,P0006,Cables,250,253.28,2025-01-29,2025-03-07
PO01523,S003,Caribe Electronics,P0092,Fasteners,25,246.56,2025-02-17,2025-03-31
PO01524,S007,Gulf Precision,P0070,Hydraulics,10,441.04,2025-09-26,2025-10-06
PO01525,S008,Harbor Industrial,P0021,Electronics,10,89.55,2025-05-14,2025-06-01
PO01526,S001,Apex Components,P0029,Fasteners,25,97.91,2025-03-20,2025-04-28
PO01527,S001,APEX COMPONENTS,P0066,Plastics,50,381.69,2025-09-10,2025-10-19
PO01528,S008,Harbor Industrial,P0001,Electronics,50,329.37,2025-12-26,2026-01-13
PO01529,S001,Apex Components,P0081,Fasteners,500,229.89,2025-11-15,2025-12-24
PO01530,S005,Echo Cable Co,P0043,Electronics,25,281.12,2025-06-17,2025-06-24
PO01531,S011,Keystone Hydraulics,P0066,Plastics,100,334.68,2025-04-15,2025-05-28
PO01532,S012,Luna Optics,P0096,Plastics,50,46.19,2025-12-20,2025-12-26
PO01533,S004,Delta Fasteners,P0073,Fasteners,50,92.53,2025-04-22,2025-05-24
PO01534,S012,Luna Optics,P0050,Electronics,500,358.28,2025-06-17,2025-06-23
PO01535,S011,Keystone Hydraulics,P0032,Plastics,10,152.92,2025-11-12,2025-12-25
PO01536,S001,Apex Components,P0039,Hydraulics,100,175.77,2025-07-15,2025-08-23
PO01537,S007,Gulf Precision,P0095,Electronics,50,192.77,2025-02-08,2025-02-18
PO01538,S005,Echo Cable Co,P0059,Cables,25,106.92,2025-03-03,2025-03-10
PO01539,S003,Caribe Electronics,P0002,Plastics,10,53.8,2025-02-14,2025-03-28
PO01540,S012,Luna Optics,P0073,Fasteners,100,89.66,2025-02-02,2025-02-08
PO01541,S008,Harbor Industrial,P0053,Fasteners,25,144.61,2025-01-07,2025-01-25
PO01542,S004,Delta Fasteners,P0035,Electronics,10,340.47,2025-12-10,2026-01-11
PO01543,S001,Apex Components,P0073,Fasteners,100,95.79,2025-10-14,2025-11-22
PO01544,S006,Frontier Plastics,P0059,Cables,100,105.25,2025-10-06,2025-10-12
PO01545,S011,Keystone Hydraulics,P0045,Cables,100,47.53,2025-03-31,2025-05-13
PO01546,S008,Harbor Industrial,P0087,Hydraulics,250,358.38,2025-07-28,2025-08-15
PO01547,S008,Harbor Industrial,P0058,Cables,250,337.15,2025-12-15,2026-01-02
PO01548,S011,Keystone Hydraulics,P0096,Plastics,25,45.61,2025-10-21,2025-12-03
PO01549,S002,Boreal Metals,P0065,Plastics,250,72.13,2025-01-22,2025-02-01
PO01550,S004,Delta Fasteners,P0088,Electronics,500,274.08,2025-06-21,2025-07-23
PO01551,S011,Keystone Hydraulics,P0051,Cables,25,347.63,2025-10-23,2025-12-05
PO01552,S003,Caribe Electronics,P0089,Electronics,25,29.88,2025-01-01,2025-02-12
PO01553,S005,Echo Cable Co,P0031,Plastics,100,182.59,2025-06-05,2025-06-12
PO01554,S004,Delta Fastener,P0024,Fasteners,500,380.24,2025-02-06,2025-03-10
PO01555,S006,Frontier Plastics,P0050,Electronics,50,374.21,2025-04-17,2025-04-23
PO01556,S008,Harbor Industrial,P0005,Plastics,100,354.82,2025-06-13,2025-07-01
PO01557,S007,Gulf Precision,P0089,Electronics,250,29.77,2025-11-14,2025-11-24
PO01558,S002,Boreal Metals,P0061,Electronics,50,36.06,2025-10-06,2025-10-16
PO01559,S012,Luna Optics,P0044,Plastics,25,287.87,2025-11-06,2025-11-12
PO01560,S007,Gulf Precision,P0013,Cables,10,95.84,2025-12-17,2025-12-27
PO01561,S008,Harbor Industrial,P0036,Electronics,500,71.31,2025-10-17,2025-11-04
PO01562,S009,Island Circuits,P0063,Plastics,25,301.45,2025-08-20,2025-09-08
PO01563,S002,Boreal Metals,P0026,Cables,100,89.01,2025-09-06,2025-09-16
PO01564,S001,Apex Components,P0039,Hydraulics,25,167.21,2025-04-25,2025-06-03
PO01565,S002,Boreal Metals,P0013,Cables,25,97.82,2025-03-13,2025-03-23
PO01566,S012,Luna Optics,P0056,Plastics,10,142.64,2025-12-29,2026-01-04
PO01567,S012,Luna Optics,P0055,Plastics,10,413.71,2025-02-03,2025-02-09
PO01568,S003,Caribe Electronics,P0016,Fasteners,10,211.88,2025-03-24,2025-05-05
PO01569,S005,Echo Cable Co,P0062,Hydraulics,10,337.45,2025-12-03,2025-12-10
PO01570,S012,Luna Optics,P0090,Cables,100,337.33,2025-01-06,2025-01-12
PO01571,S009,Island Circuits,P0086,Cables,50,172.4,2025-10-27,2025-11-15
PO01572,S004,Delta Fasteners,P0025,Plastics,500,348.27,2025-09-01,2025-10-03
PO01573,S002,Boreal Metals,P0019,Plastics,500,87.54,2025-03-07,2025-03-17
PO01574,S010,Jetstream Parts,P0022,Electronics,25,360.44,2025-11-17,2025-12-24
PO01575,S007,GULF PRECISION,P0006,Cables,50,251.34,2025-07-22,2025-08-01
PO01576,S004,Delta Fasteners,P0096,Plastics,25,45.4,2025-09-03,2025-10-05
PO01577,S004,Delta Fasteners,P0077,Electronics,250,89.86,2025-05-28,2025-06-29
PO01578,S003,Caribe Electronics,P0099,Fasteners,500,70.14,2025-01-21,2025-03-04
PO01579,S006,Frontier Plastics,P0040,Hydraulics,100,234.16,2025-09-19,2025-09-25
PO01580,S010,Jetstream Parts,P0077,Electronics,500,94.74,2025-10-21,2025-11-27
PO01581,S002,Boreal Metals,P0033,Fasteners,500,448.79,2025-05-18,2025-05-28
PO01582,S004,Delta Fasteners,P0073,Fasteners,25,90.37,2025-06-28,2025-07-30
PO01583,S007,Gulf Precision,P0086,Cables,500,192.43,2025-04-07,2025-04-17
PO01584,S006,Frontier Plastics,P0092,Fasteners,250,239.05,2025-10-11,2025-10-17
PO01585,S005,Echo Cable Co,P0082,Plastics,25,249.07,2025-04-16,2025-04-23
PO01586,S007,Gulf Precision,P0062,Hydraulics,500,340.44,2025-05-19,2025-05-29
PO01587,S007,Gulf Precisio,P0071,Cables,100,196.18,2025-01-02,2025-01-12
PO01588,S010,Jetstream Parts,P0036,Electronics,250,63.03,2025-10-18,2025-11-24
PO01589,S008,Harbor Industrial,P0056,Plastics,100,129.2,2025-06-10,2025-06-28
PO01590,S009,Island Circuits,P0069,Fasteners,50,324.37,2025-03-07,2025-03-26
PO01591,S001,Apex Components,P0015,Electronics,50,246.1,2025-11-16,2025-12-25
PO01592,S005,Echo Cable Co,P0071,Cables,50,187.07,2025-05-02,2025-05-09
PO01593,S007,GULF PRECISION,P0027,Hydraulics,250,156.6,2025-11-12,2025-11-22
PO01594,S008,Harbor Industrial,P0016,Fasteners,10,213.34,2025-05-07,2025-05-25
PO01595,S005,Echo Cable Co,P0014,Cables,10,291.74,2025-05-03,2025-05-10
PO01596,S002,Boreal Metals,P0053,Fasteners,500,165.58,2025-08-16,2025-08-26
PO01597,S004,Delta Fasteners,P0087,Hydraulics,100,364.76,2025-08-12,2025-09-13
PO01598,S008,Harbor Industrial,P0078,Electronics,25,332.25,2025-07-10,2025-07-28
PO01599,S004,Delta Fasteners,P0028,Hydraulics,50,58.85,2025-06-30,2025-08-01
PO01600,S001,Apex Components,P0088,Electronics,250,259.99,2025-05-05,2025-06-13
PO01601,S007,Gulf Precision,P0003,Hydraulics,100,37.76,2025-08-12,2025-08-22
PO01602,S005,Echo Cable Co,P0062,Hydraulics,25,348.71,2025-03-28,2025-04-04
PO01603,S007,Gulf Precision,P0047,Electronics,10,432.44,2025-04-28,2025-05-08
PO01604,S009,Island Circuits,P0033,Fasteners,100,447.49,2025-03-18,2025-04-06
PO01605,S009,Island Circuits,P0009,Electronics,25,364.51,2025-02-17,2025-03-08
PO01606,S007,Gulf Precision,P0022,Electronics,25,318.89,2025-01-09,2025-01-19
PO01607,S003,Caribe Electronics,P0069,Fasteners,10,292.55,2025-08-25,2025-10-06
PO01608,S001,Apex Components,P0042,Electronics,25,260.24,2025-05-20,2025-06-28
PO01609,S008,Harbor Industrial,P0020,Cables,25,376.89,2025-05-04,2025-05-22
PO01610,S012,Luna Optics,P0015,Electronics,500,261.83,2025-05-08,2025-05-14
PO01611,S009,Island Circuits,P0063,Plastics,500,336.02,2025-07-22,2025-08-10
PO01612,S006,Frontier Plastics,P0078,Electronics,250,362.95,2025-07-27,2025-08-02
PO01613,S001,Apex Components,P0027,Hydraulics,10,178.34,2025-11-04,2025-12-13
PO01614,S001,Apex Components,P0041,Plastics,100,342.22,2025-04-12,2025-05-21
PO01615,S012,Luna Optics,P0018,Hydraulics,500,107.08,2025-06-04,2025-06-10
PO01616,S012,Luna Optics,P0060,Fasteners,50,363.1,2025-04-15,2025-04-21
PO01617,S005,Echo Cable Co,P0048,Cables,10,399.43,2025-06-29,2025-07-06
PO01618,S009,Island Circuits,P0071,Cables,100,198.18,2025-01-21,2025-02-09
PO01619,S009,Island Circuits,P0022,Electronics,10,352.14,2025-02-21,2025-03-12
PO01620,S006,Frontier Plastics,P0004,Cables,100,356.21,2025-07-26,2025-08-01
PO01621,S009,Island Circuits,P0075,Plastics,10,97.02,2025-08-13,2025-09-01
PO01622,S010,Jetstream Parts,P0065,Plastics,10,69.45,2025-03-20,2025-04-26
PO01623,S003,Caribe Electronics,P0019,Plastics,25,89.87,2025-02-17,2025-03-31
PO01624,S004,Delta Fasteners,P0054,Fasteners,250,241.63,2025-04-10,2025-05-12
PO01625,S004,Delta Fasteners,P0001,Electronics,10,293.34,2025-03-25,2025-04-26
PO01626,S003,Caribe Electronic,P0087,Hydraulics,100,360.31,2025-02-28,2025-04-11
PO01627,S008,Harbor Industrial,P0034,Fasteners,250,231.47,2025-10-13,2025-10-31
PO01628,S011,Keystone Hydraulics,P0088,Electronics,500,271.56,2025-10-29,2025-12-11
PO01629,S006,Frontier Plastics,P0066,Plastics,50,401.01,2025-09-13,2025-09-19
PO01630,S002,Boreal Metals,P0019,Plastics,250,88.85,2025-04-25,2025-05-05
PO01631,S012,Luna Optics,P0070,Hydraulics,250,410.0,2025-07-05,2025-07-11
PO01632,S011,Keystone Hydraulics,P0009,Electronics,50,381.12,2025-01-30,2025-03-14
PO01633,S006,Frontier Plastics,P0016,Fasteners,50,246.68,2025-05-01,2025-05-07
PO01634,S004,Delta Fasteners,P0037,Fasteners,25,322.71,2025-11-09,2025-12-11
PO01635,S002,Boreal Metals,P0011,Hydraulics,500,264.11,2025-01-05,2025-01-15
PO01636,S001,Apex Components,P0061,Electronics,25,41.39,2025-01-17,2025-02-25
PO01637,S011,Keystone Hydraulics,P0074,Cables,10,10.49,2025-01-21,2025-03-05
PO01638,S004,Delta Fasteners,P0022,Electronics,100,344.55,2025-09-09,2025-10-11
PO01639,S002,Boreal Metals,P0060,Fasteners,250,388.43,2025-05-14,2025-05-24
PO01640,S001,Apex Components,P0051,Cables,50,351.99,2025-12-07,2026-01-15
PO01641,S007,Gulf Precision,P0054,Fasteners,25,214.96,2025-06-08,2025-06-18
PO01642,S002,Boreal Metals,P0019,Plastics,10,97.86,2025-08-18,2025-08-28
PO01643,S012,Luna Optics,P0062,Hydraulics,100,352.55,2025-07-29,2025-08-04
PO01644,S012,Luna Optics ,P0027,Hydraulics,100,156.48,2025-12-02,2025-12-08
PO01645,S008,Harbor Industrial,P0060,Fasteners,500,394.51,2025-07-23,2025-08-10
PO01646,S011,Keystone Hydraulics,P0041,Plastics,250,387.26,2025-12-25,2026-02-06
PO01647,S006,Frontier Plastics,P0019,Plastics,10,95.74,2025-03-13,2025-03-19
PO01648,S001,Apex Components,P0081,Fasteners,50,232.43,2025-12-31,2026-02-08
PO01649,S009,Island Circuits,P0026,Cables,25,93.71,2025-03-17,2025-04-05
PO01650,S009,Island Circuits,P0076,Fasteners,250,5.37,2025-11-10,2025-11-29
PO01651,S009,Island Circuits ,P0038,Hydraulics,250,243.32,2025-08-22,2025-09-10
PO01652,S007,Gulf Precision,P0060,Fasteners,250,356.03,2025-10-20,2025-10-30
PO01653,S001,Apex Components,P0030,Plastics,500,217.18,2025-10-24,2025-12-02
PO01654,S004,Delta Fasteners ,P0051,Cables,10,325.26,2025-08-09,2025-09-10
PO01655,S007,Gulf Precision,P0003,Hydraulics,250,36.82,2025-11-24,2025-12-04
PO01656,S011,Keystone Hydraulics,P0071,Cables,50,200.19,2025-03-01,2025-04-13
PO01657,S004,Delta Fastener,P0002,Plastics,500,55.78,2025-08-08,2025-09-09
PO01658,S005,Echo Cable Co,P0086,Cables,50,176.6,2025-08-01,2025-08-08
PO01659,S009,Island Circuit,P0089,Electronics,250,29.95,2025-11-24,2025-12-13
PO01660,S005,Echo Cable Co,P0023,Hydraulics,10,114.0,2025-08-20,2025-08-27
PO01661,S011,Keystone Hydraulics,P0079,Electronics,50,200.1,2025-02-12,2025-03-27
PO01662,S001,Apex Components,P0080,Cables,10,273.19,2025-02-02,2025-03-13
PO01663,S011,Keystone Hydraulics,P0045,Cables,10,51.44,2025-06-24,2025-08-06
PO01664,S003,Caribe Electronics,P0025,Plastics,250,374.39,2025-11-23,2026-01-04
PO01665,S008,Harbor Industrial,P0072,Plastics,100,186.01,2025-07-18,2025-08-05
PO01666,S011,Keystone Hydraulics,P0048,Cables,500,434.5,2025-06-23,2025-08-05
PO01667,S009,Island Circuits,P0099,Fasteners,10,71.52,2025-10-31,2025-11-19
PO01668,S001,Apex Components,P0082,Plastics,50,257.8,2025-05-06,2025-06-14
PO01669,S003,Caribe Electronics,P0090,Cables,50,322.61,2025-07-14,2025-08-25
PO01670,S008,Harbor Industrial,P0040,Hydraulics,500,203.07,2025-06-03,2025-06-21
PO01671,S009,Island Circuits,P0078,Electronics,250,333.47,2025-02-21,2025-03-12
PO01672,S010,Jetstream Parts,P0028,Hydraulics,250,59.17,2025-02-10,2025-03-19
PO01673,S002,Boreal Metals,P0092,Fasteners,250,228.2,2025-10-23,2025-11-02
PO01674,S001,Apex Components,P0040,Hydraulics,100,213.4,2025-02-17,2025-03-28
PO01675,S001,Apex Components,P0061,Electronics,50,36.19,2025-07-27,2025-09-04
PO01676,S006,Frontier Plastics,P0022,Electronics,25,351.47,2025-11-29,2025-12-05
PO01677,S003,Caribe Electronics,P0022,Electronics,500,370.1,2025-12-16,2026-01-27
PO01678,S009,Island Circuits,P0035,Electronics,250,302.07,2025-04-07,2025-04-26
PO01679,S009,Island Circuits,P0038,Hydraulics,50,255.68,2025-03-11,2025-03-30
PO01680,S002,Boreal Metals,P0091,Electronics,100,105.97,2025-05-11,2025-05-21
PO01681,S012,Luna Optics,P0017,Fasteners,250,71.46,2025-04-05,2025-04-11
PO01682,S012,Luna Optics,P0006,Cables,500,226.36,2025-02-06,2025-02-12
PO01683,S012,Luna Optics,P0015,Electronics,500,248.9,2025-01-08,2025-01-14
PO01684,S006,Frontier Plastics,P0042,Electronics,100,296.22,2025-07-13,2025-07-19
PO01685,S007,Gulf Precision,P0046,Hydraulics,25,70.31,2025-12-07,2025-12-17
PO01686,S007,Gulf Precision,P0060,Fasteners,25,392.48,2025-02-01,2025-02-11
PO01687,S005,Echo Cable Co,P0019,Plastics,50,98.69,2025-05-24,2025-05-31
PO01688,S011,Keystone Hydraulics,P0029,Fasteners,100,100.67,2025-04-13,2025-05-26
PO01689,S008,Harbor Industrial,P0018,Hydraulics,10,112.39,2025-05-01,2025-05-19
PO01690,S002,Boreal Metals,P0035,Electronics,500,329.44,2025-07-09,2025-07-19
PO01691,S007,Gulf Precision,P0003,Hydraulics,10,32.41,2025-10-18,2025-10-28
PO01692,S011,Keystone Hydraulics,P0072,Plastics,250,191.86,2025-10-22,2025-12-04
PO01693,S006,Frontier Plastics,P0099,Fasteners,500,69.44,2025-10-11,2025-10-17
PO01694,S007,Gulf Precision,P0033,Fasteners,500,429.17,2025-05-20,2025-05-30
PO01695,S007,Gulf Precision,P0061,Electronics,250,36.63,2025-04-11,2025-04-21
PO01696,S006,Frontier Plastics,P0064,Fasteners,25,252.22,2025-08-09,2025-08-15
PO01697,S001,Apex Components,P0027,Hydraulics,100,175.04,2025-07-31,2025-09-08
PO01698,S012,Luna Optics,P0028,Hydraulics,25,58.94,2025-07-09,2025-07-15
PO01699,S010,Jetstream Parts,P0058,Cables,25,350.8,2025-02-17,2025-03-26
PO01700,S011,Keystone Hydraulics,P0098,Electronics,25,372.7,2025-01-23,2025-03-07
PO01701,S008,Harbor Industrial,P0028,Hydraulics,100,61.85,2025-06-19,2025-07-07
PO01702,S006,Frontier Plastics,P0046,Hydraulics,100,62.05,2025-10-12,2025-10-18
PO01703,S004,Delta Fasteners,P0023,Hydraulics,25,119.03,2025-04-30,2025-06-01
PO01704,S001,Apex Components,P0085,Electronics,100,252.73,2025-04-26,2025-06-04
PO01705,S005,Echo Cable Co,P0088,Electronics,100,301.52,2025-03-20,2025-03-27
PO01706,S003,Caribe Electronics,P0088,Electronics,100,265.01,2025-02-25,2025-04-08
PO01707,S003,Caribe Electronics,P0035,Electronics,500,341.18,2025-09-24,2025-11-05
PO01708,S006,Frontier Plastics,P0058,Cables,25,374.05,2025-11-01,2025-11-07
PO01709,S008,Harbor Industrial,P0036,Electronics,50,71.33,2025-05-14,2025-06-01
PO01710,S009,Island Circuits,P0060,Fasteners,10,382.7,2025-10-25,2025-11-13
PO01711,S002,Boreal Metals,P0072,Plastics,100,193.71,2025-07-22,2025-08-01
PO01712,S004,Delta Fasteners,P0017,Fasteners,25,71.81,2025-01-26,2025-02-27
PO01713,S009,Island Circuits,P0069,Fasteners,10,302.83,2025-05-13,2025-06-01
PO01714,S004,Delta Fasteners,P0018,Hydraulics,25,115.31,2025-12-24,2026-01-25
PO01715,S002,Boreal Metals,P0095,Electronics,50,179.31,2025-08-24,2025-09-03
PO01716,S011,Keystone Hydraulics,P0089,Electronics,10,25.68,2025-01-16,2025-02-28
PO01717,S002,Boreal Metals,P0057,Electronics,250,51.52,2025-11-28,2025-12-08
PO01718,S006,Frontier Plastics,P0049,Fasteners,500,214.43,2025-02-28,2025-03-06
PO01719,S003,Caribe Electronics,P0077,Electronics,500,93.81,2025-10-23,2025-12-04
PO01720,S005,Echo Cable Co,P0065,Plastics,250,70.68,2025-01-22,2025-01-29
PO01721,S011,Keystone Hydraulics,P0034,Fasteners,25,208.54,2025-07-13,2025-08-25
PO01722,S002,Boreal Metals,P0031,Plastics,100,181.55,2025-03-18,2025-03-28
PO01723,S003,Caribe Electronics,P0074,Cables,100,9.93,2025-01-22,2025-03-05
PO01724,S010,Jetstream Parts,P0072,Plastics,100,208.9,2025-11-13,2025-12-20
PO01725,S009,Island Circuit,P0024,Fasteners,25,405.77,2025-02-03,2025-02-22
PO01726,S009,Island Circuits,P0068,Plastics,500,331.85,2025-01-03,2025-01-22
PO01727,S008,Harbor Industrial,P0032,Plastics,250,177.5,2025-04-10,2025-04-28
PO01728,S011,Keystone Hydraulics,P0009,Electronics,25,371.72,2025-12-23,2026-02-04
PO01729,S012,Luna Optics,P0040,Hydraulics,100,212.28,2025-06-02,2025-06-08
PO01730,S009,Island Circuits,P0056,Plastics,25,144.85,2025-02-23,2025-03-14
PO01731,S011,Keystone Hydraulics,P0050,Electronics,25,357.09,2025-07-01,2025-08-13
PO01732,S012,Luna Optics,P0087,Hydraulics,50,341.45,2025-06-24,2025-06-30
PO01733,S005,Echo Cable Co,P0053,Fasteners,50,172.24,2025-05-29,2025-06-05
PO01734,S006,Frontier Plastics,P0031,Plastics,250,170.05,2025-12-24,2025-12-30
PO01735,S010,Jetstream Parts,P0090,Cables,10,307.02,2025-12-11,2026-01-17
PO01736,S004,Delta Fasteners,P0028,Hydraulics,25,62.11,2025-07-01,2025-08-02
PO01737,S003,Caribe Electronics,P0014,Cables,10,292.84,2025-02-18,2025-04-01
PO01738,S004,Delta Fasteners,P0031,Plastics,250,170.73,2025-02-16,2025-03-20
PO01739,S001,Apex Components,P0053,Fasteners,10,170.97,2025-02-09,2025-03-20
PO01740,S007,Gulf Precision,P0013,Cables,100,94.41,2025-09-14,2025-09-24
PO01741,S001,Apex Components,P0004,Cables,250,343.06,2025-02-24,2025-04-04
PO01742,S006,Frontier Plastics,P0061,Electronics,500,39.55,2025-12-26,2026-01-01
PO01743,S007,Gulf Precision,P0001,Electronics,250,299.33,2025-12-15,2025-12-25
PO01744,S002,Boreal Metals,P0068,Plastics,500,320.1,2025-10-22,2025-11-01
PO01745,S001,Apex Components,P0076,Fasteners,25,5.41,2025-07-28,2025-09-05
PO01746,S002,Boreal Metals,P0031,Plastics,100,178.33,2025-05-21,2025-05-31
PO01747,S005,Echo Cable Co,P0017,Fasteners,250,73.69,2025-10-02,2025-10-09
PO01748,S007,Gulf Precision,P0055,Plastics,100,356.24,2025-01-24,2025-02-03
PO01749,S004,Delta Fasteners,P0008,Fasteners,250,318.84,2025-04-15,2025-05-17
PO01750,S002,Boreal Metals,P0042,Electronics,500,268.69,2025-04-19,2025-04-29
PO01751,S009,Island Circuits,P0071,Cables,25,184.66,2025-08-12,2025-08-31
PO01752,S003,Caribe Electronics,P0080,Cables,25,270.42,2025-09-26,2025-11-07
PO01753,S001,Apex Components,P0068,Plastics,100,301.84,2025-04-10,2025-05-19
PO01754,S007,Gulf Precision,P0006,Cables,25,248.69,2025-04-30,2025-05-10
PO01755,S012,Luna Optics,P0003,Hydraulics,250,38.32,2025-01-25,2025-01-31
PO01756,S003,Caribe Electronics,P0003,Hydraulics,500,35.58,2025-08-20,2025-10-01
PO01757,S011,Keystone Hydraulics,P0054,Fasteners,250,243.52,2025-10-21,2025-12-03
PO01758,S012,Luna Optics,P0094,Cables,500,208.62,2025-12-14,2025-12-20
PO01759,S006,Frontier Plastics,P0075,Plastics,100,93.56,2025-11-23,2025-11-29
PO01760,S005,Echo Cable Co,P0073,Fasteners,250,103.14,2025-04-10,2025-04-17
PO01761,S007,Gulf Precision,P0052,Plastics,250,234.83,2025-10-14,2025-10-24
PO01762,S007,Gulf Precision,P0082,Plastics,10,264.75,2025-08-23,2025-09-02
PO01763,S009,Island Circuits,P0093,Fasteners,25,172.49,2025-09-24,2025-10-13
PO01764,S009,Island Circuits,P0018,Hydraulics,500,122.27,2025-10-15,2025-11-03
PO01765,S011,Keystone Hydraulics,P0016,Fasteners,25,222.49,2025-12-22,2026-02-03
PO01766,S003,Caribe Electronics,P0052,Plastics,250,239.32,2025-07-03,2025-08-14
PO01767,S007,Gulf Precisio,P0045,Cables,100,51.78,2025-11-19,2025-11-29
PO01768,S008,Harbor Industrial,P0055,Plastics,10,414.04,2025-12-11,2025-12-29
PO01769,S002,Boreal Metals,P0033,Fasteners,25,390.88,2025-05-17,2025-05-27
PO01770,S001,Apex Components,P0004,Cables,25,315.56,2025-09-02,2025-10-11
PO01771,S007,Gulf Precision,P0009,Electronics,10,377.57,2025-03-01,2025-03-11
PO01772,S006,Frontier Plastics,P0004,Cables,10,319.21,2025-02-03,2025-02-09
PO01773,S012,Luna Optics,P0042,Electronics,10,268.78,2025-08-21,2025-08-27
PO01774,S011,Keystone Hydraulics ,P0053,Fasteners,500,154.39,2025-03-15,2025-04-27
PO01775,S010,Jetstream Parts ,P0037,Fasteners,100,361.22,2025-03-25,2025-05-01
PO01776,S011,Keystone Hydraulics,P0017,Fasteners,250,71.13,2025-03-12,2025-04-24
PO01777,S007,Gulf Precision,P0007,Electronics,25,21.66,2025-10-17,2025-10-27
PO01778,S005,Echo Cable Co,P0009,Electronics,25,341.2,2025-04-12,2025-04-19
PO01779,S004,Delta Fasteners,P0045,Cables,100,52.68,2025-02-25,2025-03-29
PO01780,S003,Caribe Electronics,P0087,Hydraulics,10,328.55,2025-02-10,2025-03-24
PO01781,S011,Keystone Hydraulics,P0041,Plastics,25,366.88,2025-08-28,2025-10-10
PO01782,S011,Keystone Hydraulics,P0070,Hydraulics,50,382.08,2025-06-07,2025-07-20
PO01783,S009,Island Circuits,P0006,Cables,10,266.32,2025-08-09,2025-08-28
PO01784,S007,Gulf Precision,P0061,Electronics,250,40.82,2025-02-25,2025-03-07
PO01785,S003,Caribe Electronics,P0010,Electronics,10,172.55,2025-03-24,2025-05-05
PO01786,S011,Keystone Hydraulics,P0025,Plastics,50,362.71,2025-09-23,2025-11-05
PO01787,S012,Luna Optics,P0088,Electronics,250,279.51,2025-08-13,2025-08-19
PO01788,S009,Island Circuits,P0023,Hydraulics,250,112.0,2025-12-15,2026-01-03
PO01789,S001,Apex Components,P0064,Fasteners,500,285.04,2025-10-29,2025-12-07
PO01790,S007,Gulf Precision,P0064,Fasteners,25,294.09,2025-07-27,2025-08-06
PO01791,S002,Boreal Metals,P0085,Electronics,25,269.53,2025-04-03,2025-04-13
PO01792,S011,Keystone Hydraulics,P0047,Electronics,10,396.68,2025-06-21,2025-08-03
PO01793,S011,Keystone Hydraulics,P0099,Fasteners,25,66.67,2025-02-07,2025-03-22
PO01794,S009,Island Circuits,P0076,Fasteners,250,5.03,2025-12-16,2026-01-04
PO01795,S003,Caribe Electronics,P0017,Fasteners,10,76.43,2025-06-19,2025-07-31
PO01796,S012,Luna Optics,P0077,Electronics,500,106.51,2025-12-21,2025-12-27
PO01797,S012,Luna Optics,P0079,Electronics,250,223.05,2025-10-11,2025-10-17
PO01798,S001,Apex Components,P0089,Electronics,500,29.64,2025-08-14,2025-09-22
PO01799,S004,DELTA FASTENERS,P0070,Hydraulics,500,427.18,2025-04-06,2025-05-08
PO01800,S011,Keystone Hydraulics,P0085,Electronics,100,277.1,2025-09-11,2025-10-24
PO01801,S008,Harbor Industrial,P0092,Fasteners,25,229.52,2025-03-08,2025-03-26
PO01802,S011,Keystone Hydraulics,P0068,Plastics,10,328.77,2025-07-24,2025-09-05
PO01803,S011,Keystone Hydraulics,P0047,Electronics,100,387.87,2025-07-15,2025-08-27
PO01804,S003,Caribe Electronics,P0100,Hydraulics,500,194.29,2025-06-25,2025-08-06
PO01805,S004,Delta Fasteners,P0018,Hydraulics,50,117.94,2025-11-10,2025-12-12
PO01806,S005,Echo Cable Co,P0051,Cables,25,380.89,2025-04-10,2025-04-17
PO01807,S002,Boreal Metals,P0088,Electronics,500,297.62,2025-06-17,2025-06-27
PO01808,S007,Gulf Precision,P0022,Electronics,250,344.28,2025-03-29,2025-04-08
PO01809,S011,Keystone Hydraulics,P0048,Cables,10,442.43,2025-04-25,2025-06-07
PO01810,S011,Keystone Hydraulics,P0063,Plastics,250,349.73,2025-05-15,2025-06-27
PO01811,S011,KEYSTONE HYDRAULICS,P0037,Fasteners,50,320.84,2025-04-25,2025-06-07
PO01812,S002,Boreal Metals,P0015,Electronics,100,234.5,2025-11-03,2025-11-13
PO01813,S001,Apex Components,P0012,Cables,50,64.58,2025-04-18,2025-05-27
PO01814,S002,Boreal Metals,P0028,Hydraulics,500,66.35,2025-03-30,2025-04-09
PO01815,S002,Boreal Metals,P0031,Plastics,100,165.47,2025-08-18,2025-08-28
PO01816,S011,Keystone Hydraulics ,P0014,Cables,50,287.16,2025-02-14,2025-03-29
PO01817,S012,Luna Optics,P0076,Fasteners,250,5.21,2025-08-31,2025-09-06
PO01818,S009,Island Circuits,P0068,Plastics,250,341.34,2025-06-28,2025-07-17
PO01819,S007,Gulf Precision,P0054,Fasteners,10,231.12,2025-06-16,2025-06-26
PO01820,S003,Caribe Electronics,P0018,Hydraulics,100,111.35,2025-12-28,2026-02-08
PO01821,S012,Luna Optics,P0076,Fasteners,100,4.93,2025-07-06,2025-07-12
PO01822,S005,Echo Cable Co,P0079,Electronics,10,213.99,2025-02-12,2025-02-19
PO01823,S003,Caribe Electronics,P0040,Hydraulics,50,229.48,2025-11-24,2026-01-05
PO01824,S002,Boreal Metals,P0042,Electronics,50,276.79,2025-02-05,2025-02-15
PO01825,S009,Island Circuits,P0095,Electronics,25,180.27,2025-12-16,2026-01-04
PO01826,S010,Jetstream Parts,P0092,Fasteners,100,241.31,2025-03-15,2025-04-21
PO01827,S008,Harbor Industrial,P0093,Fasteners,50,186.8,2025-11-26,2025-12-14
PO01828,S006,Frontier Plastics,P0037,Fasteners,25,352.49,2025-02-05,2025-02-11
PO01829,S003,Caribe Electronics,P0025,Plastics,10,343.3,2025-03-06,2025-04-17
PO01830,S001,Apex Components,P0049,Fasteners,500,215.06,2025-01-05,2025-02-13
PO01831,S008,Harbor Industrial,P0045,Cables,10,48.46,2025-09-30,2025-10-18
PO01832,S003,Caribe Electronics,P0045,Cables,100,51.01,2025-08-26,2025-10-07
PO01833,S003,Caribe Electronics,P0074,Cables,10,10.04,2025-06-16,2025-07-28
PO01834,S011,Keystone Hydraulics,P0071,Cables,25,186.92,2025-02-22,2025-04-06
PO01835,S003,Caribe Electronics,P0009,Electronics,100,355.63,2025-12-18,2026-01-29
PO01836,S003,Caribe Electronics,P0004,Cables,50,353.8,2025-04-04,2025-05-16
PO01837,S003,Caribe Electronics,P0013,Cables,500,92.33,2025-08-07,2025-09-18
PO01838,S003,Caribe Electronics,P0031,Plastics,25,188.13,2025-06-16,2025-07-28
PO01839,S006,Frontier Plastics,P0072,Plastics,50,190.38,2025-05-17,2025-05-23
PO01840,S003,Caribe Electronics,P0051,Cables,50,358.62,2025-05-07,2025-06-18
PO01841,S008,Harbor Industrial,P0079,Electronics,500,214.76,2025-03-01,2025-03-19
PO01842,S003,Caribe Electronics ,P0057,Electronics,10,46.49,2025-03-24,2025-05-05
PO01843,S012,Luna Optics,P0015,Electronics,25,272.17,2025-09-09,2025-09-15
PO01844,S003,Caribe Electronics,P0020,Cables,10,327.24,2025-12-12,2026-01-23
PO01845,S001,Apex Components ,P0071,Cables,25,169.11,2025-03-30,2025-05-08
PO01846,S008,Harbor Industrial,P0067,Hydraulics,250,400.36,2025-09-17,2025-10-05
PO01847,S006,Frontier Plastics,P0086,Cables,250,183.8,2025-07-02,2025-07-08
PO01848,S001,Apex Components,P0026,Cables,10,86.39,2025-05-23,2025-07-01
PO01849,S010,Jetstream Part,P0042,Electronics,10,304.67,2025-08-24,2025-09-30
PO01850,S002,Boreal Metals,P0003,Hydraulics,25,36.89,2025-11-26,2025-12-06
PO01851,S002,Boreal Metals,P0039,Hydraulics,25,172.9,2025-09-02,2025-09-12
PO01852,S001,Apex Components,P0074,Cables,100,11.28,2025-08-29,2025-10-07
PO01853,S001,Apex Components,P0082,Plastics,25,227.05,2025-03-19,2025-04-27
PO01854,S011,Keystone Hydraulics,P0018,Hydraulics,10,120.3,2025-02-28,2025-04-12
PO01855,S001,Apex Components,P0016,Fasteners,250,234.89,2025-01-17,2025-02-25
PO01856,S004,Delta Fasteners ,P0080,Cables,500,285.52,2025-04-20,2025-05-22
PO01857,S011,Keystone Hydraulics,P0086,Cables,50,188.13,2025-09-24,2025-11-06
PO01858,S011,Keystone Hydraulics,P0051,Cables,500,342.85,2025-09-26,2025-11-08
PO01859,S011,Keystone Hydraulics,P0042,Electronics,25,279.6,2025-03-18,2025-04-30
PO01860,S010,Jetstream Parts,P0025,Plastics,500,357.8,2025-07-07,2025-08-13
PO01861,S001,Apex Components,P0028,Hydraulics,500,59.98,2025-12-08,2026-01-16
PO01862,S008,Harbor Industrial,P0016,Fasteners,25,244.0,2025-05-22,2025-06-09
PO01863,S003,Caribe Electronics,P0028,Hydraulics,10,66.37,2025-05-13,2025-06-24
PO01864,S001,Apex Components,P0055,Plastics,10,384.42,2025-07-05,2025-08-13
PO01865,S008,Harbor Industrial,P0093,Fasteners,500,190.71,2025-02-13,2025-03-03
PO01866,S004,Delta Fasteners,P0017,Fasteners,25,76.35,2025-05-25,2025-06-26
PO01867,S011,Keystone Hydraulics,P0081,Fasteners,500,236.56,2025-01-04,2025-02-16
PO01868,S007,Gulf Precision,P0064,Fasteners,250,273.74,2025-11-24,2025-12-04
PO01869,S006,Frontier Plastics,P0048,Cables,50,442.91,2025-08-06,2025-08-12
PO01870,S008,Harbor Industrial ,P0056,Plastics,10,126.02,2025-02-26,2025-03-16
PO01871,S012,Luna Optics,P0053,Fasteners,250,155.3,2025-04-28,2025-05-04
PO01872,S001,Apex Components,P0070,Hydraulics,10,436.03,2025-09-22,2025-10-31
PO01873,S006,Frontier Plastics,P0091,Electronics,10,106.19,2025-08-26,2025-09-01
PO01874,S004,Delta Fasteners,P0043,Electronics,10,275.38,2025-01-25,2025-02-26
PO01875,S007,Gulf Precision,P0023,Hydraulics,10,103.51,2025-12-27,2026-01-06
PO01876,S006,Frontier Plastics,P0058,Cables,100,351.99,2025-12-27,2026-01-02
PO01877,S002,Boreal Metals,P0072,Plastics,10,196.99,2025-06-20,2025-06-30
PO01878,S008,Harbor Industrial,P0033,Fasteners,100,390.87,2025-07-21,2025-08-08
PO01879,S012,Luna Optics ,P0061,Electronics,10,36.21,2025-01-17,2025-01-23
PO01880,S010,Jetstream Parts ,P0004,Cables,10,354.58,2025-03-01,2025-04-07
PO01881,S005,Echo Cable Co,P0075,Plastics,25,99.24,2025-10-06,2025-10-13
PO01882,S011,KEYSTONE HYDRAULICS,P0090,Cables,50,320.59,2025-10-21,2025-12-03
PO01883,S010,Jetstream Parts,P0065,Plastics,10,75.58,2025-10-29,2025-12-05
PO01884,S008,Harbor Industria,P0082,Plastics,25,241.2,2025-11-28,2025-12-16
PO01885,S009,Island Circuits,P0096,Plastics,50,42.05,2025-02-22,2025-03-13
PO01886,S008,Harbor Industrial,P0062,Hydraulics,250,364.75,2025-05-17,2025-06-04
PO01887,S009,Island Circuits,P0086,Cables,250,181.44,2025-11-01,2025-11-20
PO01888,S005,Echo Cable Co,P0022,Electronics,100,320.11,2025-12-05,2025-12-12
PO01889,S003,Caribe Electronics ,P0014,Cables,10,276.16,2025-07-30,2025-09-10
PO01890,S005,Echo Cable Co,P0013,Cables,250,92.8,2025-02-12,2025-02-19
PO01891,S010,Jetstream Parts,P0058,Cables,25,365.41,2025-02-27,2025-04-05
PO01892,S009,Island Circuits,P0065,Plastics,500,76.9,2025-10-28,2025-11-16
PO01893,S005,Echo Cable Co,P0039,Hydraulics,250,149.89,2025-03-12,2025-03-19
PO01894,S004,Delta Fasteners,P0074,Cables,100,11.79,2025-09-17,2025-10-19
PO01895,S001,Apex Components,P0054,Fasteners,100,209.9,2025-06-13,2025-07-22
PO01896,S010,Jetstream Parts,P0052,Plastics,10,277.81,2025-11-28,2026-01-04
PO01897,S003,Caribe Electronics,P0077,Electronics,500,97.86,2025-08-05,2025-09-16
PO01898,S008,Harbor Industrial,P0086,Cables,500,182.14,2025-01-26,2025-02-13
PO01899,S010,Jetstream Parts,P0055,Plastics,10,385.52,2025-07-01,2025-08-07
PO01900,S012,Luna Optics,P0071,Cables,250,180.85,2025-04-25,2025-05-01
PO01901,S011,Keystone Hydraulics,P0086,Cables,500,183.89,2025-07-23,2025-09-04
PO01902,S010,Jetstream Parts,P0049,Fasteners,100,204.67,2025-10-07,2025-11-13
PO01903,S003,Caribe Electronics,P0009,Electronics,100,348.45,2025-01-06,2025-02-17
PO01904,S004,Delta Fasteners,P0081,Fasteners,100,211.21,2025-05-21,2025-06-22
PO01905,S005,Echo Cable Co,P0069,Fasteners,100,284.49,2025-09-30,2025-10-07
PO01906,S008,Harbor Industrial,P0020,Cables,250,325.19,2025-08-16,2025-09-03
PO01907,S002,Boreal Metals,P0012,Cables,50,74.48,2025-02-07,2025-02-17
PO01908,S010,Jetstream Parts,P0082,Plastics,25,224.76,2025-04-15,2025-05-22
PO01909,S004,Delta Fasteners,P0006,Cables,50,224.58,2025-06-14,2025-07-16
PO01910,S005,Echo Cable Co,P0097,Plastics,50,326.34,2025-09-11,2025-09-18
PO01911,S012,Luna Optics,P0038,Hydraulics,50,247.34,2025-01-15,2025-01-21
PO01912,S012,Luna Optics,P0009,Electronics,250,366.02,2025-03-06,2025-03-12
PO01913,S012,Luna Optics,P0001,Electronics,100,286.32,2025-08-25,2025-08-31
PO01914,S002,Boreal Metals,P0029,Fasteners,50,103.06,2025-11-15,2025-11-25
PO01915,S009,Island Circuits,P0080,Cables,25,276.07,2025-12-24,2026-01-12
PO01916,S010,Jetstream Parts,P0040,Hydraulics,500,226.98,2025-02-16,2025-03-25
PO01917,S012,Luna Optics ,P0077,Electronics,500,101.27,2025-04-03,2025-04-09
PO01918,S012,Luna Optic,P0006,Cables,50,223.84,2025-02-28,2025-03-06
PO01919,S009,Island Circuits,P0051,Cables,25,347.82,2025-08-04,2025-08-23
PO01920,S006,Frontier Plastics,P0048,Cables,250,369.97,2025-01-29,2025-02-04
PO01921,S011,Keystone Hydraulics,P0084,Hydraulics,250,78.54,2025-06-04,2025-07-17
PO01922,S007,Gulf Precision,P0049,Fasteners,500,224.08,2025-05-21,2025-05-31
PO01923,S006,FRONTIER PLASTICS,P0056,Plastics,50,145.17,2025-03-24,2025-03-30
PO01924,S008,Harbor Industrial,P0044,Plastics,250,332.89,2025-01-15,2025-02-02
PO01925,S009,Island Circuits,P0078,Electronics,10,385.91,2025-08-06,2025-08-25
PO01926,S011,Keystone Hydraulics,P0024,Fasteners,100,351.12,2025-06-22,2025-08-04
PO01927,S001,Apex Components,P0002,Plastics,500,57.94,2025-12-12,2026-01-20
PO01928,S008,Harbor Industrial,P0055,Plastics,100,372.02,2025-12-22,2026-01-09
PO01929,S002,Boreal Metals,P0011,Hydraulics,25,247.35,2025-05-24,2025-06-03
PO01930,S009,ISLAND CIRCUITS,P0082,Plastics,100,261.61,2025-01-31,2025-02-19
PO01931,S007,Gulf Precision,P0062,Hydraulics,500,318.8,2025-09-11,2025-09-21
PO01932,S006,Frontier Plastics,P0057,Electronics,10,53.44,2025-05-20,2025-05-26
PO01933,S007,Gulf Precision,P0010,Electronics,25,147.26,2025-02-26,2025-03-08
PO01934,S006,Frontier Plastics,P0030,Plastics,100,237.27,2025-06-27,2025-07-03
PO01935,S011,Keystone Hydraulics,P0022,Electronics,50,317.56,2025-05-16,2025-06-28
PO01936,S009,Island Circuits,P0042,Electronics,50,312.57,2025-07-05,2025-07-24
PO01937,S005,Echo Cable Co,P0084,Hydraulics,50,79.16,2025-05-27,2025-06-03
PO01938,S003,Caribe Electronics,P0025,Plastics,25,370.94,2025-08-18,2025-09-29
PO01939,S010,Jetstream Parts,P0094,Cables,10,205.62,2025-08-19,2025-09-25
PO01940,S011,Keystone Hydraulics,P0096,Plastics,25,40.49,2025-09-08,2025-10-21
PO01941,S008,Harbor Industrial,P0046,Hydraulics,500,62.49,2025-01-07,2025-01-25
PO01942,S001,Apex Components,P0033,Fasteners,50,409.84,2025-11-22,2025-12-31
PO01943,S003,Caribe Electronics,P0035,Electronics,250,301.56,2025-04-28,2025-06-09
PO01944,S011,Keystone Hydraulic,P0095,Electronics,10,200.58,2025-09-21,2025-11-03
PO01945,S007,Gulf Precision,P0045,Cables,25,52.59,2025-05-23,2025-06-02
PO01946,S009,Island Circuits,P0047,Electronics,500,409.82,2025-02-03,2025-02-22
PO01947,S011,Keystone Hydraulics,P0097,Plastics,500,361.09,2025-12-09,2026-01-21
PO01948,S011,Keystone Hydraulics,P0033,Fasteners,250,424.3,2025-07-17,2025-08-29
PO01949,S012,Luna Optics,P0077,Electronics,10,94.32,2025-06-06,2025-06-12
PO01950,S008,Harbor Industrial,P0088,Electronics,25,258.47,2025-05-10,2025-05-28
PO01951,S007,Gulf Precision,P0091,Electronics,50,114.19,2025-03-31,2025-04-10
PO01952,S009,Island Circuits,P0031,Plastics,25,169.1,2025-10-18,2025-11-06
PO01953,S007,Gulf Precision,P0021,Electronics,250,98.14,2025-04-18,2025-04-28
PO01954,S004,Delta Fasteners ,P0022,Electronics,25,313.83,2025-03-04,2025-04-05
PO01955,S007,Gulf Precision,P0060,Fasteners,100,397.84,2025-07-14,2025-07-24
PO01956,S011,Keystone Hydraulics,P0062,Hydraulics,500,346.24,2025-07-17,2025-08-29
PO01957,S005,Echo Cable Co,P0008,Fasteners,500,312.12,2025-05-01,2025-05-08
PO01958,S009,Island Circuits,P0097,Plastics,10,370.43,2025-09-05,2025-09-24
PO01959,S005,Echo Cable Co,P0053,Fasteners,250,167.11,2025-06-11,2025-06-18
PO01960,S008,HARBOR INDUSTRIAL,P0097,Plastics,100,372.72,2025-04-04,2025-04-22
PO01961,S008,Harbor Industrial,P0010,Electronics,50,147.04,2025-01-11,2025-01-29
PO01962,S002,Boreal Metals,P0002,Plastics,500,52.19,2025-07-21,2025-07-31
PO01963,S004,Delta Fasteners,P0037,Fasteners,10,307.77,2025-08-17,2025-09-18
PO01964,S001,Apex Components,P0067,Hydraulics,250,409.87,2025-01-08,2025-02-16
PO01965,S003,Caribe Electronics,P0049,Fasteners,250,210.4,2025-10-18,2025-11-29
PO01966,S009,Island Circuits,P0056,Plastics,250,141.11,2025-10-12,2025-10-31
PO01967,S008,Harbor Industrial ,P0079,Electronics,10,229.48,2025-07-06,2025-07-24
PO01968,S008,Harbor Industrial,P0049,Fasteners,10,199.02,2025-12-21,2026-01-08
PO01969,S006,Frontier Plastics,P0059,Cables,500,108.61,2025-09-25,2025-10-01
PO01970,S001,Apex Components,P0098,Electronics,250,421.9,2025-07-08,2025-08-16
PO01971,S002,Boreal Metals,P0059,Cables,100,94.19,2025-08-22,2025-09-01
PO01972,S002,Boreal Metals,P0013,Cables,250,92.12,2025-12-11,2025-12-21
PO01973,S003,Caribe Electronics,P0056,Plastics,50,140.26,2025-04-01,2025-05-13
PO01974,S012,Luna Optics,P0034,Fasteners,500,199.95,2025-07-07,2025-07-13
PO01975,S001,Apex Components,P0041,Plastics,100,385.59,2025-09-16,2025-10-25
PO01976,S012,Luna Optics,P0007,Electronics,10,22.97,2025-11-20,2025-11-26
PO01977,S003,Caribe Electronics,P0028,Hydraulics,25,61.45,2025-05-23,2025-07-04
PO01978,S012,Luna Optics,P0036,Electronics,10,66.22,2025-01-30,2025-02-05
PO01979,S012,Luna Optics,P0058,Cables,25,363.67,2025-02-16,2025-02-22
PO01980,S006,Frontier Plastics ,P0001,Electronics,100,298.36,2025-02-03,2025-02-09
PO01981,S002,Boreal Metals,P0074,Cables,50,11.6,2025-01-01,2025-01-11
PO01982,S006,Frontier Plastics,P0024,Fasteners,100,350.35,2025-02-11,2025-02-17
PO01983,S001,Apex Components,P0005,Plastics,100,378.77,2025-02-06,2025-03-17
PO01984,S012,Luna Optics,P0084,Hydraulics,10,78.75,2025-09-16,2025-09-22
PO01985,S003,Caribe Electronics,P0073,Fasteners,250,97.01,2025-08-28,2025-10-09
PO01986,S005,Echo Cable Co,P0061,Electronics,10,34.92,2025-07-31,2025-08-07
PO01987,S008,Harbor Industrial,P0026,Cables,50,97.92,2025-10-03,2025-10-21
PO01988,S006,Frontier Plastics,P0100,Hydraulics,250,192.49,2025-12-06,2025-12-12
PO01989,S012,Luna Optics,P0047,Electronics,100,429.8,2025-05-12,2025-05-18
PO01990,S005,Echo Cable Co,P0070,Hydraulics,100,413.82,2025-01-20,2025-01-27
PO01991,S005,Echo Cable Co,P0070,Hydraulics,250,455.21,2025-04-10,2025-04-17
PO01992,S011,Keystone Hydraulics,P0039,Hydraulics,100,156.37,2025-03-12,2025-04-24
PO01993,S007,Gulf Precision,P0047,Electronics,100,368.65,2025-11-14,2025-11-24
PO01994,S001,Apex Components,P0077,Electronics,10,105.27,2025-10-04,2025-11-12
PO01995,S012,Luna Optics,P0004,Cables,500,331.01,2025-11-04,2025-11-10
PO01996,S007,GULF PRECISION,P0013,Cables,250,86.72,2025-12-18,2025-12-28
PO01997,S003,Caribe Electronics,P0082,Plastics,10,236.93,2025-07-27,2025-09-07
PO01998,S003,Caribe Electronics,P0001,Electronics,10,303.41,2025-12-08,2026-01-19
PO01999,S001,Apex Components,P0021,Electronics,100,89.97,2025-12-25,2026-02-02
PO02000,S006,Frontier Plastics,P0084,Hydraulics,500,80.74,2025-12-18,2025-12-24
PO02001,S008,Harbor Industrial,P0013,Cables,100,83.32,2025-12-27,2026-01-14
PO02002,S010,JETSTREAM PARTS,P0087,Hydraulics,50,344.47,2025-11-26,2026-01-02
PO02003,S011,Keystone Hydraulics,P0080,Cables,25,255.49,2025-06-05,2025-07-18
PO02004,S003,Caribe Electronics ,P0005,Plastics,25,380.04,2025-08-08,2025-09-19
PO02005,S010,Jetstream Parts,P0013,Cables,25,91.62,2025-12-01,2026-01-07
PO02006,S004,Delta Fasteners,P0048,Cables,500,372.92,2025-10-18,2025-11-19
PO02007,S010,Jetstream Parts,P0002,Plastics,500,53.52,2025-01-10,2025-02-16
PO02008,S008,Harbor Industrial,P0062,Hydraulics,50,368.96,2025-01-23,2025-02-10
PO02009,S012,Luna Optics,P0028,Hydraulics,500,59.32,2025-04-10,2025-04-16
PO02010,S008,Harbor Industrial,P0049,Fasteners,25,202.75,2025-06-21,2025-07-09
PO02011,S006,Frontier Plastics,P0033,Fasteners,25,387.43,2025-07-20,2025-07-26
PO02012,S011,Keystone Hydraulics,P0074,Cables,500,10.31,2025-03-18,2025-04-30
PO02013,S011,Keystone Hydraulics,P0054,Fasteners,500,206.08,2025-01-24,2025-03-08
PO02014,S005,Echo Cable Co,P0032,Plastics,10,156.67,2025-03-19,2025-03-26
PO02015,S001,Apex Components,P0037,Fasteners,500,359.99,2025-06-21,2025-07-30
PO02016,S008,Harbor Industrial,P0042,Electronics,250,291.48,2025-04-06,2025-04-24
PO02017,S004,Delta Fasteners,P0031,Plastics,100,170.08,2025-12-10,2026-01-11
PO02018,S012,Luna Optics,P0019,Plastics,100,88.28,2025-07-09,2025-07-15
PO02019,S003,Caribe Electronics,P0001,Electronics,100,297.94,2025-02-28,2025-04-11
PO02020,S012,Luna Optics,P0022,Electronics,10,353.07,2025-11-28,2025-12-04
PO02021,S002,Boreal Metals,P0067,Hydraulics,250,419.49,2025-09-08,2025-09-18
PO02022,S007,Gulf Precision,P0028,Hydraulics,250,62.4,2025-07-10,2025-07-20
PO02023,S008,Harbor Industrial,P0022,Electronics,500,342.14,2025-12-20,2026-01-07
PO02024,S004,Delta Fasteners,P0062,Hydraulics,250,324.55,2025-12-25,2026-01-26
PO02025,S010,Jetstream Parts,P0062,Hydraulics,25,373.28,2025-09-18,2025-10-25
PO02026,S003,Caribe Electronics,P0022,Electronics,500,309.77,2025-09-02,2025-10-14
PO02027,S004,Delta Fasteners ,P0018,Hydraulics,500,105.91,2025-03-21,2025-04-22
PO02028,S012,Luna Optic,P0068,Plastics,500,346.41,2025-02-26,2025-03-04
PO02029,S001,Apex Components,P0087,Hydraulics,25,337.34,2025-11-18,2025-12-27
PO02030,S003,Caribe Electronics,P0029,Fasteners,25,105.13,2025-03-08,2025-04-19
PO02031,S006,Frontier Plastics,P0092,Fasteners,25,237.38,2025-01-22,2025-01-28
PO02032,S005,Echo Cable Co,P0051,Cables,25,375.72,2025-01-02,2025-01-09
PO02033,S008,Harbor Industrial,P0059,Cables,50,94.3,2025-07-23,2025-08-10
PO02034,S011,Keystone Hydraulics,P0021,Electronics,250,104.96,2025-02-15,2025-03-30
PO02035,S010,Jetstream Parts,P0006,Cables,25,244.81,2025-10-26,2025-12-02
PO02036,S012,Luna Optics,P0070,Hydraulics,50,409.37,2025-02-04,2025-02-10
PO02037,S002,Boreal Metals,P0054,Fasteners,100,221.74,2025-01-08,2025-01-18
PO02038,S007,Gulf Precision,P0059,Cables,10,100.1,2025-07-16,2025-07-26
PO02039,S006,Frontier Plastics,P0008,Fasteners,50,341.46,2025-10-25,2025-10-31
PO02040,S004,Delta Fasteners,P0088,Electronics,50,295.23,2025-11-06,2025-12-08
PO02041,S003,Caribe Electronics,P0059,Cables,25,99.93,2025-03-08,2025-04-19
PO02042,S007,Gulf Precision,P0086,Cables,25,180.98,2025-06-25,2025-07-05
PO02043,S009,Island Circuits,P0082,Plastics,10,263.68,2025-10-01,2025-10-20
PO02044,S007,Gulf Precision,P0019,Plastics,500,101.17,2025-05-03,2025-05-13
PO02045,S005,Echo Cable Co,P0029,Fasteners,25,99.95,2025-10-14,2025-10-21
PO02046,S003,Caribe Electronics,P0047,Electronics,500,380.54,2025-01-30,2025-03-13
PO02047,S012,Luna Optics,P0031,Plastics,10,176.52,2025-02-10,2025-02-16
PO02048,S012,Luna Optics,P0035,Electronics,50,311.3,2025-08-28,2025-09-03
PO02049,S008,Harbor Industrial,P0052,Plastics,250,271.13,2025-12-31,2026-01-18
PO02050,S004,Delta Fasteners,P0056,Plastics,50,146.92,2025-10-16,2025-11-17
PO02051,S002,Boreal Metals,P0056,Plastics,25,129.1,2025-05-24,2025-06-03
PO02052,S010,Jetstream Parts,P0043,Electronics,250,304.19,2025-06-06,2025-07-13
PO02053,S006,Frontier Plastics,P0074,Cables,100,10.78,2025-07-23,2025-07-29
PO02054,S006,Frontier Plastics,P0100,Hydraulics,500,194.19,2025-10-29,2025-11-04
PO02055,S011,Keystone Hydraulics,P0070,Hydraulics,250,449.6,2025-04-11,2025-05-24
PO02056,S005,Echo Cable Co,P0028,Hydraulics,500,60.77,2025-01-29,2025-02-05
PO02057,S011,Keystone Hydraulics,P0003,Hydraulics,10,36.57,2025-10-01,2025-11-13
PO02058,S003,Caribe Electronics,P0016,Fasteners,10,223.03,2025-07-08,2025-08-19
PO02059,S006,Frontier Plastics,P0085,Electronics,50,298.95,2025-04-01,2025-04-07
PO02060,S011,Keystone Hydraulics,P0064,Fasteners,10,285.37,2025-02-27,2025-04-11
PO02061,S012,Luna Optics,P0068,Plastics,100,337.12,2025-06-24,2025-06-30
PO02062,S007,Gulf Precision,P0052,Plastics,500,241.68,2025-06-15,2025-06-25
PO02063,S005,Echo Cable Co,P0008,Fasteners,500,333.17,2025-01-24,2025-01-31
PO02064,S002,Boreal Metals,P0004,Cables,50,359.22,2025-06-16,2025-06-26
PO02065,S011,Keystone Hydraulic,P0023,Hydraulics,500,107.18,2025-03-07,2025-04-19
PO02066,S010,Jetstream Parts,P0089,Electronics,10,27.58,2025-04-22,2025-05-29
PO02067,S001,Apex Components,P0026,Cables,10,88.29,2025-04-12,2025-05-21
PO02068,S012,Luna Optics,P0004,Cables,250,363.73,2025-11-27,2025-12-03
PO02069,S010,Jetstream Parts,P0046,Hydraulics,500,64.75,2025-12-16,2026-01-22
PO02070,S004,Delta Fasteners,P0090,Cables,250,343.3,2025-04-08,2025-05-10
PO02071,S012,Luna Optics,P0029,Fasteners,50,103.63,2025-04-26,2025-05-02
PO02072,S002,Boreal Metals ,P0007,Electronics,250,19.99,2025-08-24,2025-09-03
PO02073,S004,DELTA FASTENERS,P0049,Fasteners,10,198.95,2025-02-20,2025-03-24
PO02074,S009,Island Circuits,P0029,Fasteners,250,114.42,2025-12-14,2026-01-02
PO02075,S007,Gulf Precision,P0091,Electronics,50,111.66,2025-10-01,2025-10-11
PO02076,S003,Caribe Electronics,P0027,Hydraulics,25,156.0,2025-12-20,2026-01-31
PO02077,S010,Jetstream Parts,P0038,Hydraulics,50,274.82,2025-03-20,2025-04-26
PO02078,S011,Keystone Hydraulics,P0081,Fasteners,25,221.11,2025-04-02,2025-05-15
PO02079,S006,Frontier Plastics ,P0028,Hydraulics,50,60.5,2025-12-02,2025-12-08
PO02080,S004,Delta Fasteners,P0009,Electronics,500,343.9,2025-02-28,2025-04-01
PO02081,S001,Apex Components,P0063,Plastics,500,325.75,2025-06-11,2025-07-20
PO02082,S001,Apex Components,P0085,Electronics,10,260.29,2025-04-23,2025-06-01
PO02083,S004,Delta Fasteners,P0074,Cables,500,10.65,2025-08-31,2025-10-02
PO02084,S010,Jetstream Parts,P0010,Electronics,25,156.92,2025-11-17,2025-12-24
PO02085,S011,Keystone Hydraulics,P0044,Plastics,50,320.08,2025-08-08,2025-09-20
PO02086,S004,Delta Fasteners,P0076,Fasteners,50,4.96,2025-08-19,2025-09-20
PO02087,S001,Apex Components,P0033,Fasteners,25,432.18,2025-08-11,2025-09-19
PO02088,S011,Keystone Hydraulic,P0012,Cables,25,66.1,2025-06-07,2025-07-20
PO02089,S007,Gulf Precision,P0060,Fasteners,250,362.41,2025-10-18,2025-10-28
PO02090,S008,Harbor Industrial,P0030,Plastics,10,213.71,2025-11-05,2025-11-23
PO02091,S006,Frontier Plastics,P0090,Cables,250,335.08,2025-09-29,2025-10-05
PO02092,S004,Delta Fasteners,P0081,Fasteners,500,236.04,2025-10-20,2025-11-21
PO02093,S007,Gulf Precision ,P0043,Electronics,50,287.67,2025-04-07,2025-04-17
PO02094,S002,Boreal Metals,P0019,Plastics,10,86.18,2025-03-23,2025-04-02
PO02095,S005,Echo Cable Co,P0073,Fasteners,500,92.05,2025-08-22,2025-08-29
PO02096,S001,Apex Components,P0001,Electronics,25,304.96,2025-08-04,2025-09-12
PO02097,S007,Gulf Precision,P0039,Hydraulics,250,174.6,2025-08-18,2025-08-28
PO02098,S006,Frontier Plastics,P0055,Plastics,500,373.49,2025-01-18,2025-01-24
PO02099,S004,Delta Fasteners,P0046,Hydraulics,50,64.29,2025-12-24,2026-01-25
PO02100,S010,Jetstream Part,P0024,Fasteners,100,411.67,2025-08-14,2025-09-20
PO02101,S004,Delta Fasteners,P0042,Electronics,25,291.49,2025-01-26,2025-02-27
PO02102,S009,Island Circuits,P0021,Electronics,100,96.45,2025-07-31,2025-08-19
PO02103,S009,Island Circuits,P0080,Cables,250,287.66,2025-10-19,2025-11-07
PO02104,S005,Echo Cable Co,P0043,Electronics,50,276.46,2025-05-30,2025-06-06
PO02105,S002,Boreal Metals,P0051,Cables,250,370.88,2025-11-05,2025-11-15
PO02106,S010,Jetstream Parts,P0058,Cables,50,353.11,2025-04-26,2025-06-02
PO02107,S011,Keystone Hydraulics,P0090,Cables,250,307.67,2025-03-29,2025-05-11
PO02108,S012,Luna Optics,P0028,Hydraulics,250,63.48,2025-12-09,2025-12-15
PO02109,S004,Delta Fasteners,P0021,Electronics,10,102.67,2025-01-05,2025-02-06
PO02110,S008,Harbor Industrial,P0098,Electronics,10,418.82,2025-09-03,2025-09-21
PO02111,S007,Gulf Precision,P0048,Cables,50,379.63,2025-08-30,2025-09-09
PO02112,S007,Gulf Precision,P0039,Hydraulics,100,164.99,2025-02-02,2025-02-12
PO02113,S006,Frontier Plastics,P0014,Cables,25,315.85,2025-02-28,2025-03-06
PO02114,S010,Jetstream Parts,P0051,Cables,25,362.46,2025-06-19,2025-07-26
PO02115,S002,Boreal Metals,P0074,Cables,250,10.39,2025-04-22,2025-05-02
PO02116,S007,Gulf Precisio,P0050,Electronics,25,396.18,2025-02-13,2025-02-23
PO02117,S003,Caribe Electronics,P0025,Plastics,100,385.23,2025-03-22,2025-05-03
PO02118,S003,Caribe Electronics,P0034,Fasteners,100,195.32,2025-04-17,2025-05-29
PO02119,S012,Luna Optics,P0089,Electronics,500,29.11,2025-12-03,2025-12-09
PO02120,S011,Keystone Hydraulics,P0041,Plastics,500,366.58,2025-12-29,2026-02-10
PO02121,S002,Boreal Metals,P0083,Fasteners,500,316.55,2025-09-07,2025-09-17
PO02122,S006,Frontier Plastics,P0008,Fasteners,25,343.21,2025-04-27,2025-05-03
PO02123,S010,Jetstream Parts,P0036,Electronics,100,65.32,2025-07-20,2025-08-26
PO02124,S003,Caribe Electronics,P0080,Cables,25,262.05,2025-01-05,2025-02-16
PO02125,S004,Delta Fasteners,P0003,Hydraulics,25,34.82,2025-04-12,2025-05-14
PO02126,S008,Harbor Industrial,P0047,Electronics,10,373.38,2025-08-13,2025-08-31
PO02127,S004,Delta Fasteners,P0096,Plastics,10,41.95,2025-03-30,2025-05-01
PO02128,S009,Island Circuits,P0099,Fasteners,50,65.18,2025-09-07,2025-09-26
PO02129,S002,Boreal Metals,P0075,Plastics,500,102.34,2025-01-09,2025-01-19
PO02130,S006,Frontier Plastics,P0008,Fasteners,100,310.23,2025-07-31,2025-08-06
PO02131,S008,Harbor Industrial,P0083,Fasteners,500,350.41,2025-12-20,2026-01-07
PO02132,S003,Caribe Electronics,P0034,Fasteners,10,216.73,2025-07-17,2025-08-28
PO02133,S011,Keystone Hydraulics,P0019,Plastics,50,86.09,2025-09-16,2025-10-29
PO02134,S006,Frontier Plastics,P0050,Electronics,100,348.8,2025-10-01,2025-10-07
PO02135,S004,Delta Fasteners,P0081,Fasteners,25,246.53,2025-08-20,2025-09-21
PO02136,S001,Apex Components,P0016,Fasteners,250,205.66,2025-08-23,2025-10-01
PO02137,S012,Luna Optics,P0079,Electronics,10,236.63,2025-12-09,2025-12-15
PO02138,S012,Luna Optics,P0005,Plastics,500,361.68,2025-04-26,2025-05-02
PO02139,S003,Caribe Electronics,P0077,Electronics,50,91.68,2025-02-26,2025-04-09
PO02140,S004,Delta Fasteners,P0029,Fasteners,250,95.58,2025-08-21,2025-09-22
PO02141,S007,Gulf Precision,P0087,Hydraulics,50,369.4,2025-12-17,2025-12-27
PO02142,S001,Apex Components,P0089,Electronics,250,26.33,2025-04-11,2025-05-20
PO02143,S008,Harbor Industrial,P0066,Plastics,250,332.59,2025-10-25,2025-11-12
PO02144,S007,Gulf Precision,P0099,Fasteners,250,73.13,2025-12-17,2025-12-27
PO02145,S005,Echo Cable Co,P0080,Cables,500,288.89,2025-04-04,2025-04-11
PO02146,S005,Echo Cable Co,P0024,Fasteners,100,405.25,2025-09-12,2025-09-19
PO02147,S007,Gulf Precision,P0045,Cables,250,49.69,2025-02-12,2025-02-22
PO02148,S006,Frontier Plastics,P0074,Cables,500,10.44,2025-03-22,2025-03-28
PO02149,S006,Frontier Plastics,P0041,Plastics,500,343.39,2025-12-25,2025-12-31
PO02150,S007,Gulf Precision,P0023,Hydraulics,250,123.84,2025-06-01,2025-06-11
PO02151,S009,Island Circuits,P0004,Cables,500,321.94,2025-12-09,2025-12-28
PO02152,S001,Apex Components,P0006,Cables,50,259.65,2025-10-21,2025-11-29
PO02153,S003,Caribe Electronics,P0013,Cables,25,86.17,2025-02-09,2025-03-23
PO02154,S007,Gulf Precision,P0070,Hydraulics,100,410.13,2025-10-02,2025-10-12
PO02155,S009,Island Circuits,P0069,Fasteners,10,288.93,2025-07-19,2025-08-07
PO02156,S009,Island Circuits,P0064,Fasteners,100,264.29,2025-11-23,2025-12-12
PO02157,S011,Keystone Hydraulics,P0052,Plastics,50,270.03,2025-07-24,2025-09-05
PO02158,S002,Boreal Metals,P0079,Electronics,25,203.7,2025-08-12,2025-08-22
PO02159,S005,Echo Cable Co,P0021,Electronics,250,103.33,2025-05-10,2025-05-17
PO02160,S010,Jetstream Parts,P0099,Fasteners,500,76.55,2025-02-27,2025-04-05
PO02161,S010,Jetstream Parts,P0036,Electronics,250,67.88,2025-12-20,2026-01-26
PO02162,S001,Apex Components,P0029,Fasteners,100,109.93,2025-08-05,2025-09-13
PO02163,S004,Delta Fasteners,P0096,Plastics,25,43.38,2025-10-04,2025-11-05
PO02164,S005,Echo Cable Co,P0032,Plastics,250,152.97,2025-05-01,2025-05-08
PO02165,S010,Jetstream Parts,P0022,Electronics,500,310.32,2025-10-17,2025-11-23
PO02166,S008,Harbor Industrial,P0097,Plastics,100,329.87,2025-05-05,2025-05-23
PO02167,S007,Gulf Precision,P0087,Hydraulics,25,356.7,2025-04-20,2025-04-30
PO02168,S009,Island Circuits,P0097,Plastics,100,325.02,2025-04-01,2025-04-20
PO02169,S002,Boreal Metals,P0025,Plastics,25,344.25,2025-12-06,2025-12-16
PO02170,S009,Island Circuits,P0066,Plastics,500,344.82,2025-04-25,2025-05-14
PO02171,S006,FRONTIER PLASTICS,P0091,Electronics,500,115.16,2025-12-25,2025-12-31
PO02172,S011,Keystone Hydraulics,P0093,Fasteners,50,182.99,2025-10-25,2025-12-07
PO02173,S005,Echo Cable Co,P0032,Plastics,10,172.44,2025-11-15,2025-11-22
PO02174,S002,Boreal Metals,P0046,Hydraulics,250,68.63,2025-08-03,2025-08-13
PO02175,S003,Caribe Electronics,P0095,Electronics,500,198.77,2025-01-09,2025-02-20
PO02176,S007,Gulf Precision,P0069,Fasteners,100,291.69,2025-03-29,2025-04-08
PO02177,S010,Jetstream Parts,P0065,Plastics,250,66.54,2025-10-17,2025-11-23
PO02178,S011,Keystone Hydraulics,P0002,Plastics,100,55.08,2025-06-02,2025-07-15
PO02179,S010,Jetstream Parts,P0053,Fasteners,100,152.46,2025-10-30,2025-12-06
PO02180,S009,Island Circuits,P0001,Electronics,250,317.93,2025-11-01,2025-11-20
PO02181,S010,Jetstream Part,P0037,Fasteners,100,333.69,2025-05-22,2025-06-28
PO02182,S008,Harbor Industrial,P0032,Plastics,50,173.19,2025-08-23,2025-09-10
PO02183,S002,Boreal Metals,P0049,Fasteners,50,204.68,2025-10-27,2025-11-06
PO02184,S007,Gulf Precision,P0002,Plastics,50,58.27,2025-03-29,2025-04-08
PO02185,S007,Gulf Precision,P0052,Plastics,50,235.14,2025-10-11,2025-10-21
PO02186,S006,FRONTIER PLASTICS,P0067,Hydraulics,10,434.22,2025-04-24,2025-04-30
PO02187,S006,Frontier Plastics,P0062,Hydraulics,50,346.46,2025-12-08,2025-12-14
PO02188,S012,Luna Optics,P0014,Cables,250,315.95,2025-06-27,2025-07-03
PO02189,S008,HARBOR INDUSTRIAL,P0048,Cables,10,372.94,2025-01-25,2025-02-12
PO02190,S010,Jetstream Parts,P0100,Hydraulics,250,184.57,2025-07-02,2025-08-08
PO02191,S005,Echo Cable Co,P0099,Fasteners,250,78.13,2025-04-09,2025-04-16
PO02192,S009,Island Circuits,P0098,Electronics,100,391.51,2025-01-10,2025-01-29
PO02193,S004,Delta Fasteners,P0055,Plastics,50,366.16,2025-12-19,2026-01-20
PO02194,S010,Jetstream Parts,P0077,Electronics,10,100.85,2025-07-21,2025-08-27
PO02195,S006,Frontier Plastics,P0022,Electronics,50,357.06,2025-01-20,2025-01-26
PO02196,S007,Gulf Precision,P0062,Hydraulics,25,360.64,2025-06-11,2025-06-21
PO02197,S011,Keystone Hydraulics,P0083,Fasteners,500,300.41,2025-05-31,2025-07-13
PO02198,S005,Echo Cable Co,P0088,Electronics,50,288.94,2025-07-10,2025-07-17
PO02199,S009,Island Circuits,P0029,Fasteners,50,96.79,2025-01-04,2025-01-23
PO02200,S003,CARIBE ELECTRONICS,P0090,Cables,250,320.58,2025-01-29,2025-03-12
PO02201,S002,Boreal Metals,P0092,Fasteners,100,232.25,2025-05-02,2025-05-12
PO02202,S005,Echo Cable Co,P0069,Fasteners,500,306.75,2025-10-07,2025-10-14
PO02203,S003,Caribe Electronics,P0024,Fasteners,250,396.95,2025-12-09,2026-01-20
PO02204,S002,Boreal Metals,P0065,Plastics,50,65.47,2025-09-08,2025-09-18
PO02205,S011,Keystone Hydraulics,P0007,Electronics,50,20.27,2025-06-07,2025-07-20
PO02206,S011,Keystone Hydraulics,P0028,Hydraulics,50,66.2,2025-03-14,2025-04-26
PO02207,S008,Harbor Industrial,P0016,Fasteners,50,238.44,2025-10-25,2025-11-12
PO02208,S010,Jetstream Parts,P0027,Hydraulics,10,167.77,2025-06-20,2025-07-27
PO02209,S002,Boreal Metals,P0009,Electronics,500,369.42,2025-04-13,2025-04-23
PO02210,S008,Harbor Industrial,P0065,Plastics,250,71.88,2025-03-31,2025-04-18
PO02211,S001,Apex Components,P0037,Fasteners,250,344.8,2025-08-11,2025-09-19
PO02212,S006,Frontier Plastics,P0085,Electronics,25,276.58,2025-06-17,2025-06-23
PO02213,S002,Boreal Metals,P0046,Hydraulics,100,65.5,2025-12-18,2025-12-28
PO02214,S007,Gulf Precision,P0021,Electronics,250,89.72,2025-07-23,2025-08-02
PO02215,S005,Echo Cable Co,P0049,Fasteners,500,230.83,2025-08-09,2025-08-16
PO02216,S012,Luna Optics,P0005,Plastics,10,375.97,2025-01-25,2025-01-31
PO02217,S011,Keystone Hydraulics,P0091,Electronics,50,97.64,2025-03-25,2025-05-07
PO02218,S003,Caribe Electronics,P0084,Hydraulics,50,88.48,2025-07-19,2025-08-30
PO02219,S011,Keystone Hydraulics,P0079,Electronics,500,214.4,2025-08-23,2025-10-05
PO02220,S006,Frontier Plastics,P0082,Plastics,500,243.82,2025-10-20,2025-10-26
PO02221,S003,Caribe Electronics,P0019,Plastics,10,93.21,2025-08-14,2025-09-25
PO02222,S002,Boreal Metals,P0018,Hydraulics,50,117.96,2025-09-28,2025-10-08
PO02223,S006,Frontier Plastics,P0097,Plastics,250,382.64,2025-09-28,2025-10-04
PO02224,S004,Delta Fasteners,P0055,Plastics,100,377.94,2025-03-23,2025-04-24
PO02225,S001,Apex Components,P0027,Hydraulics,250,165.34,2025-09-15,2025-10-24
PO02226,S008,Harbor Industrial,P0069,Fasteners,10,290.7,2025-05-21,2025-06-08
PO02227,S001,Apex Components,P0095,Electronics,250,203.92,2025-12-03,2026-01-11
PO02228,S008,Harbor Industrial,P0060,Fasteners,250,344.27,2025-01-25,2025-02-12
PO02229,S006,Frontier Plastics,P0012,Cables,500,70.14,2025-12-03,2025-12-09
PO02230,S011,Keystone Hydraulics,P0041,Plastics,25,328.74,2025-03-06,2025-04-18
PO02231,S002,Boreal Metals,P0002,Plastics,25,55.02,2025-09-30,2025-10-10
PO02232,S002,Boreal Metals ,P0032,Plastics,500,154.81,2025-08-07,2025-08-17
PO02233,S012,Luna Optics,P0016,Fasteners,10,241.6,2025-05-26,2025-06-01
PO02234,S006,Frontier Plastics,P0090,Cables,250,353.19,2025-09-12,2025-09-18
PO02235,S010,Jetstream Parts,P0052,Plastics,250,243.98,2025-05-06,2025-06-12
PO02236,S007,Gulf Precision,P0012,Cables,50,69.41,2025-11-21,2025-12-01
PO02237,S007,Gulf Precision,P0031,Plastics,250,176.21,2025-09-07,2025-09-17
PO02238,S007,Gulf Precision,P0087,Hydraulics,250,386.5,2025-01-22,2025-02-01
PO02239,S003,Caribe Electronics,P0070,Hydraulics,250,429.93,2025-08-04,2025-09-15
PO02240,S009,Island Circuits,P0011,Hydraulics,100,283.92,2025-05-11,2025-05-30
PO02241,S012,Luna Optics,P0060,Fasteners,50,357.41,2025-11-21,2025-11-27
PO02242,S005,Echo Cable Co ,P0006,Cables,50,251.23,2025-03-05,2025-03-12
PO02243,S005,Echo Cable Co,P0019,Plastics,100,87.34,2025-08-03,2025-08-10
PO02244,S005,Echo Cable Co,P0059,Cables,10,96.91,2025-09-28,2025-10-05
PO02245,S010,Jetstream Parts,P0006,Cables,100,252.43,2025-09-11,2025-10-18
PO02246,S012,Luna Optics,P0001,Electronics,250,309.19,2025-03-30,2025-04-05
PO02247,S006,Frontier Plastics,P0097,Plastics,50,333.88,2025-02-27,2025-03-05
PO02248,S003,Caribe Electronics,P0063,Plastics,10,303.52,2025-08-21,2025-10-02
PO02249,S002,Boreal Metals,P0014,Cables,100,310.33,2025-05-19,2025-05-29
PO02250,S009,Island Circuits,P0009,Electronics,250,357.48,2025-09-10,2025-09-29
PO02251,S004,Delta Fasteners,P0028,Hydraulics,100,61.21,2025-05-26,2025-06-27
PO02252,S002,Boreal Metals,P0045,Cables,25,52.18,2025-09-20,2025-09-30
PO02253,S006,Frontier Plastics,P0034,Fasteners,25,197.33,2025-01-21,2025-01-27
PO02254,S012,Luna Optics,P0084,Hydraulics,50,74.0,2025-08-19,2025-08-25
PO02255,S012,Luna Optics,P0035,Electronics,10,304.05,2025-10-17,2025-10-23
PO02256,S001,Apex Components,P0080,Cables,100,306.06,2025-11-12,2025-12-21
PO02257,S008,Harbor Industrial,P0004,Cables,250,364.94,2025-10-13,2025-10-31
PO02258,S006,Frontier Plastics,P0011,Hydraulics,100,251.71,2025-06-02,2025-06-08
PO02259,S012,Luna Optics,P0083,Fasteners,500,304.83,2025-04-20,2025-04-26
PO02260,S009,Island Circuits,P0056,Plastics,10,125.78,2025-12-19,2026-01-07
PO02261,S009,Island Circuits,P0052,Plastics,100,234.89,2025-12-22,2026-01-10
PO02262,S004,Delta Fastener,P0051,Cables,100,344.42,2025-03-11,2025-04-12
PO02263,S010,Jetstream Parts,P0041,Plastics,10,344.13,2025-01-31,2025-03-09
PO02264,S010,Jetstream Parts,P0060,Fasteners,10,336.31,2025-04-08,2025-05-15
PO02265,S007,Gulf Precision,P0073,Fasteners,10,88.24,2025-09-18,2025-09-28
PO02266,S006,Frontier Plastics,P0091,Electronics,50,116.09,2025-07-28,2025-08-03
PO02267,S002,Boreal Metals,P0061,Electronics,10,36.05,2025-08-21,2025-08-31
PO02268,S005,Echo Cable Co,P0017,Fasteners,25,72.36,2025-07-04,2025-07-11
PO02269,S006,Frontier Plastics,P0024,Fasteners,25,353.17,2025-10-28,2025-11-03
PO02270,S005,Echo Cable Co,P0095,Electronics,100,182.86,2025-08-31,2025-09-07
PO02271,S011,Keystone Hydraulics,P0024,Fasteners,100,370.24,2025-11-25,2026-01-07
PO02272,S005,Echo Cable Co,P0093,Fasteners,250,184.42,2025-01-13,2025-01-20
PO02273,S009,Island Circuits ,P0045,Cables,10,45.06,2025-07-15,2025-08-03
PO02274,S010,Jetstream Parts,P0012,Cables,25,68.8,2025-08-09,2025-09-15
PO02275,S007,Gulf Precision,P0033,Fasteners,100,449.11,2025-10-12,2025-10-22
PO02276,S007,Gulf Precision,P0008,Fasteners,10,313.52,2025-09-14,2025-09-24
PO02277,S011,Keystone Hydraulics,P0072,Plastics,10,173.79,2025-10-17,2025-11-29
PO02278,S001,Apex Components,P0007,Electronics,100,22.32,2025-10-20,2025-11-28
PO02279,S011,Keystone Hydraulics,P0017,Fasteners,25,67.41,2025-06-16,2025-07-29
PO02280,S001,Apex Components,P0065,Plastics,25,77.41,2025-03-02,2025-04-10
PO02281,S001,Apex Components,P0022,Electronics,10,353.16,2025-03-27,2025-05-05
PO02282,S001,Apex Component,P0027,Hydraulics,25,152.07,2025-01-02,2025-02-10
PO02283,S007,Gulf Precision,P0059,Cables,25,92.53,2025-10-31,2025-11-10
PO02284,S002,Boreal Metals,P0016,Fasteners,50,203.97,2025-03-02,2025-03-12
PO02285,S011,Keystone Hydraulics,P0020,Cables,25,334.19,2025-03-13,2025-04-25
PO02286,S010,Jetstream Parts ,P0094,Cables,100,177.16,2025-11-13,2025-12-20
PO02287,S002,Boreal Metals,P0071,Cables,100,181.25,2025-09-03,2025-09-13
PO02288,S010,Jetstream Parts,P0066,Plastics,50,362.12,2025-12-17,2026-01-23
PO02289,S002,Boreal Metals,P0013,Cables,250,92.42,2025-02-13,2025-02-23
PO02290,S003,Caribe Electronics,P0098,Electronics,250,353.5,2025-06-08,2025-07-20
PO02291,S004,DELTA FASTENERS,P0036,Electronics,100,63.73,2025-07-30,2025-08-31
PO02292,S012,Luna Optics,P0035,Electronics,100,331.03,2025-08-10,2025-08-16
PO02293,S012,Luna Optics,P0003,Hydraulics,25,37.77,2025-12-28,2026-01-03
PO02294,S009,Island Circuits,P0058,Cables,250,344.65,2025-05-28,2025-06-16
PO02295,S002,Boreal Metals,P0064,Fasteners,50,258.54,2025-12-19,2025-12-29
PO02296,S005,Echo Cable Co,P0021,Electronics,25,88.83,2025-06-26,2025-07-03
PO02297,S009,Island Circuits,P0018,Hydraulics,250,115.98,2025-12-26,2026-01-14
PO02298,S006,Frontier Plastics,P0045,Cables,250,52.12,2025-01-10,2025-01-16
PO02299,S001,APEX COMPONENTS,P0034,Fasteners,100,198.04,2025-07-29,2025-09-06
PO02300,S002,Boreal Metals,P0093,Fasteners,500,192.14,2025-03-31,2025-04-10
PO02301,S003,Caribe Electronics,P0004,Cables,500,363.01,2025-05-16,2025-06-27
PO02302,S012,Luna Optics,P0055,Plastics,100,409.09,2025-06-16,2025-06-22
PO02303,S005,Echo Cable Co,P0084,Hydraulics,25,80.41,2025-03-15,2025-03-22
PO02304,S001,Apex Components,P0014,Cables,250,267.64,2025-02-15,2025-03-26
PO02305,S012,Luna Optics,P0040,Hydraulics,100,216.83,2025-03-18,2025-03-24
PO02306,S003,Caribe Electronics,P0021,Electronics,50,90.85,2025-02-21,2025-04-04
PO02307,S009,Island Circuits,P0051,Cables,100,383.14,2025-12-27,2026-01-15
PO02308,S005,Echo Cable Co,P0010,Electronics,250,158.16,2025-08-15,2025-08-22
PO02309,S010,Jetstream Parts,P0038,Hydraulics,100,259.11,2025-08-28,2025-10-04
PO02310,S002,Boreal Metals,P0066,Plastics,50,401.16,2025-09-14,2025-09-24
PO02311,S004,Delta Fasteners,P0040,Hydraulics,10,239.32,2025-06-07,2025-07-09
PO02312,S002,Boreal Metals,P0044,Plastics,500,322.19,2025-08-10,2025-08-20
PO02313,S003,Caribe Electronics,P0003,Hydraulics,100,37.04,2025-12-04,2026-01-15
PO02314,S012,Luna Optics,P0079,Electronics,100,199.62,2025-04-11,2025-04-17
PO02315,S005,Echo Cable Co,P0029,Fasteners,50,100.91,2025-12-13,2025-12-20
PO02316,S009,Island Circuits,P0067,Hydraulics,50,407.95,2025-10-28,2025-11-16
PO02317,S006,Frontier Plastics,P0013,Cables,10,83.86,2025-01-23,2025-01-29
PO02318,S002,Boreal Metals,P0093,Fasteners,25,165.44,2025-05-07,2025-05-17
PO02319,S007,Gulf Precision,P0001,Electronics,25,319.54,2025-09-12,2025-09-22
PO02320,S004,Delta Fasteners,P0021,Electronics,10,99.58,2025-12-24,2026-01-25
PO02321,S001,Apex Components ,P0011,Hydraulics,10,242.92,2025-05-22,2025-06-30
PO02322,S012,Luna Optics,P0064,Fasteners,500,276.04,2025-02-20,2025-02-26
PO02323,S007,Gulf Precision,P0020,Cables,50,386.58,2025-12-17,2025-12-27
PO02324,S011,Keystone Hydraulics,P0060,Fasteners,250,398.63,2025-06-18,2025-07-31
PO02325,S004,Delta Fasteners,P0044,Plastics,250,287.17,2025-03-26,2025-04-27
PO02326,S008,Harbor Industrial,P0067,Hydraulics,500,426.67,2025-01-02,2025-01-20
PO02327,S007,Gulf Precision,P0014,Cables,100,296.06,2025-01-15,2025-01-25
PO02328,S004,Delta Fasteners,P0087,Hydraulics,250,355.09,2025-10-29,2025-11-30
PO02329,S004,Delta Fasteners,P0006,Cables,100,225.12,2025-08-03,2025-09-04
PO02330,S011,Keystone Hydraulics,P0093,Fasteners,500,173.37,2025-10-09,2025-11-21
PO02331,S011,Keystone Hydraulics,P0038,Hydraulics,25,246.32,2025-03-11,2025-04-23
PO02332,S010,Jetstream Parts,P0086,Cables,100,177.6,2025-10-10,2025-11-16
PO02333,S006,Frontier Plastics,P0009,Electronics,100,342.14,2025-11-14,2025-11-20
PO02334,S003,Caribe Electronics,P0012,Cables,50,74.6,2025-01-29,2025-03-12
PO02335,S004,Delta Fasteners,P0026,Cables,50,98.84,2025-01-24,2025-02-25
PO02336,S004,Delta Fasteners,P0090,Cables,500,339.12,2025-12-22,2026-01-23
PO02337,S009,ISLAND CIRCUITS,P0009,Electronics,25,387.82,2025-01-13,2025-02-01
PO02338,S001,Apex Components,P0041,Plastics,25,352.74,2025-01-24,2025-03-04
PO02339,S012,Luna Optics,P0071,Cables,100,192.69,2025-12-24,2025-12-30
PO02340,S006,Frontier Plastics,P0030,Plastics,50,205.82,2025-10-09,2025-10-15
PO02341,S002,Boreal Metals,P0098,Electronics,50,409.15,2025-09-13,2025-09-23
PO02342,S007,Gulf Precision,P0016,Fasteners,50,218.32,2025-08-30,2025-09-09
PO02343,S008,Harbor Industrial,P0064,Fasteners,50,282.69,2025-02-20,2025-03-10
PO02344,S005,Echo Cable Co ,P0020,Cables,100,365.9,2025-11-24,2025-12-01
PO02345,S003,Caribe Electronics,P0038,Hydraulics,50,267.74,2025-08-11,2025-09-22
PO02346,S003,Caribe Electronics,P0005,Plastics,50,338.63,2025-02-03,2025-03-17
PO02347,S005,Echo Cable Co,P0097,Plastics,500,360.93,2025-09-04,2025-09-11
PO02348,S008,Harbor Industrial,P0041,Plastics,50,380.86,2025-04-27,2025-05-15
PO02349,S009,Island Circuits,P0042,Electronics,500,280.02,2025-08-24,2025-09-12
PO02350,S007,Gulf Precision,P0088,Electronics,250,304.75,2025-07-26,2025-08-05
PO02351,S008,Harbor Industrial,P0054,Fasteners,100,225.13,2025-05-09,2025-05-27
PO02352,S002,Boreal Metals,P0091,Electronics,25,107.0,2025-06-23,2025-07-03
PO02353,S010,Jetstream Parts,P0017,Fasteners,25,70.43,2025-09-28,2025-11-04
PO02354,S001,Apex Components,P0034,Fasteners,250,218.77,2025-09-25,2025-11-03
PO02355,S004,Delta Fasteners,P0034,Fasteners,10,222.7,2025-06-27,2025-07-29
PO02356,S010,Jetstream Parts,P0054,Fasteners,500,220.02,2025-02-12,2025-03-21
PO02357,S006,Frontier Plastics,P0025,Plastics,500,362.12,2025-12-02,2025-12-08
PO02358,S008,Harbor Industrial,P0091,Electronics,50,104.73,2025-06-26,2025-07-14
PO02359,S009,Island Circuits,P0034,Fasteners,25,229.79,2025-04-03,2025-04-22
PO02360,S001,Apex Components,P0091,Electronics,25,98.89,2025-03-31,2025-05-09
PO02361,S011,Keystone Hydraulics,P0063,Plastics,100,321.64,2025-11-07,2025-12-20
PO02362,S006,Frontier Plastics,P0015,Electronics,50,251.97,2025-05-18,2025-05-24
PO02363,S007,Gulf Precision,P0075,Plastics,10,104.01,2025-04-17,2025-04-27
PO02364,S010,Jetstream Parts,P0071,Cables,10,198.95,2025-02-18,2025-03-27
PO02365,S001,Apex Components,P0055,Plastics,250,382.3,2025-01-13,2025-02-21
PO02366,S002,Boreal Metals,P0052,Plastics,25,234.07,2025-08-17,2025-08-27
PO02367,S004,Delta Fasteners,P0027,Hydraulics,25,157.34,2025-07-31,2025-09-01
PO02368,S008,Harbor Industrial,P0021,Electronics,250,96.57,2025-05-23,2025-06-10
PO02369,S001,Apex Components,P0095,Electronics,100,175.03,2025-06-16,2025-07-25
PO02370,S006,Frontier Plastics,P0014,Cables,500,301.28,2025-11-06,2025-11-12
PO02371,S003,Caribe Electronics,P0070,Hydraulics,10,387.55,2025-03-23,2025-05-04
PO02372,S010,Jetstream Parts,P0055,Plastics,10,402.0,2025-03-06,2025-04-12
PO02373,S003,Caribe Electronics,P0071,Cables,500,174.79,2025-06-05,2025-07-17
PO02374,S001,Apex Components,P0058,Cables,500,372.56,2025-01-01,2025-02-09
PO02375,S006,Frontier Plastics,P0097,Plastics,100,354.53,2025-01-12,2025-01-18
PO02376,S003,Caribe Electronics,P0077,Electronics,10,89.91,2025-03-26,2025-05-07
PO02377,S001,Apex Components,P0036,Electronics,50,60.12,2025-10-05,2025-11-13
PO02378,S004,Delta Fasteners,P0023,Hydraulics,10,104.59,2025-03-27,2025-04-28
PO02379,S006,Frontier Plastics,P0008,Fasteners,10,308.21,2025-11-13,2025-11-19
PO02380,S001,Apex Components,P0029,Fasteners,100,106.26,2025-10-25,2025-12-03
PO02381,S004,Delta Fasteners,P0025,Plastics,25,360.9,2025-05-31,2025-07-02
PO02382,S001,Apex Components,P0045,Cables,250,46.22,2025-10-03,2025-11-11
PO02383,S010,Jetstream Parts,P0008,Fasteners,100,318.53,2025-06-20,2025-07-27
PO02384,S001,Apex Components,P0016,Fasteners,25,221.09,2025-05-05,2025-06-13
PO02385,S003,Caribe Electronics,P0009,Electronics,10,378.37,2025-07-16,2025-08-27
PO02386,S006,Frontier Plastics,P0080,Cables,10,276.06,2025-10-28,2025-11-03
PO02387,S007,Gulf Precision,P0017,Fasteners,100,65.7,2025-05-21,2025-05-31
PO02388,S002,Boreal Metals,P0019,Plastics,500,92.55,2025-01-14,2025-01-24
PO02389,S011,Keystone Hydraulics,P0095,Electronics,250,174.35,2025-05-18,2025-06-30
PO02390,S006,Frontier Plastics,P0046,Hydraulics,10,64.43,2025-06-12,2025-06-18
PO02391,S004,Delta Fasteners,P0086,Cables,10,178.6,2025-09-22,2025-10-24
PO02392,S003,Caribe Electronics,P0048,Cables,500,381.29,2025-05-09,2025-06-20
PO02393,S011,Keystone Hydraulics,P0087,Hydraulics,50,383.24,2025-12-25,2026-02-06
PO02394,S008,Harbor Industrial,P0064,Fasteners,10,271.58,2025-08-09,2025-08-27
PO02395,S010,Jetstream Parts,P0076,Fasteners,250,4.96,2025-08-09,2025-09-15
PO02396,S009,Island Circuits,P0086,Cables,50,192.19,2025-08-10,2025-08-29
PO02397,S009,Island Circuits,P0068,Plastics,25,334.36,2025-10-05,2025-10-24
PO02398,S003,Caribe Electronics,P0003,Hydraulics,500,34.91,2025-09-18,2025-10-30
PO02399,S011,Keystone Hydraulics,P0041,Plastics,500,367.72,2025-07-11,2025-08-23
PO02400,S001,Apex Components,P0097,Plastics,10,366.83,2025-10-01,2025-11-09
PO02401,S005,Echo Cable Co,P0058,Cables,25,375.58,2025-10-10,2025-10-17
PO02402,S003,Caribe Electronics,P0021,Electronics,25,99.12,2025-05-21,2025-07-02
PO02403,S011,Keystone Hydraulics,P0054,Fasteners,100,225.05,2025-03-29,2025-05-11
PO02404,S001,Apex Components,P0075,Plastics,50,90.16,2025-08-09,2025-09-17
PO02405,S001,Apex Components,P0095,Electronics,10,182.68,2025-10-22,2025-11-30
PO02406,S008,Harbor Industrial,P0012,Cables,10,74.78,2025-10-31,2025-11-18
PO02407,S003,Caribe Electronics ,P0060,Fasteners,100,361.99,2025-12-04,2026-01-15
PO02408,S001,Apex Components,P0061,Electronics,100,35.86,2025-03-08,2025-04-16
PO02409,S008,Harbor Industrial,P0023,Hydraulics,25,112.79,2025-05-19,2025-06-06
PO02410,S004,DELTA FASTENERS,P0026,Cables,100,98.53,2025-02-28,2025-04-01
PO02411,S005,Echo Cable Co,P0018,Hydraulics,25,110.01,2025-02-20,2025-02-27
PO02412,S003,Caribe Electronics,P0060,Fasteners,100,370.66,2025-12-04,2026-01-15
PO02413,S007,Gulf Precision,P0089,Electronics,25,25.75,2025-05-09,2025-05-19
PO02414,S008,Harbor Industrial,P0042,Electronics,50,283.19,2025-02-21,2025-03-11
PO02415,S003,Caribe Electronics ,P0039,Hydraulics,500,151.38,2025-04-04,2025-05-16
PO02416,S002,Boreal Metals,P0099,Fasteners,100,69.49,2025-03-28,2025-04-07
PO02417,S005,Echo Cable Co,P0058,Cables,250,395.64,2025-01-06,2025-01-13
PO02418,S003,Caribe Electronics ,P0054,Fasteners,250,235.66,2025-10-18,2025-11-29
PO02419,S002,Boreal Metals,P0084,Hydraulics,10,77.42,2025-01-02,2025-01-12
PO02420,S005,Echo Cable Co,P0023,Hydraulics,10,108.22,2025-07-20,2025-07-27
PO02421,S004,Delta Fasteners,P0062,Hydraulics,250,338.37,2025-02-09,2025-03-13
PO02422,S005,Echo Cable Co,P0029,Fasteners,100,105.62,2025-09-16,2025-09-23
PO02423,S008,Harbor Industrial,P0084,Hydraulics,50,80.33,2025-08-01,2025-08-19
PO02424,S007,Gulf Precision,P0071,Cables,10,198.66,2025-07-08,2025-07-18
PO02425,S010,Jetstream Parts,P0005,Plastics,10,402.22,2025-03-18,2025-04-24
PO02426,S001,Apex Components,P0090,Cables,100,340.65,2025-11-29,2026-01-07
PO02427,S004,Delta Fasteners ,P0047,Electronics,100,431.19,2025-08-08,2025-09-09
PO02428,S010,JETSTREAM PARTS,P0066,Plastics,25,365.51,2025-04-19,2025-05-26
PO02429,S002,Boreal Metals,P0071,Cables,25,182.38,2025-04-04,2025-04-14
PO02430,S002,Boreal Metals,P0079,Electronics,10,223.04,2025-09-20,2025-09-30
PO02431,S010,Jetstream Parts,P0006,Cables,100,246.75,2025-08-30,2025-10-06
PO02432,S012,Luna Optics,P0080,Cables,250,256.13,2025-09-04,2025-09-10
PO02433,S005,Echo Cable Co,P0074,Cables,25,11.29,2025-03-13,2025-03-20
PO02434,S012,Luna Optics,P0098,Electronics,10,402.78,2025-10-07,2025-10-13
PO02435,S001,Apex Components,P0098,Electronics,10,395.0,2025-07-25,2025-09-02
PO02436,S010,Jetstream Parts,P0075,Plastics,25,90.41,2025-09-18,2025-10-25
PO02437,S009,Island Circuits,P0020,Cables,100,380.22,2025-12-26,2026-01-14
PO02438,S001,Apex Components,P0069,Fasteners,100,281.27,2025-06-07,2025-07-16
PO02439,S011,Keystone Hydraulics,P0031,Plastics,10,196.94,2025-12-12,2026-01-24
PO02440,S010,JETSTREAM PARTS,P0079,Electronics,100,212.02,2025-08-19,2025-09-25
PO02441,S004,Delta Fasteners,P0001,Electronics,50,308.84,2025-05-13,2025-06-14
PO02442,S012,Luna Optics,P0100,Hydraulics,50,215.33,2025-12-04,2025-12-10
PO02443,S008,Harbor Industrial,P0093,Fasteners,250,178.47,2025-02-27,2025-03-17
PO02444,S005,Echo Cable Co,P0085,Electronics,25,297.74,2025-12-14,2025-12-21
PO02445,S005,Echo Cable Co,P0099,Fasteners,250,76.37,2025-12-03,2025-12-10
PO02446,S002,Boreal Metals,P0061,Electronics,10,37.26,2025-11-03,2025-11-13
PO02447,S009,Island Circuits,P0081,Fasteners,250,244.7,2025-01-17,2025-02-05
PO02448,S009,Island Circuits,P0022,Electronics,250,348.29,2025-08-01,2025-08-20
PO02449,S001,Apex Components,P0085,Electronics,10,277.9,2025-08-23,2025-10-01
PO02450,S011,Keystone Hydraulics,P0060,Fasteners,500,363.33,2025-05-22,2025-07-04
PO02451,S010,Jetstream Parts,P0088,Electronics,10,277.28,2025-11-04,2025-12-11
PO02452,S009,Island Circuits,P0005,Plastics,250,353.71,2025-03-10,2025-03-29
PO02453,S007,Gulf Precision,P0025,Plastics,500,348.57,2025-05-16,2025-05-26
PO02454,S005,Echo Cable Co,P0043,Electronics,250,286.14,2025-12-15,2025-12-22
PO02455,S003,Caribe Electronics,P0002,Plastics,500,58.71,2025-06-01,2025-07-13
PO02456,S007,Gulf Precision,P0077,Electronics,10,105.71,2025-10-27,2025-11-06
PO02457,S005,Echo Cable Co,P0073,Fasteners,100,103.81,2025-07-27,2025-08-03
PO02458,S001,Apex Components,P0017,Fasteners,50,65.46,2025-05-05,2025-06-13
PO02459,S004,Delta Fasteners,P0090,Cables,100,309.68,2025-05-11,2025-06-12
PO02460,S005,Echo Cable Co,P0087,Hydraulics,10,385.72,2025-05-05,2025-05-12
PO02461,S012,Luna Optics,P0073,Fasteners,100,93.61,2025-09-13,2025-09-19
PO02462,S003,Caribe Electronics,P0030,Plastics,100,240.62,2025-01-20,2025-03-03
PO02463,S010,Jetstream Parts,P0010,Electronics,25,163.01,2025-07-10,2025-08-16
PO02464,S001,Apex Components,P0033,Fasteners,25,393.72,2025-11-06,2025-12-15
PO02465,S002,Boreal Metals,P0059,Cables,250,96.12,2025-10-26,2025-11-05
PO02466,S010,Jetstream Parts,P0085,Electronics,25,282.95,2025-10-29,2025-12-05
PO02467,S009,Island Circuits,P0095,Electronics,100,186.0,2025-07-24,2025-08-12
PO02468,S007,Gulf Precision,P0002,Plastics,50,54.52,2025-03-04,2025-03-14
PO02469,S002,Boreal Metals,P0042,Electronics,25,269.46,2025-11-05,2025-11-15
PO02470,S001,Apex Components,P0004,Cables,10,318.79,2025-02-04,2025-03-15
PO02471,S010,Jetstream Parts,P0093,Fasteners,500,171.78,2025-02-04,2025-03-13
PO02472,S012,Luna Optics,P0073,Fasteners,10,87.16,2025-04-22,2025-04-28
PO02473,S011,Keystone Hydraulics ,P0070,Hydraulics,100,426.96,2025-03-09,2025-04-21
PO02474,S003,Caribe Electronics,P0096,Plastics,500,46.37,2025-12-24,2026-02-04
PO02475,S003,Caribe Electronics ,P0030,Plastics,50,246.06,2025-04-29,2025-06-10
PO02476,S010,Jetstream Parts,P0034,Fasteners,250,232.04,2025-11-14,2025-12-21
PO02477,S001,Apex Components,P0084,Hydraulics,50,87.57,2025-07-25,2025-09-02
PO02478,S001,Apex Components,P0058,Cables,250,400.02,2025-07-29,2025-09-06
PO02479,S011,Keystone Hydraulics,P0094,Cables,500,177.07,2025-05-29,2025-07-11
PO02480,S004,Delta Fasteners,P0010,Electronics,500,164.59,2025-04-10,2025-05-12
PO02481,S004,Delta Fasteners,P0083,Fasteners,25,359.58,2025-02-07,2025-03-11
PO02482,S003,Caribe Electronics,P0006,Cables,25,249.04,2025-12-22,2026-02-02
PO02483,S009,Island Circuits,P0062,Hydraulics,25,322.85,2025-04-18,2025-05-07
PO02484,S008,HARBOR INDUSTRIAL,P0037,Fasteners,250,318.58,2025-11-08,2025-11-26
PO02485,S003,Caribe Electronics,P0100,Hydraulics,25,219.64,2025-06-11,2025-07-23
PO02486,S002,Boreal Metals,P0100,Hydraulics,250,208.29,2025-02-06,2025-02-16
PO02487,S006,Frontier Plastics,P0012,Cables,100,72.18,2025-12-22,2025-12-28
PO02488,S007,Gulf Precision,P0025,Plastics,50,338.4,2025-01-19,2025-01-29
PO02489,S002,Boreal Metals,P0094,Cables,500,207.91,2025-02-18,2025-02-28
PO02490,S006,Frontier Plastics,P0032,Plastics,250,165.74,2025-12-08,2025-12-14
PO02491,S001,Apex Components,P0092,Fasteners,50,209.72,2025-06-13,2025-07-22
PO02492,S012,Luna Optics,P0070,Hydraulics,25,421.13,2025-04-02,2025-04-08
PO02493,S012,Luna Optics,P0094,Cables,10,210.9,2025-05-03,2025-05-09
PO02494,S012,Luna Optics,P0096,Plastics,10,43.35,2025-12-04,2025-12-10
PO02495,S002,Boreal Metals,P0049,Fasteners,50,218.36,2025-12-21,2025-12-31
PO02496,S003,Caribe Electronics,P0026,Cables,10,90.41,2025-04-08,2025-05-20
PO02497,S001,Apex Components ,P0098,Electronics,100,405.52,2025-09-07,2025-10-16
PO02498,S011,Keystone Hydraulics,P0092,Fasteners,10,208.66,2025-11-03,2025-12-16
PO02499,S004,Delta Fasteners,P0011,Hydraulics,10,288.68,2025-04-13,2025-05-15
PO02500,S005,Echo Cable Co ,P0071,Cables,50,173.29,2025-10-15,2025-10-22
PO02501,S011,Keystone Hydraulics,P0052,Plastics,10,271.19,2025-06-01,2025-07-14
PO02502,S010,Jetstream Parts,P0061,Electronics,500,41.16,2025-01-04,2025-02-10
PO02503,S001,Apex Components,P0069,Fasteners,500,323.96,2025-12-14,2026-01-22
PO02504,S007,Gulf Precision,P0096,Plastics,10,44.9,2025-11-13,2025-11-23
PO02505,S007,Gulf Precision,P0053,Fasteners,25,153.13,2025-07-28,2025-08-07
PO02506,S001,Apex Component,P0018,Hydraulics,500,115.67,2025-07-16,2025-08-24
PO02507,S006,FRONTIER PLASTICS,P0063,Plastics,250,347.1,2025-08-18,2025-08-24
PO02508,S007,Gulf Precision,P0031,Plastics,10,178.87,2025-07-22,2025-08-01
PO02509,S001,Apex Components,P0017,Fasteners,500,64.85,2025-09-29,2025-11-07
PO02510,S010,Jetstream Parts,P0016,Fasteners,10,229.28,2025-04-21,2025-05-28
PO02511,S001,APEX COMPONENTS,P0019,Plastics,50,89.63,2025-03-11,2025-04-19
PO02512,S006,Frontier Plastics,P0073,Fasteners,100,91.09,2025-12-23,2025-12-29
PO02513,S001,Apex Components,P0007,Electronics,250,19.77,2025-10-01,2025-11-09
PO02514,S005,Echo Cable Co,P0085,Electronics,50,302.94,2025-05-12,2025-05-19
PO02515,S010,Jetstream Parts,P0037,Fasteners,500,315.67,2025-05-27,2025-07-03
PO02516,S009,Island Circuits,P0077,Electronics,100,98.32,2025-06-28,2025-07-17
PO02517,S007,Gulf Precision,P0021,Electronics,25,95.41,2025-11-02,2025-11-12
PO02518,S007,Gulf Precision,P0049,Fasteners,10,210.52,2025-05-01,2025-05-11
PO02519,S008,Harbor Industrial,P0002,Plastics,50,50.69,2025-08-18,2025-09-05
PO02520,S002,BOREAL METALS,P0047,Electronics,250,391.12,2025-07-06,2025-07-16
PO02521,S011,Keystone Hydraulics,P0012,Cables,100,67.62,2025-09-12,2025-10-25
PO02522,S005,Echo Cable Co,P0039,Hydraulics,10,156.23,2025-04-18,2025-04-25
PO02523,S012,Luna Optics,P0096,Plastics,50,45.57,2025-04-20,2025-04-26
PO02524,S008,Harbor Industrial,P0016,Fasteners,250,243.88,2025-02-10,2025-02-28
PO02525,S005,Echo Cable Co,P0092,Fasteners,100,218.89,2025-10-25,2025-11-01
PO02526,S012,Luna Optics,P0078,Electronics,100,365.44,2025-05-16,2025-05-22
PO02527,S003,Caribe Electronics,P0032,Plastics,500,168.17,2025-12-22,2026-02-02
PO02528,S011,Keystone Hydraulics,P0013,Cables,250,91.42,2025-04-06,2025-05-19
PO02529,S003,Caribe Electronics,P0089,Electronics,500,25.93,2025-11-06,2025-12-18
PO02530,S005,Echo Cable Co,P0034,Fasteners,10,232.3,2025-04-06,2025-04-13
PO02531,S008,Harbor Industrial,P0049,Fasteners,250,204.4,2025-10-31,2025-11-18
PO02532,S004,Delta Fasteners,P0093,Fasteners,250,163.0,2025-06-23,2025-07-25
PO02533,S001,Apex Components,P0009,Electronics,100,377.43,2025-11-12,2025-12-21
PO02534,S005,Echo Cable Co,P0064,Fasteners,500,279.15,2025-02-06,2025-02-13
PO02535,S006,Frontier Plastics,P0011,Hydraulics,50,248.72,2025-05-18,2025-05-24
PO02536,S010,Jetstream Parts,P0080,Cables,10,266.7,2025-04-14,2025-05-21
PO02537,S012,Luna Optics,P0051,Cables,50,330.56,2025-05-06,2025-05-12
PO02538,S003,Caribe Electronics,P0017,Fasteners,100,66.61,2025-08-19,2025-09-30
PO02539,S001,Apex Components,P0051,Cables,100,322.04,2025-06-02,2025-07-11
PO02540,S004,Delta Fasteners,P0049,Fasteners,10,200.77,2025-06-21,2025-07-23
PO02541,S012,Luna Optics,P0005,Plastics,500,357.78,2025-08-31,2025-09-06
PO02542,S007,Gulf Precision,P0061,Electronics,50,37.56,2025-09-17,2025-09-27
PO02543,S007,Gulf Precision,P0021,Electronics,10,96.04,2025-01-21,2025-01-31
PO02544,S007,Gulf Precision,P0034,Fasteners,100,212.89,2025-02-06,2025-02-16
PO02545,S009,Island Circuits,P0028,Hydraulics,250,63.91,2025-12-24,2026-01-12
PO02546,S010,Jetstream Parts,P0010,Electronics,50,161.14,2025-11-03,2025-12-10
PO02547,S006,Frontier Plastics,P0002,Plastics,50,55.94,2025-11-02,2025-11-08
PO02548,S004,Delta Fasteners,P0017,Fasteners,25,67.13,2025-04-24,2025-05-26
PO02549,S010,Jetstream Part,P0091,Electronics,250,113.43,2025-11-30,2026-01-06
PO02550,S004,Delta Fasteners,P0033,Fasteners,10,393.55,2025-01-03,2025-02-04
PO02551,S003,Caribe Electronics,P0018,Hydraulics,25,119.36,2025-10-30,2025-12-11
PO02552,S011,Keystone Hydraulics,P0021,Electronics,50,102.41,2025-07-23,2025-09-04
PO02553,S009,Island Circuits,P0019,Plastics,25,96.44,2025-04-15,2025-05-04
PO02554,S005,Echo Cable Co ,P0009,Electronics,100,373.07,2025-09-25,2025-10-02
PO02555,S011,Keystone Hydraulics,P0048,Cables,100,445.54,2025-06-06,2025-07-19
PO02556,S006,Frontier Plastics,P0066,Plastics,100,350.58,2025-12-18,2025-12-24
PO02557,S004,Delta Fasteners,P0001,Electronics,250,300.91,2025-08-16,2025-09-17
PO02558,S007,Gulf Precision,P0052,Plastics,25,247.92,2025-01-04,2025-01-14
PO02559,S005,Echo Cable Co,P0043,Electronics,100,311.42,2025-12-07,2025-12-14
PO02560,S003,Caribe Electronics,P0033,Fasteners,100,379.54,2025-08-09,2025-09-20
PO02561,S007,Gulf Precision,P0068,Plastics,25,309.1,2025-05-30,2025-06-09
PO02562,S005,Echo Cable Co,P0039,Hydraulics,50,164.3,2025-02-05,2025-02-12
PO02563,S007,Gulf Precision,P0069,Fasteners,100,284.8,2025-01-09,2025-01-19
PO02564,S008,Harbor Industrial,P0003,Hydraulics,25,37.58,2025-07-29,2025-08-16
PO02565,S011,Keystone Hydraulics ,P0053,Fasteners,10,164.2,2025-03-30,2025-05-12
PO02566,S001,Apex Components,P0078,Electronics,50,372.9,2025-02-05,2025-03-16
PO02567,S007,Gulf Precision,P0082,Plastics,10,242.19,2025-11-07,2025-11-17
PO02568,S003,Caribe Electronics,P0072,Plastics,50,186.75,2025-02-26,2025-04-09
PO02569,S008,Harbor Industrial,P0027,Hydraulics,50,167.18,2025-07-13,2025-07-31
PO02570,S011,Keystone Hydraulics,P0029,Fasteners,250,112.95,2025-05-09,2025-06-21
PO02571,S007,Gulf Precision,P0001,Electronics,25,286.41,2025-11-12,2025-11-22
PO02572,S006,Frontier Plastics,P0068,Plastics,250,304.44,2025-03-13,2025-03-19
PO02573,S003,Caribe Electronics,P0006,Cables,25,240.6,2025-02-19,2025-04-02
PO02574,S010,Jetstream Parts,P0047,Electronics,10,401.73,2025-12-03,2026-01-09
PO02575,S012,Luna Optics,P0021,Electronics,25,102.56,2025-01-02,2025-01-08
PO02576,S007,Gulf Precision,P0090,Cables,250,331.56,2025-05-22,2025-06-01
PO02577,S001,Apex Components,P0095,Electronics,500,182.89,2025-07-04,2025-08-12
PO02578,S008,Harbor Industrial,P0038,Hydraulics,250,274.42,2025-04-18,2025-05-06
PO02579,S010,Jetstream Parts,P0028,Hydraulics,500,56.93,2025-11-25,2026-01-01
PO02580,S002,Boreal Metals,P0060,Fasteners,250,388.63,2025-09-14,2025-09-24
PO02581,S007,Gulf Precision,P0080,Cables,250,304.92,2025-10-31,2025-11-10
PO02582,S004,Delta Fasteners,P0084,Hydraulics,100,81.71,2025-03-02,2025-04-03
PO02583,S011,Keystone Hydraulics,P0074,Cables,10,11.5,2025-01-19,2025-03-03
PO02584,S012,Luna Optics,P0070,Hydraulics,500,431.6,2025-11-23,2025-11-29
PO02585,S012,Luna Optics,P0034,Fasteners,10,211.78,2025-11-18,2025-11-24
PO02586,S009,Island Circuits ,P0070,Hydraulics,250,414.19,2025-12-17,2026-01-05
PO02587,S008,Harbor Industrial,P0078,Electronics,10,352.36,2025-10-13,2025-10-31
PO02588,S009,Island Circuits,P0027,Hydraulics,250,165.62,2025-05-15,2025-06-03
PO02589,S011,Keystone Hydraulics,P0062,Hydraulics,100,349.24,2025-02-10,2025-03-25
PO02590,S011,Keystone Hydraulics,P0078,Electronics,10,377.73,2025-11-20,2026-01-02
PO02591,S009,Island Circuits,P0067,Hydraulics,500,427.04,2025-07-18,2025-08-06
PO02592,S001,Apex Components ,P0052,Plastics,100,237.94,2025-11-02,2025-12-11
PO02593,S010,Jetstream Parts,P0072,Plastics,25,205.07,2025-07-18,2025-08-24
PO02594,S007,Gulf Precision,P0085,Electronics,50,299.76,2025-11-08,2025-11-18
PO02595,S009,Island Circuits,P0079,Electronics,100,232.05,2025-09-23,2025-10-12
PO02596,S001,Apex Components,P0063,Plastics,100,338.46,2025-05-01,2025-06-09
PO02597,S006,Frontier Plastics ,P0043,Electronics,50,305.8,2025-11-20,2025-11-26
PO02598,S011,Keystone Hydraulics,P0012,Cables,250,72.42,2025-09-02,2025-10-15
PO02599,S005,Echo Cable Co,P0006,Cables,50,245.11,2025-07-08,2025-07-15
PO02600,S008,Harbor Industrial,P0007,Electronics,500,19.84,2025-12-26,2026-01-13
PO02601,S004,Delta Fasteners,P0052,Plastics,250,262.83,2025-08-16,2025-09-17
PO02602,S010,Jetstream Parts,P0082,Plastics,100,244.64,2025-08-19,2025-09-25
PO02603,S011,Keystone Hydraulics,P0035,Electronics,50,303.61,2025-08-07,2025-09-19
PO02604,S004,Delta Fasteners,P0099,Fasteners,100,75.89,2025-08-07,2025-09-08
PO02605,S008,Harbor Industrial,P0028,Hydraulics,100,66.14,2025-09-17,2025-10-05
PO02606,S003,Caribe Electronics,P0077,Electronics,500,96.64,2025-12-09,2026-01-20
PO02607,S004,Delta Fasteners,P0091,Electronics,10,97.71,2025-03-11,2025-04-12
PO02608,S004,Delta Fasteners,P0030,Plastics,25,242.69,2025-06-03,2025-07-05
PO02609,S005,Echo Cable Co,P0069,Fasteners,25,293.7,2025-10-26,2025-11-02
PO02610,S008,Harbor Industrial,P0091,Electronics,50,98.39,2025-07-19,2025-08-06
PO02611,S002,Boreal Metals,P0081,Fasteners,100,245.79,2025-05-18,2025-05-28
PO02612,S003,Caribe Electronics,P0022,Electronics,10,332.37,2025-09-20,2025-11-01
PO02613,S002,Boreal Metals,P0030,Plastics,50,222.43,2025-05-21,2025-05-31
PO02614,S004,Delta Fasteners,P0089,Electronics,100,28.66,2025-08-19,2025-09-20
PO02615,S005,Echo Cable Co,P0086,Cables,500,188.34,2025-05-04,2025-05-11
PO02616,S003,Caribe Electronics,P0055,Plastics,500,404.25,2025-06-28,2025-08-09
PO02617,S003,Caribe Electronics,P0015,Electronics,250,254.33,2025-04-07,2025-05-19
PO02618,S007,Gulf Precision,P0010,Electronics,10,168.51,2025-03-13,2025-03-23
PO02619,S001,Apex Components,P0018,Hydraulics,25,125.39,2025-03-10,2025-04-18
PO02620,S004,Delta Fasteners,P0093,Fasteners,100,191.7,2025-08-05,2025-09-06
PO02621,S008,Harbor Industrial,P0079,Electronics,10,208.88,2025-06-17,2025-07-05
PO02622,S003,Caribe Electronic,P0028,Hydraulics,25,59.5,2025-06-29,2025-08-10
PO02623,S007,Gulf Precision,P0007,Electronics,10,21.21,2025-10-09,2025-10-19
PO02624,S006,Frontier Plastics,P0095,Electronics,500,192.06,2025-07-15,2025-07-21
PO02625,S008,Harbor Industrial,P0049,Fasteners,50,195.69,2025-02-17,2025-03-07
PO02626,S012,Luna Optics,P0043,Electronics,50,313.16,2025-02-02,2025-02-08
PO02627,S005,Echo Cable Co,P0071,Cables,100,186.36,2025-09-04,2025-09-11
PO02628,S004,Delta Fasteners,P0009,Electronics,50,375.38,2025-07-04,2025-08-05
PO02629,S004,Delta Fasteners,P0020,Cables,50,367.61,2025-02-17,2025-03-21
PO02630,S006,Frontier Plastics,P0028,Hydraulics,10,56.01,2025-03-10,2025-03-16
PO02631,S006,Frontier Plastics,P0037,Fasteners,25,329.02,2025-08-14,2025-08-20
PO02632,S009,Island Circuits,P0007,Electronics,10,21.4,2025-02-21,2025-03-12
PO02633,S006,Frontier Plastics,P0012,Cables,10,69.83,2025-05-09,2025-05-15
PO02634,S008,Harbor Industrial,P0071,Cables,10,169.14,2025-10-08,2025-10-26
PO02635,S003,Caribe Electronics,P0043,Electronics,100,289.61,2025-01-28,2025-03-11
PO02636,S011,Keystone Hydraulics,P0026,Cables,25,86.86,2025-02-06,2025-03-21
PO02637,S003,Caribe Electronics,P0065,Plastics,100,73.7,2025-06-21,2025-08-02
PO02638,S003,Caribe Electronics,P0022,Electronics,50,357.12,2025-02-18,2025-04-01
PO02639,S007,Gulf Precision,P0062,Hydraulics,10,327.18,2025-02-22,2025-03-04
PO02640,S007,Gulf Precision,P0032,Plastics,25,157.28,2025-09-23,2025-10-03
PO02641,S010,Jetstream Parts,P0017,Fasteners,25,68.67,2025-12-07,2026-01-13
PO02642,S001,Apex Components,P0010,Electronics,10,155.03,2025-04-17,2025-05-26
PO02643,S006,Frontier Plastics,P0024,Fasteners,250,355.69,2025-07-13,2025-07-19
PO02644,S007,Gulf Precision,P0087,Hydraulics,50,349.56,2025-06-20,2025-06-30
PO02645,S008,Harbor Industrial,P0055,Plastics,10,386.82,2025-03-30,2025-04-17
PO02646,S010,Jetstream Parts,P0046,Hydraulics,25,69.97,2025-08-12,2025-09-18
PO02647,S011,Keystone Hydraulics,P0081,Fasteners,50,241.76,2025-04-01,2025-05-14
PO02648,S007,Gulf Precision,P0048,Cables,50,390.17,2025-10-16,2025-10-26
PO02649,S004,Delta Fasteners,P0082,Plastics,250,239.04,2025-02-01,2025-03-05
PO02650,S004,Delta Fasteners,P0032,Plastics,100,158.04,2025-10-25,2025-11-26
PO02651,S012,Luna Optics,P0041,Plastics,500,366.04,2025-04-30,2025-05-06
PO02652,S011,Keystone Hydraulics,P0099,Fasteners,250,74.98,2025-10-10,2025-11-22
PO02653,S007,Gulf Precision,P0064,Fasteners,250,269.28,2025-03-19,2025-03-29
PO02654,S007,Gulf Precision,P0026,Cables,500,86.19,2025-11-17,2025-11-27
PO02655,S009,Island Circuits,P0096,Plastics,100,39.14,2025-05-07,2025-05-26
PO02656,S010,Jetstream Parts,P0061,Electronics,250,38.68,2025-11-24,2025-12-31
PO02657,S002,Boreal Metals,P0046,Hydraulics,25,62.78,2025-12-11,2025-12-21
PO02658,S002,Boreal Metals,P0004,Cables,25,329.32,2025-01-12,2025-01-22
PO02659,S001,Apex Components,P0013,Cables,50,95.02,2025-10-02,2025-11-10
PO02660,S005,Echo Cable Co,P0074,Cables,25,10.11,2025-03-02,2025-03-09
PO02661,S008,Harbor Industrial,P0051,Cables,25,376.63,2025-06-15,2025-07-03
PO02662,S005,Echo Cable Co,P0045,Cables,100,45.85,2025-04-16,2025-04-23
PO02663,S010,Jetstream Parts,P0081,Fasteners,50,241.34,2025-01-06,2025-02-12
PO02664,S011,Keystone Hydraulics,P0053,Fasteners,500,160.39,2025-07-16,2025-08-28
PO02665,S007,Gulf Precision,P0088,Electronics,250,268.42,2025-04-25,2025-05-05
PO02666,S010,Jetstream Parts,P0004,Cables,10,331.89,2025-07-25,2025-08-31
PO02667,S002,Boreal Metals,P0025,Plastics,25,352.33,2025-04-29,2025-05-09
PO02668,S004,Delta Fasteners,P0088,Electronics,50,271.7,2025-10-01,2025-11-02
PO02669,S012,Luna Optics,P0008,Fasteners,10,307.61,2025-08-11,2025-08-17
PO02670,S007,Gulf Precision,P0002,Plastics,50,55.2,2025-10-24,2025-11-03
PO02671,S003,Caribe Electronics,P0005,Plastics,25,399.19,2025-09-29,2025-11-10
PO02672,S001,Apex Components,P0096,Plastics,10,40.94,2025-11-14,2025-12-23
PO02673,S006,Frontier Plastics,P0039,Hydraulics,250,176.85,2025-05-14,2025-05-20
PO02674,S010,Jetstream Parts,P0086,Cables,10,193.72,2025-09-06,2025-10-13
PO02675,S008,Harbor Industrial,P0013,Cables,500,83.09,2025-02-14,2025-03-04
PO02676,S001,Apex Components,P0018,Hydraulics,50,104.06,2025-08-26,2025-10-04
PO02677,S005,Echo Cable Co,P0012,Cables,10,69.53,2025-03-09,2025-03-16
PO02678,S012,Luna Optics,P0010,Electronics,250,160.23,2025-04-20,2025-04-26
PO02679,S004,Delta Fasteners,P0078,Electronics,10,393.27,2025-05-03,2025-06-04
PO02680,S002,Boreal Metals,P0085,Electronics,100,303.86,2025-03-04,2025-03-14
PO02681,S001,Apex Components,P0010,Electronics,500,155.91,2025-05-02,2025-06-10
PO02682,S011,Keystone Hydraulics,P0024,Fasteners,100,365.67,2025-02-04,2025-03-19
PO02683,S012,Luna Optics,P0040,Hydraulics,10,217.41,2025-01-02,2025-01-08
PO02684,S009,Island Circuits,P0077,Electronics,500,98.25,2025-11-11,2025-11-30
PO02685,S010,Jetstream Parts ,P0077,Electronics,25,90.44,2025-01-30,2025-03-08
PO02686,S006,Frontier Plastics,P0085,Electronics,100,292.2,2025-04-17,2025-04-23
PO02687,S011,Keystone Hydraulics,P0093,Fasteners,10,175.15,2025-08-22,2025-10-04
PO02688,S001,Apex Components ,P0061,Electronics,10,36.41,2025-12-06,2026-01-14
PO02689,S007,Gulf Precision,P0066,Plastics,500,349.98,2025-08-04,2025-08-14
PO02690,S001,Apex Components,P0001,Electronics,500,312.87,2025-07-30,2025-09-07
PO02691,S001,Apex Components,P0061,Electronics,100,39.48,2025-03-28,2025-05-06
PO02692,S009,Island Circuits,P0019,Plastics,25,90.02,2025-03-31,2025-04-19
PO02693,S004,Delta Fasteners,P0046,Hydraulics,250,62.12,2025-10-30,2025-12-01
PO02694,S008,Harbor Industrial,P0078,Electronics,10,380.73,2025-04-27,2025-05-15
PO02695,S006,Frontier Plastics,P0025,Plastics,50,344.81,2025-08-15,2025-08-21
PO02696,S007,Gulf Precision,P0038,Hydraulics,10,259.23,2025-11-24,2025-12-04
PO02697,S008,Harbor Industrial,P0068,Plastics,25,320.18,2025-01-15,2025-02-02
PO02698,S005,Echo Cable Co,P0092,Fasteners,50,231.09,2025-05-05,2025-05-12
PO02699,S002,Boreal Metals,P0084,Hydraulics,50,80.27,2025-05-28,2025-06-07
PO02700,S001,Apex Components,P0023,Hydraulics,10,115.19,2025-11-25,2026-01-03
PO02701,S008,Harbor Industrial,P0072,Plastics,500,197.09,2025-12-30,2026-01-17
PO02702,S003,Caribe Electronics,P0013,Cables,25,96.56,2025-12-05,2026-01-16
PO02703,S010,Jetstream Parts,P0002,Plastics,50,59.0,2025-06-19,2025-07-26
PO02704,S001,Apex Components,P0070,Hydraulics,50,436.81,2025-04-06,2025-05-15
PO02705,S001,Apex Components,P0089,Electronics,50,27.53,2025-07-03,2025-08-11
PO02706,S007,Gulf Precision,P0043,Electronics,100,284.38,2025-08-24,2025-09-03
PO02707,S008,Harbor Industrial,P0054,Fasteners,10,230.11,2025-04-25,2025-05-13
PO02708,S001,Apex Components,P0066,Plastics,50,359.6,2025-04-10,2025-05-19
PO02709,S005,Echo Cable Co,P0039,Hydraulics,100,151.74,2025-09-13,2025-09-20
PO02710,S004,Delta Fasteners,P0096,Plastics,25,41.39,2025-05-09,2025-06-10
PO02711,S001,Apex Components,P0036,Electronics,10,63.56,2025-08-21,2025-09-29
PO02712,S010,Jetstream Parts,P0014,Cables,50,293.05,2025-10-01,2025-11-07
PO02713,S008,Harbor Industrial,P0073,Fasteners,100,89.87,2025-01-08,2025-01-26
PO02714,S011,Keystone Hydraulics,P0019,Plastics,250,90.15,2025-06-23,2025-08-05
PO02715,S009,Island Circuits,P0018,Hydraulics,250,110.09,2025-07-18,2025-08-06
PO02716,S012,Luna Optics,P0080,Cables,250,260.16,2025-02-16,2025-02-22
PO02717,S001,Apex Components,P0039,Hydraulics,10,174.73,2025-07-28,2025-09-05
PO02718,S003,Caribe Electronics,P0052,Plastics,100,274.11,2025-11-06,2025-12-18
PO02719,S006,Frontier Plastics,P0097,Plastics,10,333.44,2025-04-21,2025-04-27
PO02720,S006,Frontier Plastics ,P0001,Electronics,25,283.38,2025-03-19,2025-03-25
PO02721,S004,Delta Fasteners,P0048,Cables,250,407.26,2025-04-26,2025-05-28
PO02722,S010,Jetstream Parts,P0083,Fasteners,50,307.76,2025-08-09,2025-09-15
PO02723,S012,Luna Optics,P0064,Fasteners,10,270.08,2025-09-21,2025-09-27
PO02724,S010,Jetstream Parts,P0019,Plastics,25,98.88,2025-01-01,2025-02-07
PO02725,S007,Gulf Precision,P0084,Hydraulics,500,86.05,2025-08-28,2025-09-07
PO02726,S012,LUNA OPTICS,P0037,Fasteners,25,348.35,2025-08-16,2025-08-22
PO02727,S002,Boreal Metals,P0011,Hydraulics,500,264.07,2025-08-20,2025-08-30
PO02728,S011,Keystone Hydraulic,P0061,Electronics,500,34.48,2025-08-03,2025-09-15
PO02729,S009,Island Circuit,P0008,Fasteners,100,338.87,2025-12-06,2025-12-25
PO02730,S007,Gulf Precision,P0062,Hydraulics,500,339.32,2025-10-08,2025-10-18
PO02731,S004,Delta Fasteners,P0018,Hydraulics,25,106.66,2025-04-12,2025-05-14
PO02732,S011,Keystone Hydraulics,P0067,Hydraulics,500,394.9,2025-05-26,2025-07-08
PO02733,S010,Jetstream Parts ,P0040,Hydraulics,25,241.88,2025-01-12,2025-02-18
PO02734,S009,Island Circuits,P0073,Fasteners,500,99.71,2025-03-18,2025-04-06
PO02735,S011,Keystone Hydraulics,P0081,Fasteners,250,214.83,2025-07-14,2025-08-26
PO02736,S004,Delta Fasteners,P0088,Electronics,100,260.37,2025-07-31,2025-09-01
PO02737,S002,Boreal Metals,P0013,Cables,50,95.02,2025-12-08,2025-12-18
PO02738,S003,Caribe Electronics,P0056,Plastics,100,134.12,2025-04-23,2025-06-04
PO02739,S006,Frontier Plastics,P0029,Fasteners,25,102.47,2025-09-08,2025-09-14
PO02740,S005,Echo Cable Co,P0068,Plastics,100,313.24,2025-09-19,2025-09-26
PO02741,S002,Boreal Metals,P0003,Hydraulics,50,33.79,2025-07-28,2025-08-07
PO02742,S006,Frontier Plastics,P0050,Electronics,250,341.01,2025-06-20,2025-06-26
PO02743,S007,Gulf Precision,P0092,Fasteners,100,214.64,2025-04-02,2025-04-12
PO02744,S004,Delta Fasteners,P0033,Fasteners,500,384.81,2025-05-18,2025-06-19
PO02745,S006,Frontier Plastics,P0001,Electronics,25,294.93,2025-03-17,2025-03-23
PO02746,S012,LUNA OPTICS,P0086,Cables,500,193.12,2025-12-24,2025-12-30
PO02747,S003,Caribe Electronics,P0048,Cables,10,420.34,2025-09-24,2025-11-05
PO02748,S003,Caribe Electronics,P0012,Cables,50,74.63,2025-08-20,2025-10-01
PO02749,S011,Keystone Hydraulics ,P0094,Cables,25,197.95,2025-12-22,2026-02-03
PO02750,S012,Luna Optics,P0057,Electronics,10,50.06,2025-07-22,2025-07-28
PO02751,S003,Caribe Electronics,P0020,Cables,10,369.18,2025-01-26,2025-03-09
PO02752,S005,Echo Cable Co,P0099,Fasteners,250,75.05,2025-04-15,2025-04-22
PO02753,S009,Island Circuits,P0022,Electronics,500,338.45,2025-10-04,2025-10-23
PO02754,S006,Frontier Plastics,P0082,Plastics,500,233.0,2025-05-10,2025-05-16
PO02755,S006,Frontier Plastics,P0054,Fasteners,50,208.09,2025-10-18,2025-10-24
PO02756,S002,Boreal Metals ,P0073,Fasteners,25,98.8,2025-07-11,2025-07-21
PO02757,S002,Boreal Metals,P0061,Electronics,50,40.74,2025-09-29,2025-10-09
PO02758,S009,Island Circuits,P0094,Cables,250,203.93,2025-10-23,2025-11-11
PO02759,S001,Apex Components,P0035,Electronics,25,310.97,2025-02-02,2025-03-13
PO02760,S004,Delta Fasteners,P0067,Hydraulics,500,406.27,2025-12-02,2026-01-03
PO02761,S001,Apex Components,P0026,Cables,10,84.08,2025-11-16,2025-12-25
PO02762,S008,Harbor Industrial ,P0058,Cables,250,401.82,2025-05-15,2025-06-02
PO02763,S011,Keystone Hydraulics,P0014,Cables,100,298.69,2025-11-07,2025-12-20
PO02764,S002,Boreal Metals,P0047,Electronics,250,423.51,2025-07-19,2025-07-29
PO02765,S007,Gulf Precision,P0057,Electronics,50,49.04,2025-10-24,2025-11-03
PO02766,S001,Apex Components,P0093,Fasteners,50,194.68,2025-01-15,2025-02-23
PO02767,S002,Boreal Metals,P0076,Fasteners,50,5.3,2025-08-05,2025-08-15
PO02768,S004,Delta Fasteners,P0075,Plastics,500,98.44,2025-10-31,2025-12-02
PO02769,S008,Harbor Industrial,P0100,Hydraulics,500,185.58,2025-09-04,2025-09-22
PO02770,S007,Gulf Precision,P0071,Cables,100,167.69,2025-11-06,2025-11-16
PO02771,S003,Caribe Electronics,P0060,Fasteners,25,364.1,2025-09-03,2025-10-15
PO02772,S011,Keystone Hydraulic,P0048,Cables,500,394.25,2025-12-30,2026-02-11
PO02773,S004,Delta Fasteners,P0001,Electronics,250,332.87,2025-08-28,2025-09-29
PO02774,S010,Jetstream Parts,P0061,Electronics,25,39.81,2025-01-05,2025-02-11
PO02775,S008,Harbor Industrial,P0061,Electronics,100,39.77,2025-03-01,2025-03-19
PO02776,S011,KEYSTONE HYDRAULICS,P0065,Plastics,100,72.49,2025-04-12,2025-05-25
PO02777,S002,Boreal Metals,P0019,Plastics,10,97.75,2025-01-25,2025-02-04
PO02778,S004,Delta Fasteners,P0087,Hydraulics,10,361.95,2025-06-28,2025-07-30
PO02779,S010,Jetstream Parts,P0092,Fasteners,100,229.77,2025-03-03,2025-04-09
PO02780,S006,Frontier Plastics,P0099,Fasteners,100,70.33,2025-07-26,2025-08-01
PO02781,S004,DELTA FASTENERS,P0025,Plastics,50,376.4,2025-05-17,2025-06-18
PO02782,S003,Caribe Electronics,P0087,Hydraulics,100,342.09,2025-12-16,2026-01-27
PO02783,S002,Boreal Metals,P0075,Plastics,10,100.59,2025-05-13,2025-05-23
PO02784,S001,Apex Components,P0047,Electronics,500,381.1,2025-05-26,2025-07-04
PO02785,S010,Jetstream Parts ,P0015,Electronics,10,266.53,2025-06-18,2025-07-25
PO02786,S007,Gulf Precision ,P0002,Plastics,10,53.24,2025-09-16,2025-09-26
PO02787,S008,Harbor Industrial,P0044,Plastics,250,341.07,2025-08-22,2025-09-09
PO02788,S004,Delta Fasteners,P0046,Hydraulics,100,63.1,2025-02-15,2025-03-19
PO02789,S007,Gulf Precision,P0032,Plastics,500,184.62,2025-09-16,2025-09-26
PO02790,S003,Caribe Electronics,P0003,Hydraulics,25,38.03,2025-02-16,2025-03-30
PO02791,S009,Island Circuits,P0019,Plastics,50,89.66,2025-07-21,2025-08-09
PO02792,S003,Caribe Electronics,P0038,Hydraulics,10,260.4,2025-01-21,2025-03-04
PO02793,S011,Keystone Hydraulics,P0007,Electronics,10,20.75,2025-06-05,2025-07-18
PO02794,S002,Boreal Metals,P0076,Fasteners,10,4.89,2025-10-14,2025-10-24
PO02795,S011,Keystone Hydraulics,P0026,Cables,500,94.36,2025-01-30,2025-03-14
PO02796,S011,Keystone Hydraulics,P0028,Hydraulics,100,65.72,2025-11-03,2025-12-16
PO02797,S001,Apex Components,P0068,Plastics,250,320.94,2025-10-29,2025-12-07
PO02798,S009,Island Circuits,P0006,Cables,25,264.16,2025-09-27,2025-10-16
PO02799,S010,Jetstream Parts,P0097,Plastics,25,359.62,2025-11-16,2025-12-23
PO02800,S007,Gulf Precision,P0055,Plastics,10,378.14,2025-05-05,2025-05-15
PO02801,S011,Keystone Hydraulics,P0055,Plastics,250,421.53,2025-02-04,2025-03-19
PO02802,S005,Echo Cable Co,P0099,Fasteners,100,77.21,2025-01-02,2025-01-09
PO02803,S004,DELTA FASTENERS,P0087,Hydraulics,500,370.91,2025-05-06,2025-06-07
PO02804,S005,Echo Cable Co,P0018,Hydraulics,10,106.7,2025-10-13,2025-10-20
PO02805,S007,GULF PRECISION,P0094,Cables,50,203.94,2025-11-28,2025-12-08
PO02806,S002,Boreal Metals,P0066,Plastics,100,394.49,2025-09-03,2025-09-13
PO02807,S004,Delta Fasteners,P0056,Plastics,250,141.93,2025-09-27,2025-10-29
PO02808,S012,Luna Optics,P0084,Hydraulics,100,88.27,2025-11-24,2025-11-30
PO02809,S008,HARBOR INDUSTRIAL,P0066,Plastics,500,380.61,2025-09-21,2025-10-09
PO02810,S006,Frontier Plastics,P0022,Electronics,25,345.12,2025-10-09,2025-10-15
PO02811,S010,Jetstream Parts,P0031,Plastics,50,168.57,2025-10-17,2025-11-23
PO02812,S006,Frontier Plastics,P0078,Electronics,100,364.71,2025-07-14,2025-07-20
PO02813,S001,Apex Components,P0041,Plastics,10,392.23,2025-02-07,2025-03-18
PO02814,S007,Gulf Precision,P0043,Electronics,100,290.9,2025-10-10,2025-10-20
PO02815,S006,Frontier Plastics,P0051,Cables,50,349.88,2025-02-17,2025-02-23
PO02816,S011,Keystone Hydraulics,P0047,Electronics,10,376.55,2025-01-03,2025-02-15
PO02817,S008,Harbor Industrial,P0072,Plastics,100,208.67,2025-06-28,2025-07-16
PO02818,S001,Apex Components,P0016,Fasteners,10,204.43,2025-03-18,2025-04-26
PO02819,S010,Jetstream Parts,P0097,Plastics,10,358.22,2025-07-25,2025-08-31
PO02820,S007,Gulf Precision,P0078,Electronics,25,328.0,2025-03-02,2025-03-12
PO02821,S001,Apex Components,P0018,Hydraulics,50,118.22,2025-03-30,2025-05-08
PO02822,S006,Frontier Plastics,P0031,Plastics,100,164.75,2025-11-22,2025-11-28
PO02823,S011,Keystone Hydraulics,P0098,Electronics,50,401.33,2025-06-06,2025-07-19
PO02824,S005,Echo Cable Co,P0007,Electronics,500,21.22,2025-07-14,2025-07-21
PO02825,S004,Delta Fasteners,P0033,Fasteners,50,431.28,2025-02-03,2025-03-07
PO02826,S009,Island Circuits,P0026,Cables,500,95.93,2025-05-18,2025-06-06
PO02827,S011,Keystone Hydraulics,P0071,Cables,100,182.23,2025-11-19,2026-01-01
PO02828,S009,ISLAND CIRCUITS,P0041,Plastics,25,373.05,2025-03-20,2025-04-08
PO02829,S010,Jetstream Parts,P0038,Hydraulics,25,258.54,2025-03-23,2025-04-29
PO02830,S011,Keystone Hydraulics,P0033,Fasteners,50,437.14,2025-05-05,2025-06-17
PO02831,S006,Frontier Plastics,P0004,Cables,500,319.45,2025-06-06,2025-06-12
PO02832,S007,Gulf Precision ,P0060,Fasteners,25,347.73,2025-01-05,2025-01-15
PO02833,S012,Luna Optics,P0060,Fasteners,100,368.32,2025-04-27,2025-05-03
PO02834,S006,FRONTIER PLASTICS,P0086,Cables,500,181.23,2025-12-18,2025-12-24
PO02835,S007,Gulf Precision,P0018,Hydraulics,50,106.37,2025-10-14,2025-10-24
PO02836,S005,Echo Cable Co,P0044,Plastics,10,319.64,2025-12-03,2025-12-10
PO02837,S008,Harbor Industrial,P0077,Electronics,50,101.21,2025-12-17,2026-01-04
PO02838,S006,Frontier Plastics,P0025,Plastics,10,350.02,2025-02-21,2025-02-27
PO02839,S007,Gulf Precision,P0046,Hydraulics,25,63.64,2025-08-24,2025-09-03
PO02840,S011,Keystone Hydraulics ,P0045,Cables,10,47.45,2025-12-21,2026-02-02
PO02841,S006,Frontier Plastics,P0038,Hydraulics,50,263.62,2025-02-11,2025-02-17
PO02842,S010,Jetstream Part,P0030,Plastics,50,234.5,2025-02-18,2025-03-27
PO02843,S011,Keystone Hydraulics,P0029,Fasteners,500,113.66,2025-08-21,2025-10-03
PO02844,S007,Gulf Precision,P0059,Cables,25,99.93,2025-05-07,2025-05-17
PO02845,S008,Harbor Industrial,P0048,Cables,100,389.38,2025-03-27,2025-04-14
PO02846,S009,Island Circuits,P0084,Hydraulics,100,83.06,2025-07-20,2025-08-08
PO02847,S007,Gulf Precision,P0031,Plastics,10,184.52,2025-05-01,2025-05-11
PO02848,S005,Echo Cable Co,P0043,Electronics,10,293.3,2025-12-31,2026-01-07
PO02849,S011,Keystone Hydraulics,P0091,Electronics,500,109.59,2025-08-03,2025-09-15
PO02850,S009,Island Circuits,P0072,Plastics,250,185.11,2025-01-20,2025-02-08
PO02851,S003,Caribe Electronics,P0048,Cables,250,397.85,2025-05-05,2025-06-16
PO02852,S004,Delta Fasteners,P0014,Cables,25,287.61,2025-05-11,2025-06-12
PO02853,S002,Boreal Metals,P0015,Electronics,500,233.4,2025-06-19,2025-06-29
PO02854,S012,Luna Optics,P0026,Cables,500,97.6,2025-06-03,2025-06-09
PO02855,S003,Caribe Electronics,P0086,Cables,250,185.19,2025-09-05,2025-10-17
PO02856,S002,Boreal Metals,P0087,Hydraulics,100,390.99,2025-11-06,2025-11-16
PO02857,S003,Caribe Electronics,P0066,Plastics,10,374.68,2025-08-07,2025-09-18
PO02858,S010,Jetstream Parts,P0020,Cables,25,337.2,2025-02-20,2025-03-29
PO02859,S011,Keystone Hydraulics,P0059,Cables,100,92.96,2025-09-05,2025-10-18
PO02860,S008,Harbor Industrial,P0083,Fasteners,50,345.11,2025-06-27,2025-07-15
PO02861,S005,ECHO CABLE CO,P0036,Electronics,50,72.11,2025-01-27,2025-02-03
PO02862,S011,Keystone Hydraulics,P0049,Fasteners,500,214.03,2025-09-24,2025-11-06
PO02863,S006,Frontier Plastics,P0008,Fasteners,25,318.96,2025-11-01,2025-11-07
PO02864,S005,Echo Cable Co,P0002,Plastics,250,56.17,2025-04-16,2025-04-23
PO02865,S012,Luna Optics,P0093,Fasteners,25,179.82,2025-05-03,2025-05-09
PO02866,S011,Keystone Hydraulic,P0017,Fasteners,100,75.36,2025-03-30,2025-05-12
PO02867,S002,Boreal Metals,P0070,Hydraulics,50,386.01,2025-03-23,2025-04-02
PO02868,S003,Caribe Electronics,P0005,Plastics,250,342.13,2025-04-11,2025-05-23
PO02869,S011,Keystone Hydraulics,P0053,Fasteners,25,150.44,2025-08-01,2025-09-13
PO02870,S012,Luna Optics,P0062,Hydraulics,25,340.89,2025-07-14,2025-07-20
PO02871,S008,HARBOR INDUSTRIAL,P0024,Fasteners,10,356.62,2025-01-22,2025-02-09
PO02872,S001,Apex Components,P0059,Cables,10,103.34,2025-08-11,2025-09-19
PO02873,S010,Jetstream Parts,P0042,Electronics,10,259.46,2025-04-03,2025-05-10
PO02874,S002,Boreal Metals,P0080,Cables,50,268.76,2025-11-26,2025-12-06
PO02875,S006,Frontier Plastics,P0044,Plastics,100,313.1,2025-02-28,2025-03-06
PO02876,S002,Boreal Metals,P0089,Electronics,500,28.73,2025-09-14,2025-09-24
PO02877,S003,Caribe Electronics,P0095,Electronics,100,185.17,2025-07-15,2025-08-26
PO02878,S008,Harbor Industrial,P0013,Cables,25,90.07,2025-10-06,2025-10-24
PO02879,S011,Keystone Hydraulics,P0084,Hydraulics,500,88.85,2025-05-28,2025-07-10
PO02880,S012,Luna Optics,P0028,Hydraulics,10,57.22,2025-06-01,2025-06-07
PO02881,S003,Caribe Electronics,P0081,Fasteners,500,218.59,2025-02-22,2025-04-05
PO02882,S007,Gulf Precision,P0027,Hydraulics,100,178.33,2025-05-15,2025-05-25
PO02883,S010,Jetstream Parts,P0066,Plastics,100,370.27,2025-01-12,2025-02-18
PO02884,S008,Harbor Industrial,P0088,Electronics,250,295.86,2025-11-25,2025-12-13
PO02885,S003,Caribe Electronics,P0096,Plastics,25,43.79,2025-12-28,2026-02-08
PO02886,S006,Frontier Plastic,P0077,Electronics,25,105.37,2025-05-24,2025-05-30
PO02887,S002,Boreal Metals,P0011,Hydraulics,250,268.44,2025-08-20,2025-08-30
PO02888,S008,Harbor Industrial,P0090,Cables,250,358.99,2025-07-25,2025-08-12
PO02889,S012,Luna Optics,P0067,Hydraulics,500,403.34,2025-05-10,2025-05-16
PO02890,S006,Frontier Plastics,P0021,Electronics,25,90.56,2025-02-24,2025-03-02
PO02891,S006,Frontier Plastics,P0067,Hydraulics,500,407.78,2025-02-18,2025-02-24
PO02892,S011,Keystone Hydraulics,P0088,Electronics,500,269.64,2025-06-10,2025-07-23
PO02893,S006,Frontier Plastics,P0046,Hydraulics,100,71.49,2025-04-02,2025-04-08
PO02894,S008,Harbor Industrial,P0072,Plastics,250,203.1,2025-02-06,2025-02-24
PO02895,S010,Jetstream Parts,P0007,Electronics,100,19.9,2025-09-29,2025-11-05
PO02896,S008,Harbor Industrial,P0045,Cables,25,45.15,2025-12-16,2026-01-03
PO02897,S004,Delta Fasteners,P0010,Electronics,100,155.72,2025-11-11,2025-12-13
PO02898,S001,Apex Components,P0032,Plastics,100,164.41,2025-12-11,2026-01-19
PO02899,S006,Frontier Plastics,P0089,Electronics,100,29.6,2025-05-01,2025-05-07
PO02900,S012,Luna Optics,P0028,Hydraulics,250,66.64,2025-11-20,2025-11-26
PO02901,S002,Boreal Metals,P0077,Electronics,500,104.86,2025-04-05,2025-04-15
PO02902,S005,Echo Cable Co,P0064,Fasteners,100,256.98,2025-04-02,2025-04-09
PO02903,S001,Apex Components,P0016,Fasteners,500,228.39,2025-10-05,2025-11-13
PO02904,S009,Island Circuits,P0033,Fasteners,50,410.08,2025-04-30,2025-05-19
PO02905,S008,Harbor Industrial,P0077,Electronics,100,94.75,2025-09-24,2025-10-12
PO02906,S011,Keystone Hydraulics,P0040,Hydraulics,50,207.73,2025-10-24,2025-12-06
PO02907,S003,Caribe Electronics,P0090,Cables,10,354.4,2025-08-24,2025-10-05
PO02908,S007,Gulf Precisio,P0052,Plastics,250,242.23,2025-02-02,2025-02-12
PO02909,S001,Apex Components,P0062,Hydraulics,500,353.37,2025-03-11,2025-04-19
PO02910,S003,Caribe Electronics,P0084,Hydraulics,25,87.13,2025-11-27,2026-01-08
PO02911,S012,Luna Optics,P0030,Plastics,10,216.32,2025-07-30,2025-08-05
PO02912,S002,Boreal Metals,P0070,Hydraulics,10,401.27,2025-11-29,2025-12-09
PO02913,S011,Keystone Hydraulics,P0086,Cables,10,170.4,2025-03-22,2025-05-04
PO02914,S007,Gulf Precision,P0045,Cables,500,50.91,2025-02-16,2025-02-26
PO02915,S005,Echo Cable Co,P0002,Plastics,250,52.29,2025-10-22,2025-10-29
PO02916,S004,Delta Fasteners,P0060,Fasteners,10,378.6,2025-06-13,2025-07-15
PO02917,S010,Jetstream Parts,P0008,Fasteners,250,298.91,2025-04-02,2025-05-09
PO02918,S006,Frontier Plastics,P0079,Electronics,50,220.83,2025-04-03,2025-04-09
PO02919,S007,Gulf Precision,P0092,Fasteners,100,245.02,2025-08-10,2025-08-20
PO02920,S004,Delta Fasteners,P0030,Plastics,250,216.51,2025-07-16,2025-08-17
PO02921,S004,Delta Fasteners,P0078,Electronics,500,381.51,2025-01-09,2025-02-10
PO02922,S003,Caribe Electronics,P0038,Hydraulics,10,235.91,2025-07-13,2025-08-24
PO02923,S005,Echo Cable Co,P0087,Hydraulics,250,394.38,2025-10-03,2025-10-10
PO02924,S012,Luna Optics,P0068,Plastics,100,302.87,2025-08-12,2025-08-18
PO02925,S005,Echo Cable Co,P0023,Hydraulics,50,106.97,2025-05-08,2025-05-15
PO02926,S008,Harbor Industrial,P0035,Electronics,25,288.97,2025-06-24,2025-07-12
PO02927,S011,Keystone Hydraulics,P0067,Hydraulics,250,434.37,2025-07-11,2025-08-23
PO02928,S010,Jetstream Parts,P0055,Plastics,50,393.36,2025-06-17,2025-07-24
PO02929,S009,Island Circuits ,P0067,Hydraulics,25,412.2,2025-01-03,2025-01-22
PO02930,S008,Harbor Industrial,P0028,Hydraulics,50,63.1,2025-05-26,2025-06-13
PO02931,S008,Harbor Industrial,P0076,Fasteners,250,5.06,2025-11-09,2025-11-27
PO02932,S011,Keystone Hydraulics ,P0003,Hydraulics,100,37.34,2025-10-27,2025-12-09
PO02933,S005,Echo Cable Co,P0092,Fasteners,100,225.37,2025-02-22,2025-03-01
PO02934,S009,Island Circuits,P0094,Cables,250,202.37,2025-08-05,2025-08-24
PO02935,S012,Luna Optics,P0088,Electronics,25,267.7,2025-04-15,2025-04-21
PO02936,S010,Jetstream Parts,P0067,Hydraulics,50,443.09,2025-01-10,2025-02-16
PO02937,S007,Gulf Precision,P0091,Electronics,250,102.2,2025-04-28,2025-05-08
PO02938,S003,Caribe Electronics,P0072,Plastics,100,198.15,2025-02-06,2025-03-20
PO02939,S001,Apex Components,P0017,Fasteners,50,72.83,2025-01-29,2025-03-09
PO02940,S007,Gulf Precision,P0096,Plastics,25,41.39,2025-07-12,2025-07-22
PO02941,S004,Delta Fasteners,P0067,Hydraulics,500,425.08,2025-05-28,2025-06-29
PO02942,S004,Delta Fasteners,P0042,Electronics,250,298.39,2025-06-29,2025-07-31
PO02943,S009,Island Circuits,P0074,Cables,100,11.86,2025-11-04,2025-11-23
PO02944,S009,Island Circuits,P0048,Cables,25,396.61,2025-12-29,2026-01-17
PO02945,S007,Gulf Precision,P0019,Plastics,10,88.8,2025-04-10,2025-04-20
PO02946,S007,Gulf Precision,P0066,Plastics,250,381.97,2025-07-13,2025-07-23
PO02947,S006,Frontier Plastics,P0057,Electronics,500,50.84,2025-08-04,2025-08-10
PO02948,S002,Boreal Metals,P0058,Cables,50,366.57,2025-05-24,2025-06-03
PO02949,S007,Gulf Precision,P0032,Plastics,100,175.34,2025-08-16,2025-08-26
PO02950,S008,Harbor Industrial,P0034,Fasteners,100,222.57,2025-07-11,2025-07-29
PO02951,S003,Caribe Electronics,P0076,Fasteners,50,5.06,2025-04-08,2025-05-20
PO02952,S008,Harbor Industrial,P0050,Electronics,100,350.66,2025-08-03,2025-08-21
PO02953,S006,Frontier Plastics,P0011,Hydraulics,50,252.44,2025-11-02,2025-11-08
PO02954,S011,Keystone Hydraulics,P0100,Hydraulics,25,186.15,2025-01-31,2025-03-15
PO02955,S007,Gulf Precision,P0048,Cables,100,381.03,2025-07-02,2025-07-12
PO02956,S006,Frontier Plastics,P0084,Hydraulics,500,79.21,2025-08-05,2025-08-11
PO02957,S007,Gulf Precision,P0056,Plastics,10,148.45,2025-11-20,2025-11-30
PO02958,S012,Luna Optics,P0011,Hydraulics,10,283.81,2025-01-31,2025-02-06
PO02959,S002,Boreal Metals,P0077,Electronics,500,99.48,2025-11-03,2025-11-13
PO02960,S002,Boreal Metals,P0088,Electronics,50,308.43,2025-09-15,2025-09-25
PO02961,S012,Luna Optics,P0040,Hydraulics,100,205.92,2025-08-18,2025-08-24
PO02962,S001,Apex Components,P0036,Electronics,500,64.86,2025-08-25,2025-10-03
PO02963,S010,Jetstream Parts,P0003,Hydraulics,500,34.15,2025-07-10,2025-08-16
PO02964,S002,Boreal Metals,P0036,Electronics,500,68.38,2025-03-26,2025-04-05
PO02965,S003,Caribe Electronics,P0074,Cables,500,11.74,2025-04-06,2025-05-18
PO02966,S004,Delta Fasteners,P0080,Cables,250,263.18,2025-08-05,2025-09-06
PO02967,S007,Gulf Precision,P0005,Plastics,50,398.19,2025-09-06,2025-09-16
PO02968,S012,Luna Optics,P0095,Electronics,250,185.69,2025-06-23,2025-06-29
PO02969,S005,Echo Cable Co,P0014,Cables,10,307.88,2025-12-11,2025-12-18
PO02970,S002,Boreal Metals,P0069,Fasteners,500,320.58,2025-12-16,2025-12-26
PO02971,S002,Boreal Metals,P0027,Hydraulics,50,157.48,2025-02-09,2025-02-19
PO02972,S007,Gulf Precision,P0099,Fasteners,50,69.54,2025-10-01,2025-10-11
PO02973,S003,Caribe Electronics,P0089,Electronics,10,26.53,2025-09-08,2025-10-20
PO02974,S012,Luna Optics,P0087,Hydraulics,10,366.84,2025-03-29,2025-04-04
PO02975,S002,Boreal Metals,P0049,Fasteners,100,201.11,2025-06-26,2025-07-06
PO02976,S010,Jetstream Parts,P0012,Cables,250,76.65,2025-01-22,2025-02-28
PO02977,S004,Delta Fasteners,P0034,Fasteners,25,227.99,2025-12-27,2026-01-28
PO02978,S006,Frontier Plastics,P0074,Cables,100,11.61,2025-05-04,2025-05-10
PO02979,S009,Island Circuits,P0041,Plastics,25,347.7,2025-08-30,2025-09-18
PO02980,S004,Delta Fasteners,P0011,Hydraulics,50,252.23,2025-11-25,2025-12-27
PO02981,S005,Echo Cable Co,P0038,Hydraulics,10,231.61,2025-08-19,2025-08-26
PO02982,S007,Gulf Precision,P0047,Electronics,250,421.16,2025-10-09,2025-10-19
PO02983,S004,Delta Fasteners,P0096,Plastics,50,41.41,2025-06-16,2025-07-18
PO02984,S002,Boreal Metals,P0019,Plastics,100,95.63,2025-11-11,2025-11-21
PO02985,S010,Jetstream Parts,P0094,Cables,10,180.72,2025-01-12,2025-02-18
PO02986,S010,Jetstream Parts,P0012,Cables,10,75.26,2025-01-31,2025-03-09
PO02987,S011,Keystone Hydraulics,P0033,Fasteners,25,390.27,2025-03-05,2025-04-17
PO02988,S006,Frontier Plastics,P0082,Plastics,100,237.39,2025-03-29,2025-04-04
PO02989,S004,Delta Fasteners,P0081,Fasteners,50,246.18,2025-09-12,2025-10-14
PO02990,S011,Keystone Hydraulics,P0082,Plastics,500,225.76,2025-11-21,2026-01-03
PO02991,S003,Caribe Electronics,P0019,Plastics,10,96.76,2025-01-24,2025-03-07
PO02992,S012,Luna Optics,P0017,Fasteners,50,76.27,2025-04-08,2025-04-14
PO02993,S012,Luna Optics,P0006,Cables,50,261.21,2025-12-13,2025-12-19
PO02994,S011,Keystone Hydraulics,P0067,Hydraulics,100,369.92,2025-01-09,2025-02-21
PO02995,S005,Echo Cable Co,P0002,Plastics,100,58.26,2025-07-03,2025-07-10
PO02996,S006,FRONTIER PLASTICS,P0006,Cables,500,260.56,2025-10-24,2025-10-30
PO02997,S007,Gulf Precision ,P0089,Electronics,50,29.52,2025-04-15,2025-04-25
PO02998,S008,Harbor Industrial,P0068,Plastics,250,340.73,2025-09-19,2025-10-07
PO02999,S010,Jetstream Parts,P0031,Plastics,10,196.98,2025-04-16,2025-05-23
PO03000,S010,Jetstream Parts,P0003,Hydraulics,10,37.48,2025-02-20,2025-03-29
PO03001,S010,Jetstream Parts,P0036,Electronics,500,60.69,2025-08-17,2025-09-23
PO03002,S012,Luna Optics,P0094,Cables,50,213.69,2025-09-24,2025-09-30
PO03003,S010,Jetstream Parts,P0038,Hydraulics,50,263.47,2025-02-07,2025-03-16
PO03004,S004,Delta Fasteners,P0040,Hydraulics,100,226.98,2025-03-07,2025-04-08
PO03005,S001,Apex Components,P0073,Fasteners,50,100.21,2025-04-24,2025-06-02
PO03006,S009,Island Circuits,P0052,Plastics,500,252.38,2025-09-28,2025-10-17
PO03007,S003,Caribe Electronics,P0048,Cables,500,383.8,2025-12-06,2026-01-17
PO03008,S001,Apex Components,P0098,Electronics,10,370.35,2025-09-27,2025-11-05
PO03009,S007,Gulf Precision,P0069,Fasteners,500,319.0,2025-06-02,2025-06-12
PO03010,S010,Jetstream Parts,P0052,Plastics,50,242.85,2025-06-15,2025-07-22
PO03011,S010,Jetstream Part,P0061,Electronics,50,36.87,2025-03-17,2025-04-23
PO03012,S012,Luna Optics,P0043,Electronics,250,287.15,2025-11-18,2025-11-24
PO03013,S005,Echo Cable Co,P0012,Cables,500,67.29,2025-02-02,2025-02-09
PO03014,S007,Gulf Precision,P0057,Electronics,50,50.26,2025-03-03,2025-03-13
PO03015,S004,Delta Fasteners,P0035,Electronics,250,306.94,2025-07-28,2025-08-29
PO03016,S010,Jetstream Parts,P0052,Plastics,100,243.76,2025-09-29,2025-11-05
PO03017,S012,Luna Optics,P0065,Plastics,25,69.7,2025-02-01,2025-02-07
PO03018,S011,Keystone Hydraulics,P0082,Plastics,25,226.45,2025-03-30,2025-05-12
PO03019,S010,Jetstream Parts,P0022,Electronics,100,309.44,2025-07-15,2025-08-21
PO03020,S002,Boreal Metals,P0082,Plastics,250,256.48,2025-01-18,2025-01-28
PO03021,S006,Frontier Plastics,P0029,Fasteners,100,112.8,2025-05-04,2025-05-10
PO03022,S006,Frontier Plastics,P0034,Fasteners,50,208.68,2025-08-02,2025-08-08
PO03023,S005,Echo Cable Co,P0096,Plastics,100,42.98,2025-11-21,2025-11-28
PO03024,S012,Luna Optic,P0039,Hydraulics,250,164.63,2025-10-21,2025-10-27
PO03025,S008,Harbor Industrial,P0095,Electronics,500,187.34,2025-12-16,2026-01-03
PO03026,S006,Frontier Plastics,P0042,Electronics,500,270.98,2025-11-29,2025-12-05
PO03027,S006,Frontier Plastics,P0071,Cables,25,181.17,2025-02-15,2025-02-21
PO03028,S008,Harbor Industrial,P0083,Fasteners,250,323.42,2025-05-17,2025-06-04
PO03029,S008,Harbor Industrial,P0044,Plastics,10,319.66,2025-12-08,2025-12-26
PO03030,S008,Harbor Industrial,P0048,Cables,50,422.06,2025-02-05,2025-02-23
PO03031,S003,Caribe Electronics,P0044,Plastics,25,341.02,2025-12-11,2026-01-22
PO03032,S004,Delta Fasteners,P0067,Hydraulics,500,403.25,2025-06-22,2025-07-24
PO03033,S010,Jetstream Parts,P0005,Plastics,100,358.17,2025-01-10,2025-02-16
PO03034,S005,Echo Cable Co,P0029,Fasteners,100,105.02,2025-10-02,2025-10-09
PO03035,S003,Caribe Electronics,P0093,Fasteners,10,182.23,2025-10-26,2025-12-07
PO03036,S004,Delta Fasteners,P0039,Hydraulics,10,164.46,2025-06-27,2025-07-29
PO03037,S006,Frontier Plastics,P0083,Fasteners,50,312.94,2025-08-25,2025-08-31
PO03038,S011,Keystone Hydraulics,P0034,Fasteners,500,201.63,2025-10-02,2025-11-14
PO03039,S005,Echo Cable Co,P0014,Cables,25,321.63,2025-06-25,2025-07-02
PO03040,S011,Keystone Hydraulics,P0048,Cables,100,393.79,2025-04-20,2025-06-02
PO03041,S006,Frontier Plastics,P0071,Cables,10,195.26,2025-12-12,2025-12-18
PO03042,S008,Harbor Industrial,P0047,Electronics,250,393.26,2025-02-20,2025-03-10
PO03043,S011,Keystone Hydraulics,P0016,Fasteners,25,213.02,2025-07-30,2025-09-11
PO03044,S002,Boreal Metals,P0033,Fasteners,100,414.47,2025-10-31,2025-11-10
PO03045,S010,Jetstream Parts,P0063,Plastics,500,309.31,2025-12-22,2026-01-28
PO03046,S001,Apex Components,P0067,Hydraulics,500,388.4,2025-04-21,2025-05-30
PO03047,S007,Gulf Precision,P0013,Cables,10,91.63,2025-02-09,2025-02-19
PO03048,S001,Apex Components,P0050,Electronics,100,349.84,2025-10-21,2025-11-29
PO03049,S009,Island Circuits,P0041,Plastics,50,389.65,2025-12-15,2026-01-03
PO03050,S004,Delta Fasteners,P0086,Cables,250,175.76,2025-10-27,2025-11-28
PO03051,S004,Delta Fasteners,P0048,Cables,500,415.59,2025-07-02,2025-08-03
PO03052,S009,Island Circuits,P0028,Hydraulics,50,58.63,2025-02-13,2025-03-04
PO03053,S002,Boreal Metals,P0035,Electronics,25,342.82,2025-01-25,2025-02-04
PO03054,S004,Delta Fasteners,P0056,Plastics,100,132.68,2025-12-11,2026-01-12
PO03055,S002,Boreal Metals,P0089,Electronics,50,25.84,2025-09-24,2025-10-04
PO03056,S011,Keystone Hydraulics,P0093,Fasteners,25,176.26,2025-07-06,2025-08-18
PO03057,S006,Frontier Plastics,P0024,Fasteners,500,400.47,2025-08-01,2025-08-07
PO03058,S003,Caribe Electronics,P0065,Plastics,250,72.23,2025-07-19,2025-08-30
PO03059,S003,Caribe Electronics,P0010,Electronics,50,155.51,2025-11-17,2025-12-29
PO03060,S011,Keystone Hydraulics,P0070,Hydraulics,250,442.65,2025-03-17,2025-04-29
PO03061,S008,Harbor Industrial,P0034,Fasteners,500,232.02,2025-11-19,2025-12-07
PO03062,S005,Echo Cable Co,P0037,Fasteners,10,351.98,2025-02-26,2025-03-05
PO03063,S006,Frontier Plastics,P0011,Hydraulics,25,251.82,2025-07-15,2025-07-21
PO03064,S009,Island Circuits,P0083,Fasteners,500,335.85,2025-10-04,2025-10-23
PO03065,S002,Boreal Metals,P0069,Fasteners,50,286.33,2025-09-12,2025-09-22
PO03066,S009,Island Circuits,P0032,Plastics,25,184.29,2025-05-05,2025-05-24
PO03067,S004,DELTA FASTENERS,P0050,Electronics,10,364.62,2025-04-11,2025-05-13
PO03068,S012,Luna Optics,P0074,Cables,10,10.85,2025-08-04,2025-08-10
PO03069,S003,CARIBE ELECTRONICS,P0095,Electronics,250,184.47,2025-07-11,2025-08-22
PO03070,S002,Boreal Metals,P0064,Fasteners,25,279.06,2025-01-22,2025-02-01
PO03071,S007,Gulf Precision,P0074,Cables,25,11.57,2025-01-23,2025-02-02
PO03072,S005,Echo Cable Co,P0079,Electronics,100,220.63,2025-08-28,2025-09-04
PO03073,S004,Delta Fasteners,P0078,Electronics,500,389.67,2025-01-11,2025-02-12
PO03074,S008,Harbor Industrial,P0083,Fasteners,10,319.7,2025-04-28,2025-05-16
PO03075,S011,Keystone Hydraulic,P0007,Electronics,10,22.72,2025-10-10,2025-11-22
PO03076,S003,Caribe Electronics,P0075,Plastics,100,97.57,2025-08-26,2025-10-07
PO03077,S004,Delta Fasteners,P0082,Plastics,100,235.54,2025-03-12,2025-04-13
PO03078,S010,Jetstream Parts,P0095,Electronics,10,185.7,2025-10-09,2025-11-15
PO03079,S006,Frontier Plastics,P0070,Hydraulics,25,393.46,2025-09-15,2025-09-21
PO03080,S004,Delta Fasteners,P0042,Electronics,10,309.2,2025-09-03,2025-10-05
PO03081,S002,Boreal Metals,P0004,Cables,25,375.76,2025-02-11,2025-02-21
PO03082,S002,Boreal Metals,P0074,Cables,50,11.17,2025-07-08,2025-07-18
PO03083,S006,Frontier Plastics,P0098,Electronics,250,421.03,2025-08-21,2025-08-27
PO03084,S006,Frontier Plastics,P0053,Fasteners,250,170.22,2025-08-20,2025-08-26
PO03085,S007,Gulf Precision,P0001,Electronics,50,292.63,2025-02-17,2025-02-27
PO03086,S004,Delta Fasteners,P0031,Plastics,100,167.87,2025-07-17,2025-08-18
PO03087,S007,Gulf Precision,P0008,Fasteners,10,313.41,2025-07-18,2025-07-28
PO03088,S012,Luna Optics,P0059,Cables,500,96.97,2025-11-22,2025-11-28
PO03089,S005,Echo Cable Co,P0075,Plastics,100,103.04,2025-08-20,2025-08-27
PO03090,S001,Apex Components,P0039,Hydraulics,250,172.62,2025-05-24,2025-07-02
PO03091,S004,Delta Fasteners,P0015,Electronics,250,251.13,2025-02-17,2025-03-21
PO03092,S010,Jetstream Parts,P0100,Hydraulics,250,211.7,2025-07-04,2025-08-10
PO03093,S002,Boreal Metals,P0007,Electronics,100,20.47,2025-10-22,2025-11-01
PO03094,S006,Frontier Plastics,P0060,Fasteners,25,365.92,2025-09-20,2025-09-26
PO03095,S006,Frontier Plastics,P0035,Electronics,500,322.78,2025-01-13,2025-01-19
PO03096,S006,Frontier Plastics,P0095,Electronics,100,182.97,2025-01-06,2025-01-12
PO03097,S011,Keystone Hydraulics,P0092,Fasteners,100,210.36,2025-02-04,2025-03-19
PO03098,S008,Harbor Industrial,P0057,Electronics,100,48.55,2025-08-13,2025-08-31
PO03099,S007,Gulf Precision,P0019,Plastics,100,95.48,2025-04-25,2025-05-05
PO03100,S004,Delta Fasteners,P0046,Hydraulics,10,67.15,2025-03-08,2025-04-09
PO03101,S011,Keystone Hydraulics,P0022,Electronics,50,318.71,2025-04-14,2025-05-27
PO03102,S004,DELTA FASTENERS,P0033,Fasteners,50,411.0,2025-07-14,2025-08-15
PO03103,S007,Gulf Precision,P0073,Fasteners,50,103.63,2025-12-29,2026-01-08
PO03104,S008,Harbor Industrial,P0069,Fasteners,100,305.68,2025-06-15,2025-07-03
PO03105,S001,Apex Components,P0005,Plastics,100,399.48,2025-05-16,2025-06-24
PO03106,S006,Frontier Plastics,P0032,Plastics,10,173.25,2025-03-01,2025-03-07
PO03107,S006,Frontier Plastics,P0045,Cables,50,44.14,2025-03-15,2025-03-21
PO03108,S003,Caribe Electronics,P0047,Electronics,50,428.15,2025-01-16,2025-02-27
PO03109,S009,Island Circuits,P0051,Cables,10,335.54,2025-12-14,2026-01-02
PO03110,S002,Boreal Metals,P0062,Hydraulics,10,357.31,2025-02-17,2025-02-27
PO03111,S010,Jetstream Parts,P0100,Hydraulics,250,215.3,2025-12-05,2026-01-11
PO03112,S008,Harbor Industrial,P0026,Cables,500,85.03,2025-02-09,2025-02-27
PO03113,S002,Boreal Metals,P0061,Electronics,500,36.45,2025-10-23,2025-11-02
PO03114,S009,ISLAND CIRCUITS,P0065,Plastics,10,68.72,2025-08-30,2025-09-18
PO03115,S011,Keystone Hydraulics,P0011,Hydraulics,25,250.37,2025-01-11,2025-02-23
PO03116,S006,Frontier Plastics,P0035,Electronics,10,317.84,2025-07-23,2025-07-29
PO03117,S003,Caribe Electronics,P0060,Fasteners,50,388.7,2025-11-29,2026-01-10
PO03118,S005,Echo Cable Co,P0036,Electronics,25,68.75,2025-01-27,2025-02-03
PO03119,S012,LUNA OPTICS,P0070,Hydraulics,25,455.2,2025-04-14,2025-04-20
PO03120,S009,Island Circuits,P0028,Hydraulics,100,56.04,2025-10-01,2025-10-20
PO03121,S010,Jetstream Parts,P0020,Cables,25,325.68,2025-03-10,2025-04-16
PO03122,S010,Jetstream Parts,P0082,Plastics,100,221.81,2025-01-04,2025-02-10
PO03123,S008,Harbor Industrial,P0086,Cables,25,174.01,2025-01-15,2025-02-02
PO03124,S009,Island Circuits,P0093,Fasteners,500,169.12,2025-06-30,2025-07-19
PO03125,S011,Keystone Hydraulics,P0026,Cables,100,85.1,2025-10-27,2025-12-09
PO03126,S006,Frontier Plastics,P0042,Electronics,10,270.62,2025-02-09,2025-02-15
PO03127,S001,Apex Components,P0060,Fasteners,50,394.27,2025-08-24,2025-10-02
PO03128,S008,Harbor Industrial,P0031,Plastics,250,168.39,2025-07-30,2025-08-17
PO03129,S002,Boreal Metals,P0023,Hydraulics,50,124.34,2025-12-01,2025-12-11
PO03130,S011,Keystone Hydraulics,P0056,Plastics,500,147.57,2025-08-25,2025-10-07
PO03131,S005,Echo Cable Co,P0080,Cables,100,287.22,2025-09-23,2025-09-30
PO03132,S007,Gulf Precision,P0097,Plastics,500,352.72,2025-06-07,2025-06-17
PO03133,S010,Jetstream Parts,P0007,Electronics,25,21.85,2025-05-19,2025-06-25
PO03134,S007,Gulf Precision,P0007,Electronics,500,21.53,2025-01-16,2025-01-26
PO03135,S002,Boreal Metals,P0054,Fasteners,500,226.55,2025-07-01,2025-07-11
PO03136,S012,Luna Optics,P0018,Hydraulics,25,107.33,2025-07-07,2025-07-13
PO03137,S010,Jetstream Parts,P0098,Electronics,10,398.83,2025-05-18,2025-06-24
PO03138,S004,Delta Fasteners,P0014,Cables,500,277.63,2025-02-28,2025-04-01
PO03139,S006,Frontier Plastics,P0054,Fasteners,250,233.32,2025-01-07,2025-01-13
PO03140,S004,Delta Fasteners,P0043,Electronics,250,274.57,2025-09-28,2025-10-30
PO03141,S004,Delta Fasteners,P0098,Electronics,500,402.89,2025-06-15,2025-07-17
PO03142,S002,BOREAL METALS,P0046,Hydraulics,25,63.9,2025-11-01,2025-11-11
PO03143,S004,Delta Fasteners ,P0052,Plastics,50,242.06,2025-01-06,2025-02-07
PO03144,S011,Keystone Hydraulics,P0008,Fasteners,100,319.38,2025-06-03,2025-07-16
PO03145,S004,Delta Fasteners,P0095,Electronics,500,192.95,2025-06-16,2025-07-18
PO03146,S007,Gulf Precision,P0080,Cables,100,292.68,2025-11-03,2025-11-13
PO03147,S005,Echo Cable Co,P0074,Cables,25,11.83,2025-11-15,2025-11-22
PO03148,S004,Delta Fasteners,P0095,Electronics,500,197.68,2025-10-30,2025-12-01
PO03149,S004,Delta Fasteners,P0043,Electronics,100,303.28,2025-04-12,2025-05-14
PO03150,S004,Delta Fasteners,P0036,Electronics,50,70.22,2025-05-08,2025-06-09
PO03151,S002,Boreal Metals,P0023,Hydraulics,25,123.4,2025-05-31,2025-06-10
PO03152,S010,Jetstream Parts,P0069,Fasteners,50,297.67,2025-04-08,2025-05-15
PO03153,S002,Boreal Metals,P0052,Plastics,10,238.61,2025-03-06,2025-03-16
PO03154,S006,Frontier Plastics ,P0042,Electronics,250,291.17,2025-09-13,2025-09-19
PO03155,S003,Caribe Electronics,P0020,Cables,500,384.45,2025-12-18,2026-01-29
PO03156,S006,Frontier Plastics,P0012,Cables,25,74.09,2025-06-14,2025-06-20
PO03157,S002,Boreal Metals,P0032,Plastics,500,164.16,2025-06-26,2025-07-06
PO03158,S005,Echo Cable Co,P0098,Electronics,10,387.03,2025-11-12,2025-11-19
PO03159,S008,Harbor Industrial,P0016,Fasteners,100,211.31,2025-08-10,2025-08-28
PO03160,S004,Delta Fasteners,P0003,Hydraulics,100,32.59,2025-03-03,2025-04-04
PO03161,S006,Frontier Plastics,P0092,Fasteners,100,205.07,2025-05-02,2025-05-08
PO03162,S001,Apex Components,P0038,Hydraulics,25,254.32,2025-01-29,2025-03-09
PO03163,S008,Harbor Industrial,P0059,Cables,10,96.63,2025-06-06,2025-06-24
PO03164,S012,Luna Optics,P0098,Electronics,250,357.99,2025-01-20,2025-01-26
PO03165,S012,Luna Optics,P0028,Hydraulics,250,61.96,2025-03-18,2025-03-24
PO03166,S005,Echo Cable Co,P0051,Cables,500,336.51,2025-02-28,2025-03-07
PO03167,S009,Island Circuits,P0094,Cables,50,202.33,2025-02-15,2025-03-06
PO03168,S011,Keystone Hydraulics,P0076,Fasteners,100,5.35,2025-06-21,2025-08-03
PO03169,S008,Harbor Industrial,P0020,Cables,500,320.71,2025-09-07,2025-09-25
PO03170,S005,Echo Cable Co,P0058,Cables,25,348.97,2025-11-20,2025-11-27
PO03171,S012,Luna Optics,P0092,Fasteners,10,237.79,2025-10-01,2025-10-07
PO03172,S010,Jetstream Parts,P0048,Cables,10,445.34,2025-11-25,2026-01-01
PO03173,S005,Echo Cable Co,P0050,Electronics,100,396.83,2025-05-15,2025-05-22
PO03174,S002,Boreal Metals,P0072,Plastics,50,175.66,2025-09-09,2025-09-19
PO03175,S006,Frontier Plastics,P0052,Plastics,25,268.83,2025-06-05,2025-06-11
PO03176,S003,Caribe Electronics,P0003,Hydraulics,500,35.22,2025-01-17,2025-02-28
PO03177,S004,Delta Fasteners,P0099,Fasteners,100,75.62,2025-12-27,2026-01-28
PO03178,S004,Delta Fasteners,P0013,Cables,100,89.33,2025-09-11,2025-10-13
PO03179,S005,Echo Cable Co,P0071,Cables,100,197.6,2025-12-11,2025-12-18
PO03180,S005,Echo Cable Co,P0044,Plastics,50,345.78,2025-01-13,2025-01-20
PO03181,S001,Apex Components,P0086,Cables,250,190.81,2025-10-28,2025-12-06
PO03182,S009,Island Circuits,P0066,Plastics,100,338.57,2025-03-11,2025-03-30
PO03183,S004,Delta Fasteners ,P0068,Plastics,25,289.28,2025-12-10,2026-01-11
PO03184,S010,Jetstream Parts,P0029,Fasteners,10,109.45,2025-09-09,2025-10-16
PO03185,S006,Frontier Plastics,P0035,Electronics,100,325.16,2025-07-18,2025-07-24
PO03186,S003,Caribe Electronics,P0019,Plastics,50,90.79,2025-03-21,2025-05-02
PO03187,S003,Caribe Electronics,P0029,Fasteners,50,110.05,2025-01-20,2025-03-03
PO03188,S006,Frontier Plastics,P0067,Hydraulics,250,374.42,2025-01-23,2025-01-29
PO03189,S001,Apex Components,P0044,Plastics,10,288.42,2025-07-31,2025-09-08
PO03190,S003,Caribe Electronics,P0063,Plastics,250,308.36,2025-10-11,2025-11-22
PO03191,S004,Delta Fasteners,P0054,Fasteners,10,222.78,2025-06-17,2025-07-19
PO03192,S005,ECHO CABLE CO,P0039,Hydraulics,50,151.11,2025-03-21,2025-03-28
PO03193,S009,Island Circuits,P0051,Cables,25,351.23,2025-02-06,2025-02-25
PO03194,S002,Boreal Metals,P0015,Electronics,250,250.8,2025-01-17,2025-01-27
PO03195,S002,Boreal Metals,P0078,Electronics,25,327.36,2025-12-09,2025-12-19
PO03196,S002,Boreal Metals,P0065,Plastics,250,75.37,2025-03-05,2025-03-15
PO03197,S007,Gulf Precision,P0085,Electronics,500,267.12,2025-11-03,2025-11-13
PO03198,S005,Echo Cable Co,P0009,Electronics,10,344.54,2025-04-23,2025-04-30
PO03199,S009,ISLAND CIRCUITS,P0082,Plastics,10,265.26,2025-06-09,2025-06-28
PO03200,S011,Keystone Hydraulics,P0015,Electronics,100,247.35,2025-10-28,2025-12-10
PO03201,S001,Apex Components,P0050,Electronics,100,388.02,2025-02-21,2025-04-01
PO03202,S006,Frontier Plastics,P0098,Electronics,100,361.43,2025-05-20,2025-05-26
PO03203,S010,Jetstream Parts,P0035,Electronics,10,289.31,2025-08-21,2025-09-27
PO03204,S010,JETSTREAM PARTS,P0079,Electronics,250,235.25,2025-08-19,2025-09-25
PO03205,S010,Jetstream Parts,P0037,Fasteners,10,327.05,2025-04-06,2025-05-13
PO03206,S008,Harbor Industrial,P0045,Cables,25,49.24,2025-02-03,2025-02-21
PO03207,S001,Apex Components,P0011,Hydraulics,10,275.09,2025-10-01,2025-11-09
PO03208,S001,Apex Component,P0050,Electronics,50,361.77,2025-01-11,2025-02-19
PO03209,S009,Island Circuits,P0049,Fasteners,500,215.03,2025-11-22,2025-12-11
PO03210,S011,KEYSTONE HYDRAULICS,P0032,Plastics,100,154.64,2025-02-24,2025-04-08
PO03211,S004,Delta Fasteners,P0084,Hydraulics,100,78.71,2025-06-10,2025-07-12
PO03212,S008,Harbor Industrial,P0068,Plastics,10,291.94,2025-02-26,2025-03-16
PO03213,S001,Apex Components,P0036,Electronics,250,60.85,2025-01-13,2025-02-21
PO03214,S006,Frontier Plastics,P0076,Fasteners,100,4.84,2025-08-18,2025-08-24
PO03215,S007,Gulf Precision,P0090,Cables,50,319.28,2025-07-11,2025-07-21
PO03216,S004,Delta Fasteners,P0047,Electronics,25,420.33,2025-01-01,2025-02-02
PO03217,S007,Gulf Precision,P0081,Fasteners,100,222.51,2025-06-28,2025-07-08
PO03218,S008,Harbor Industrial,P0031,Plastics,10,183.49,2025-08-21,2025-09-08
PO03219,S009,Island Circuits,P0064,Fasteners,500,261.73,2025-03-19,2025-04-07
PO03220,S007,Gulf Precision,P0043,Electronics,500,268.04,2025-05-05,2025-05-15
PO03221,S005,Echo Cable Co,P0090,Cables,10,317.48,2025-05-04,2025-05-11
PO03222,S001,Apex Components,P0056,Plastics,10,141.26,2025-07-07,2025-08-15
PO03223,S003,Caribe Electronics,P0016,Fasteners,500,218.41,2025-03-04,2025-04-15
PO03224,S006,Frontier Plastics,P0097,Plastics,50,331.97,2025-07-21,2025-07-27
PO03225,S011,Keystone Hydraulics,P0081,Fasteners,500,206.0,2025-06-17,2025-07-30
PO03226,S003,Caribe Electronics,P0061,Electronics,500,41.4,2025-02-20,2025-04-03
PO03227,S006,Frontier Plastics ,P0017,Fasteners,250,64.0,2025-11-29,2025-12-05
PO03228,S002,Boreal Metals,P0086,Cables,500,173.2,2025-01-29,2025-02-08
PO03229,S009,Island Circuits,P0034,Fasteners,50,197.9,2025-11-16,2025-12-05
PO03230,S009,Island Circuits,P0018,Hydraulics,500,110.6,2025-04-09,2025-04-28
PO03231,S011,Keystone Hydraulics,P0091,Electronics,250,99.89,2025-07-27,2025-09-08
PO03232,S002,Boreal Metals,P0064,Fasteners,500,264.32,2025-08-27,2025-09-06
PO03233,S002,Boreal Metals,P0078,Electronics,25,380.06,2025-03-06,2025-03-16
PO03234,S002,Boreal Metals,P0068,Plastics,500,294.83,2025-07-23,2025-08-02
PO03235,S004,Delta Fasteners,P0004,Cables,25,366.28,2025-04-08,2025-05-10
PO03236,S004,Delta Fasteners,P0041,Plastics,500,355.88,2025-11-09,2025-12-11
PO03237,S010,Jetstream Parts,P0086,Cables,10,184.52,2025-10-20,2025-11-26
PO03238,S011,Keystone Hydraulics,P0052,Plastics,100,275.55,2025-02-22,2025-04-06
PO03239,S010,Jetstream Parts,P0042,Electronics,25,308.59,2025-04-06,2025-05-13
PO03240,S005,Echo Cable Co,P0098,Electronics,25,404.31,2025-11-19,2025-11-26
PO03241,S002,Boreal Metals,P0010,Electronics,50,158.69,2025-04-24,2025-05-04
PO03242,S012,Luna Optics,P0067,Hydraulics,10,403.48,2025-06-14,2025-06-20
PO03243,S011,Keystone Hydraulics,P0089,Electronics,10,28.46,2025-11-24,2026-01-06
PO03244,S001,Apex Components,P0022,Electronics,50,316.09,2025-10-23,2025-12-01
PO03245,S008,Harbor Industrial,P0022,Electronics,10,353.01,2025-07-31,2025-08-18
PO03246,S009,Island Circuits,P0039,Hydraulics,10,151.58,2025-10-02,2025-10-21
PO03247,S008,Harbor Industrial,P0060,Fasteners,25,389.87,2025-08-22,2025-09-09
PO03248,S006,Frontier Plastics,P0098,Electronics,50,399.86,2025-02-04,2025-02-10
PO03249,S002,Boreal Metals,P0009,Electronics,100,352.11,2025-12-12,2025-12-22
PO03250,S003,Caribe Electronics,P0046,Hydraulics,100,67.3,2025-12-01,2026-01-12
PO03251,S003,Caribe Electronics,P0027,Hydraulics,25,168.81,2025-01-16,2025-02-27
PO03252,S010,Jetstream Parts,P0022,Electronics,500,342.31,2025-05-10,2025-06-16
PO03253,S003,Caribe Electronics,P0015,Electronics,10,257.71,2025-08-30,2025-10-11
PO03254,S007,Gulf Precision,P0046,Hydraulics,50,64.09,2025-10-06,2025-10-16
PO03255,S009,Island Circuits,P0038,Hydraulics,25,267.12,2025-10-06,2025-10-25
PO03256,S012,Luna Optics,P0056,Plastics,25,126.19,2025-11-19,2025-11-25
PO03257,S011,Keystone Hydraulics,P0091,Electronics,10,113.79,2025-01-10,2025-02-22
PO03258,S005,Echo Cable Co,P0091,Electronics,25,99.41,2025-03-07,2025-03-14
PO03259,S003,Caribe Electronics,P0031,Plastics,50,186.47,2025-01-20,2025-03-03
PO03260,S011,Keystone Hydraulics,P0019,Plastics,500,93.11,2025-05-21,2025-07-03
PO03261,S010,Jetstream Parts,P0019,Plastics,250,86.94,2025-01-16,2025-02-22
PO03262,S007,Gulf Precision,P0079,Electronics,100,224.24,2025-10-13,2025-10-23
PO03263,S004,Delta Fasteners,P0001,Electronics,50,292.59,2025-07-11,2025-08-12
PO03264,S008,Harbor Industrial,P0001,Electronics,10,294.78,2025-12-18,2026-01-05
PO03265,S002,Boreal Metals,P0063,Plastics,100,349.47,2025-06-03,2025-06-13
PO03266,S005,ECHO CABLE CO,P0013,Cables,10,95.08,2025-07-03,2025-07-10
PO03267,S007,Gulf Precision,P0013,Cables,500,95.39,2025-04-10,2025-04-20
PO03268,S003,Caribe Electronics,P0018,Hydraulics,500,111.07,2025-10-10,2025-11-21
PO03269,S011,Keystone Hydraulics,P0039,Hydraulics,25,168.97,2025-06-29,2025-08-11
PO03270,S003,Caribe Electronics,P0044,Plastics,500,307.72,2025-12-13,2026-01-24
PO03271,S003,Caribe Electronics,P0042,Electronics,50,304.65,2025-09-17,2025-10-29
PO03272,S007,Gulf Precision,P0006,Cables,25,233.01,2025-02-12,2025-02-22
PO03273,S009,Island Circuits,P0065,Plastics,10,70.71,2025-12-28,2026-01-16
PO03274,S003,Caribe Electronics,P0023,Hydraulics,250,118.39,2025-04-23,2025-06-04
PO03275,S003,Caribe Electronics,P0006,Cables,50,240.73,2025-06-30,2025-08-11
PO03276,S002,Boreal Metals,P0088,Electronics,25,299.56,2025-08-18,2025-08-28
PO03277,S007,Gulf Precision,P0019,Plastics,100,100.46,2025-05-09,2025-05-19
PO03278,S006,Frontier Plastics,P0068,Plastics,250,289.83,2025-08-26,2025-09-01
PO03279,S003,Caribe Electronics,P0015,Electronics,25,257.71,2025-04-14,2025-05-26
PO03280,S008,Harbor Industrial,P0056,Plastics,500,137.76,2025-02-06,2025-02-24
PO03281,S001,Apex Components,P0088,Electronics,100,262.21,2025-05-24,2025-07-02
PO03282,S011,Keystone Hydraulics,P0062,Hydraulics,250,317.31,2025-11-01,2025-12-14
PO03283,S004,Delta Fasteners,P0028,Hydraulics,250,62.29,2025-12-13,2026-01-14
PO03284,S006,Frontier Plastics,P0094,Cables,500,195.89,2025-10-15,2025-10-21
PO03285,S004,Delta Fasteners,P0074,Cables,100,9.96,2025-07-22,2025-08-23
PO03286,S008,Harbor Industrial,P0076,Fasteners,50,5.21,2025-11-12,2025-11-30
PO03287,S005,Echo Cable Co,P0041,Plastics,100,372.81,2025-12-17,2025-12-24
PO03288,S001,Apex Components,P0058,Cables,100,346.13,2025-10-25,2025-12-03
PO03289,S005,Echo Cable Co,P0084,Hydraulics,25,86.81,2025-06-02,2025-06-09
PO03290,S012,Luna Optics,P0034,Fasteners,25,232.22,2025-06-24,2025-06-30
PO03291,S011,Keystone Hydraulics,P0091,Electronics,250,108.16,2025-01-28,2025-03-12
PO03292,S008,Harbor Industrial,P0065,Plastics,25,69.98,2025-12-11,2025-12-29
PO03293,S004,Delta Fasteners,P0040,Hydraulics,500,242.58,2025-01-20,2025-02-21
PO03294,S011,Keystone Hydraulics,P0060,Fasteners,100,398.63,2025-07-18,2025-08-30
PO03295,S008,Harbor Industrial,P0066,Plastics,250,342.71,2025-04-22,2025-05-10
PO03296,S001,Apex Components,P0031,Plastics,25,184.73,2025-07-29,2025-09-06
PO03297,S012,Luna Optics,P0024,Fasteners,25,417.47,2025-02-14,2025-02-20
PO03298,S003,Caribe Electronics,P0059,Cables,25,106.27,2025-06-10,2025-07-22
PO03299,S010,Jetstream Parts,P0089,Electronics,10,25.48,2025-04-07,2025-05-14
PO03300,S006,Frontier Plastics,P0005,Plastics,250,358.94,2025-05-05,2025-05-11
PO03301,S003,Caribe Electronics,P0005,Plastics,10,354.51,2025-07-30,2025-09-10
PO03302,S006,Frontier Plastics,P0073,Fasteners,50,88.89,2025-08-29,2025-09-04
PO03303,S010,Jetstream Parts,P0012,Cables,500,73.18,2025-03-17,2025-04-23
PO03304,S007,Gulf Precision,P0014,Cables,25,318.25,2025-03-28,2025-04-07
PO03305,S006,Frontier Plastics,P0050,Electronics,50,379.48,2025-05-26,2025-06-01
PO03306,S006,Frontier Plastics ,P0044,Plastics,250,344.14,2025-06-20,2025-06-26
PO03307,S008,Harbor Industrial,P0099,Fasteners,250,69.03,2025-11-07,2025-11-25
PO03308,S004,Delta Fastener,P0074,Cables,500,11.26,2025-11-04,2025-12-06
PO03309,S004,Delta Fasteners,P0052,Plastics,250,280.2,2025-07-13,2025-08-14
PO03310,S003,Caribe Electronic,P0088,Electronics,25,280.48,2025-03-18,2025-04-29
PO03311,S010,Jetstream Parts,P0005,Plastics,100,369.45,2025-11-26,2026-01-02
PO03312,S003,Caribe Electronics,P0005,Plastics,10,351.49,2025-04-17,2025-05-29
PO03313,S003,Caribe Electronics,P0015,Electronics,100,259.16,2025-04-04,2025-05-16
PO03314,S010,Jetstream Parts,P0095,Electronics,500,175.07,2025-02-07,2025-03-16
PO03315,S006,Frontier Plastics,P0029,Fasteners,10,98.62,2025-09-03,2025-09-09
PO03316,S003,Caribe Electronics,P0066,Plastics,25,384.06,2025-12-01,2026-01-12
PO03317,S006,Frontier Plastics,P0063,Plastics,500,318.76,2025-10-05,2025-10-11
PO03318,S004,Delta Fasteners,P0020,Cables,25,376.65,2025-12-21,2026-01-22
PO03319,S003,Caribe Electronics ,P0054,Fasteners,250,218.45,2025-10-11,2025-11-22
PO03320,S003,Caribe Electronics,P0095,Electronics,50,199.58,2025-09-09,2025-10-21
PO03321,S005,Echo Cable Co,P0057,Electronics,25,52.72,2025-12-22,2025-12-29
PO03322,S009,Island Circuits,P0060,Fasteners,500,372.36,2025-05-09,2025-05-28
PO03323,S012,Luna Optics,P0078,Electronics,50,359.14,2025-08-02,2025-08-08
PO03324,S010,Jetstream Parts,P0066,Plastics,250,396.12,2025-11-07,2025-12-14
PO03325,S010,Jetstream Parts,P0018,Hydraulics,250,119.01,2025-03-17,2025-04-23
PO03326,S008,Harbor Industrial,P0004,Cables,10,348.22,2025-06-24,2025-07-12
PO03327,S007,Gulf Precision,P0070,Hydraulics,250,384.08,2025-01-06,2025-01-16
PO03328,S008,Harbor Industria,P0074,Cables,50,10.82,2025-11-22,2025-12-10
PO03329,S005,Echo Cable Co,P0018,Hydraulics,250,125.48,2025-12-17,2025-12-24
PO03330,S002,Boreal Metals,P0074,Cables,250,11.01,2025-02-13,2025-02-23
PO03331,S008,Harbor Industrial,P0001,Electronics,500,317.88,2025-09-21,2025-10-09
PO03332,S008,Harbor Industrial,P0084,Hydraulics,10,78.33,2025-01-29,2025-02-16
PO03333,S006,Frontier Plastics,P0094,Cables,100,202.86,2025-11-02,2025-11-08
PO03334,S006,Frontier Plastics,P0009,Electronics,10,364.38,2025-01-18,2025-01-24
PO03335,S011,Keystone Hydraulics,P0061,Electronics,10,39.6,2025-02-24,2025-04-08
PO03336,S003,Caribe Electronics,P0002,Plastics,50,55.97,2025-01-25,2025-03-08
PO03337,S004,Delta Fasteners,P0091,Electronics,500,97.58,2025-11-13,2025-12-15
PO03338,S006,Frontier Plastics,P0080,Cables,250,279.55,2025-08-31,2025-09-06
PO03339,S004,Delta Fasteners,P0077,Electronics,100,102.4,2025-06-14,2025-07-16
PO03340,S006,Frontier Plastics,P0020,Cables,100,362.13,2025-12-06,2025-12-12
PO03341,S002,Boreal Metals,P0052,Plastics,50,267.28,2025-02-27,2025-03-09
PO03342,S006,Frontier Plastics,P0012,Cables,25,73.83,2025-05-03,2025-05-09
PO03343,S007,Gulf Precision,P0095,Electronics,250,182.98,2025-12-18,2025-12-28
PO03344,S001,Apex Components,P0068,Plastics,50,292.82,2025-06-25,2025-08-03
PO03345,S005,Echo Cable Co,P0079,Electronics,500,199.56,2025-07-20,2025-07-27
PO03346,S006,Frontier Plastics,P0065,Plastics,100,64.95,2025-03-29,2025-04-04
PO03347,S010,Jetstream Parts,P0074,Cables,250,10.39,2025-08-12,2025-09-18
PO03348,S010,Jetstream Parts,P0014,Cables,10,321.42,2025-03-01,2025-04-07
PO03349,S002,Boreal Metals,P0069,Fasteners,50,322.73,2025-07-30,2025-08-09
PO03350,S004,Delta Fasteners,P0022,Electronics,10,343.49,2025-05-05,2025-06-06
PO03351,S008,Harbor Industrial,P0093,Fasteners,500,184.97,2025-04-12,2025-04-30
PO03352,S003,Caribe Electronics,P0019,Plastics,500,91.13,2025-08-03,2025-09-14
PO03353,S006,Frontier Plastics,P0043,Electronics,50,304.62,2025-10-07,2025-10-13
PO03354,S002,Boreal Metals,P0092,Fasteners,250,241.46,2025-03-14,2025-03-24
PO03355,S012,Luna Optics,P0070,Hydraulics,50,378.56,2025-08-17,2025-08-23
PO03356,S008,Harbor Industrial,P0093,Fasteners,250,194.94,2025-05-10,2025-05-28
PO03357,S003,Caribe Electronics ,P0064,Fasteners,50,265.71,2025-10-02,2025-11-13
PO03358,S008,Harbor Industrial,P0055,Plastics,250,394.66,2025-09-15,2025-10-03
PO03359,S006,Frontier Plastics,P0038,Hydraulics,50,269.7,2025-06-18,2025-06-24
PO03360,S003,Caribe Electronics,P0093,Fasteners,250,175.55,2025-12-21,2026-02-01
PO03361,S007,Gulf Precision,P0024,Fasteners,500,419.59,2025-08-21,2025-08-31
PO03362,S004,Delta Fasteners,P0067,Hydraulics,250,431.37,2025-01-14,2025-02-15
PO03363,S010,Jetstream Parts,P0032,Plastics,100,156.74,2025-12-09,2026-01-15
PO03364,S003,Caribe Electronics,P0091,Electronics,25,113.45,2025-12-26,2026-02-06
PO03365,S005,Echo Cable Co,P0067,Hydraulics,10,374.41,2025-06-11,2025-06-18
PO03366,S005,Echo Cable Co,P0031,Plastics,25,179.08,2025-01-28,2025-02-04
PO03367,S002,Boreal Metals,P0069,Fasteners,100,287.71,2025-11-22,2025-12-02
PO03368,S002,Boreal Metals,P0017,Fasteners,500,73.04,2025-02-09,2025-02-19
PO03369,S001,Apex Components,P0051,Cables,100,379.57,2025-02-09,2025-03-20
PO03370,S004,Delta Fasteners,P0046,Hydraulics,100,65.55,2025-06-16,2025-07-18
PO03371,S011,Keystone Hydraulics,P0067,Hydraulics,25,438.92,2025-06-23,2025-08-05
PO03372,S010,Jetstream Parts,P0006,Cables,50,247.52,2025-11-11,2025-12-18
PO03373,S009,Island Circuits,P0021,Electronics,500,96.87,2025-09-30,2025-10-19
PO03374,S011,Keystone Hydraulics,P0022,Electronics,250,364.62,2025-10-04,2025-11-16
PO03375,S001,Apex Components,P0027,Hydraulics,100,182.75,2025-07-15,2025-08-23
PO03376,S009,Island Circuits,P0050,Electronics,25,380.0,2025-08-07,2025-08-26
PO03377,S012,Luna Optics,P0049,Fasteners,10,214.5,2025-05-05,2025-05-11
PO03378,S008,Harbor Industrial,P0011,Hydraulics,500,276.21,2025-01-04,2025-01-22
PO03379,S011,Keystone Hydraulics,P0091,Electronics,50,113.91,2025-09-03,2025-10-16
PO03380,S008,Harbor Industrial ,P0064,Fasteners,500,268.84,2025-01-19,2025-02-06
PO03381,S001,Apex Components,P0017,Fasteners,100,72.65,2025-04-23,2025-06-01
PO03382,S008,Harbor Industrial,P0003,Hydraulics,50,33.39,2025-12-30,2026-01-17
PO03383,S007,Gulf Precision,P0067,Hydraulics,250,442.23,2025-12-25,2026-01-04
PO03384,S002,Boreal Metals,P0054,Fasteners,100,247.19,2025-10-13,2025-10-23
PO03385,S005,Echo Cable Co,P0052,Plastics,500,251.26,2025-08-24,2025-08-31
PO03386,S005,Echo Cable Co,P0066,Plastics,500,361.89,2025-05-16,2025-05-23
PO03387,S002,Boreal Metals,P0089,Electronics,25,26.54,2025-05-26,2025-06-05
PO03388,S003,Caribe Electronics,P0031,Plastics,500,174.69,2025-11-11,2025-12-23
PO03389,S007,Gulf Precision,P0036,Electronics,10,67.68,2025-09-07,2025-09-17
PO03390,S001,Apex Components,P0029,Fasteners,25,109.05,2025-10-22,2025-11-30
PO03391,S007,Gulf Precision,P0019,Plastics,250,92.53,2025-04-25,2025-05-05
PO03392,S002,BOREAL METALS,P0005,Plastics,250,344.98,2025-12-11,2025-12-21
PO03393,S004,DELTA FASTENERS,P0042,Electronics,100,293.8,2025-08-23,2025-09-24
PO03394,S006,Frontier Plastics,P0049,Fasteners,50,219.2,2025-11-08,2025-11-14
PO03395,S008,Harbor Industrial,P0044,Plastics,250,308.12,2025-06-25,2025-07-13
PO03396,S012,Luna Optics,P0081,Fasteners,100,233.15,2025-03-10,2025-03-16
PO03397,S005,Echo Cable Co,P0010,Electronics,250,174.51,2025-04-25,2025-05-02
PO03398,S006,Frontier Plastics,P0019,Plastics,10,98.77,2025-08-21,2025-08-27
PO03399,S007,Gulf Precision,P0084,Hydraulics,50,83.38,2025-02-19,2025-03-01
PO03400,S008,Harbor Industrial,P0038,Hydraulics,500,230.28,2025-06-01,2025-06-19
PO03401,S010,JETSTREAM PARTS,P0034,Fasteners,100,224.48,2025-04-14,2025-05-21
PO03402,S012,Luna Optics,P0047,Electronics,500,434.07,2025-05-04,2025-05-10
PO03403,S005,Echo Cable Co,P0002,Plastics,500,51.17,2025-12-26,2026-01-02
PO03404,S001,Apex Components,P0074,Cables,50,11.34,2025-02-16,2025-03-27
PO03405,S003,Caribe Electronics,P0046,Hydraulics,100,69.08,2025-10-20,2025-12-01
PO03406,S005,Echo Cable Co,P0012,Cables,25,65.46,2025-12-02,2025-12-09
PO03407,S002,Boreal Metals,P0027,Hydraulics,50,167.51,2025-04-30,2025-05-10
PO03408,S011,Keystone Hydraulics,P0080,Cables,100,279.61,2025-12-21,2026-02-02
PO03409,S002,BOREAL METALS,P0099,Fasteners,10,67.04,2025-03-19,2025-03-29
PO03410,S004,Delta Fasteners,P0006,Cables,10,234.35,2025-05-29,2025-06-30
PO03411,S009,Island Circuits,P0070,Hydraulics,500,424.21,2025-09-28,2025-10-17
PO03412,S002,Boreal Metals,P0074,Cables,10,11.08,2025-12-13,2025-12-23
PO03413,S007,Gulf Precision,P0072,Plastics,500,188.68,2025-12-23,2026-01-02
PO03414,S008,Harbor Industrial,P0007,Electronics,50,23.24,2025-12-31,2026-01-18
PO03415,S009,Island Circuits,P0073,Fasteners,10,96.11,2025-11-13,2025-12-02
PO03416,S012,Luna Optics,P0027,Hydraulics,25,182.94,2025-01-12,2025-01-18
PO03417,S008,Harbor Industrial,P0010,Electronics,50,157.61,2025-09-23,2025-10-11
PO03418,S012,Luna Optics,P0020,Cables,50,351.58,2025-12-29,2026-01-04
PO03419,S007,Gulf Precision,P0004,Cables,25,358.17,2025-12-06,2025-12-16
PO03420,S012,Luna Optics,P0099,Fasteners,10,74.19,2025-06-11,2025-06-17
PO03421,S010,Jetstream Part,P0079,Electronics,100,212.78,2025-04-16,2025-05-23
PO03422,S007,Gulf Precision,P0077,Electronics,100,93.04,2025-07-23,2025-08-02
PO03423,S001,Apex Components,P0064,Fasteners,10,294.68,2025-12-15,2026-01-23
PO03424,S005,Echo Cable Co,P0084,Hydraulics,10,77.77,2025-10-14,2025-10-21
PO03425,S007,Gulf Precision,P0044,Plastics,250,338.86,2025-09-09,2025-09-19
PO03426,S011,Keystone Hydraulics,P0022,Electronics,25,353.5,2025-08-28,2025-10-10
PO03427,S006,Frontier Plastics,P0070,Hydraulics,500,421.99,2025-03-14,2025-03-20
PO03428,S002,Boreal Metals,P0028,Hydraulics,250,67.16,2025-02-28,2025-03-10
PO03429,S003,Caribe Electronics,P0100,Hydraulics,25,205.61,2025-08-08,2025-09-19
PO03430,S010,Jetstream Parts,P0082,Plastics,25,244.37,2025-03-16,2025-04-22
PO03431,S006,Frontier Plastics,P0067,Hydraulics,50,428.23,2025-07-31,2025-08-06
PO03432,S002,Boreal Metals,P0051,Cables,25,328.91,2025-09-09,2025-09-19
PO03433,S003,Caribe Electronics,P0074,Cables,100,10.1,2025-09-04,2025-10-16
PO03434,S005,Echo Cable Co,P0033,Fasteners,10,422.4,2025-07-09,2025-07-16
PO03435,S002,Boreal Metals,P0010,Electronics,100,148.75,2025-10-03,2025-10-13
PO03436,S002,Boreal Metals,P0012,Cables,250,73.39,2025-11-08,2025-11-18
PO03437,S006,Frontier Plastics,P0044,Plastics,50,308.62,2025-12-30,2026-01-05
PO03438,S004,Delta Fasteners,P0049,Fasteners,250,232.35,2025-05-11,2025-06-12
PO03439,S005,Echo Cable Co,P0004,Cables,25,360.44,2025-05-29,2025-06-05
PO03440,S010,Jetstream Parts,P0046,Hydraulics,500,62.07,2025-07-30,2025-09-05
PO03441,S007,Gulf Precision,P0083,Fasteners,25,307.98,2025-03-19,2025-03-29
PO03442,S005,Echo Cable Co,P0088,Electronics,25,302.79,2025-12-20,2025-12-27
PO03443,S007,Gulf Precision,P0068,Plastics,25,335.04,2025-10-01,2025-10-11
PO03444,S008,Harbor Industrial,P0003,Hydraulics,250,36.9,2025-04-10,2025-04-28
PO03445,S006,Frontier Plastic,P0005,Plastics,250,365.88,2025-02-28,2025-03-06
PO03446,S001,Apex Components,P0031,Plastics,50,183.28,2025-09-28,2025-11-06
PO03447,S001,Apex Components,P0002,Plastics,500,54.13,2025-08-04,2025-09-12
PO03448,S012,Luna Optics,P0016,Fasteners,50,219.11,2025-04-03,2025-04-09
PO03449,S005,Echo Cable Co,P0018,Hydraulics,10,119.19,2025-12-23,2025-12-30
PO03450,S009,Island Circuits,P0001,Electronics,10,332.21,2025-02-27,2025-03-18
PO03451,S008,Harbor Industrial,P0027,Hydraulics,50,172.61,2025-06-06,2025-06-24
PO03452,S011,Keystone Hydraulics,P0016,Fasteners,100,213.64,2025-12-31,2026-02-12
PO03453,S008,Harbor Industrial,P0092,Fasteners,10,241.39,2025-12-18,2026-01-05
PO03454,S002,Boreal Metals,P0017,Fasteners,500,72.21,2025-12-31,2026-01-10
PO03455,S004,Delta Fasteners,P0006,Cables,50,233.27,2025-10-17,2025-11-18
PO03456,S011,Keystone Hydraulics,P0032,Plastics,50,178.25,2025-06-29,2025-08-11
PO03457,S009,Island Circuits,P0061,Electronics,500,39.04,2025-07-03,2025-07-22
PO03458,S003,Caribe Electronics,P0054,Fasteners,50,225.61,2025-07-13,2025-08-24
PO03459,S009,Island Circuits,P0017,Fasteners,500,75.28,2025-02-03,2025-02-22
PO03460,S010,Jetstream Parts,P0036,Electronics,10,66.94,2025-01-02,2025-02-08
PO03461,S007,Gulf Precision,P0033,Fasteners,50,385.51,2025-07-15,2025-07-25
PO03462,S010,Jetstream Parts,P0059,Cables,50,107.37,2025-06-05,2025-07-12
PO03463,S011,Keystone Hydraulics,P0067,Hydraulics,250,441.38,2025-11-30,2026-01-12
PO03464,S005,Echo Cable Co,P0072,Plastics,500,174.66,2025-09-11,2025-09-18
PO03465,S003,Caribe Electronics,P0043,Electronics,10,295.17,2025-03-22,2025-05-03
PO03466,S003,Caribe Electronics,P0052,Plastics,100,235.1,2025-10-20,2025-12-01
PO03467,S006,Frontier Plastics,P0093,Fasteners,25,189.58,2025-10-09,2025-10-15
PO03468,S007,Gulf Precision,P0098,Electronics,500,360.19,2025-09-29,2025-10-09
PO03469,S008,Harbor Industrial,P0002,Plastics,500,49.31,2025-10-31,2025-11-18
PO03470,S009,Island Circuits,P0081,Fasteners,250,236.33,2025-08-02,2025-08-21
PO03471,S012,Luna Optics,P0005,Plastics,250,372.46,2025-09-21,2025-09-27
PO03472,S012,Luna Optics,P0039,Hydraulics,250,174.93,2025-08-14,2025-08-20
PO03473,S005,Echo Cable Co,P0087,Hydraulics,50,359.06,2025-06-24,2025-07-01
PO03474,S010,Jetstream Parts,P0066,Plastics,25,401.47,2025-09-15,2025-10-22
PO03475,S001,Apex Components,P0025,Plastics,50,386.21,2025-06-20,2025-07-29
PO03476,S004,Delta Fasteners,P0008,Fasteners,25,318.29,2025-03-06,2025-04-07
PO03477,S006,FRONTIER PLASTICS,P0057,Electronics,25,52.67,2025-05-04,2025-05-10
PO03478,S001,Apex Components,P0094,Cables,100,192.93,2025-04-27,2025-06-05
PO03479,S012,Luna Optics,P0062,Hydraulics,50,356.72,2025-03-04,2025-03-10
PO03480,S001,Apex Components,P0093,Fasteners,50,192.82,2025-04-18,2025-05-27
PO03481,S004,Delta Fasteners,P0028,Hydraulics,50,67.03,2025-03-08,2025-04-09
PO03482,S004,Delta Fasteners,P0060,Fasteners,25,346.3,2025-04-23,2025-05-25
PO03483,S012,Luna Optics,P0061,Electronics,500,34.67,2025-12-24,2025-12-30
PO03484,S005,ECHO CABLE CO,P0005,Plastics,25,350.69,2025-08-17,2025-08-24
PO03485,S009,Island Circuits,P0066,Plastics,25,359.61,2025-10-01,2025-10-20
PO03486,S009,Island Circuits,P0081,Fasteners,10,224.85,2025-05-18,2025-06-06
PO03487,S011,Keystone Hydraulics,P0087,Hydraulics,10,368.04,2025-09-02,2025-10-15
PO03488,S007,Gulf Precision,P0038,Hydraulics,50,241.88,2025-12-28,2026-01-07
PO03489,S009,Island Circuits,P0029,Fasteners,100,103.87,2025-11-14,2025-12-03
PO03490,S008,Harbor Industrial,P0026,Cables,500,91.47,2025-11-05,2025-11-23
PO03491,S009,Island Circuits ,P0028,Hydraulics,500,63.02,2025-10-20,2025-11-08
PO03492,S011,Keystone Hydraulics,P0067,Hydraulics,25,420.03,2025-12-13,2026-01-25
PO03493,S003,Caribe Electronics,P0013,Cables,250,91.04,2025-09-19,2025-10-31
PO03494,S011,Keystone Hydraulics,P0088,Electronics,500,257.13,2025-01-16,2025-02-28
PO03495,S011,Keystone Hydraulics,P0099,Fasteners,10,67.82,2025-07-26,2025-09-07
PO03496,S010,Jetstream Parts,P0074,Cables,500,10.15,2025-09-30,2025-11-06
PO03497,S001,Apex Components,P0030,Plastics,250,212.03,2025-06-21,2025-07-30
PO03498,S010,Jetstream Parts,P0098,Electronics,100,384.91,2025-05-04,2025-06-10
PO03499,S010,Jetstream Parts,P0033,Fasteners,250,402.05,2025-06-22,2025-07-29
PO03500,S005,Echo Cable Co,P0054,Fasteners,50,234.13,2025-08-11,2025-08-18
PO03501,S001,APEX COMPONENTS,P0020,Cables,500,330.47,2025-02-16,2025-03-27
PO03502,S007,Gulf Precision,P0029,Fasteners,500,102.97,2025-03-27,2025-04-06
PO03503,S003,Caribe Electronics,P0094,Cables,25,193.65,2025-05-26,2025-07-07
PO03504,S007,Gulf Precision,P0001,Electronics,10,313.09,2025-10-25,2025-11-04
PO03505,S012,Luna Optics,P0003,Hydraulics,500,37.42,2025-08-15,2025-08-21
PO03506,S009,Island Circuits,P0074,Cables,500,10.82,2025-12-20,2026-01-08
PO03507,S008,Harbor Industrial,P0056,Plastics,10,140.17,2025-11-12,2025-11-30
PO03508,S012,Luna Optics,P0085,Electronics,500,280.62,2025-07-07,2025-07-13
PO03509,S006,Frontier Plastics,P0097,Plastics,100,346.02,2025-05-07,2025-05-13
PO03510,S004,Delta Fasteners,P0089,Electronics,25,27.68,2025-10-04,2025-11-05
PO03511,S010,Jetstream Parts,P0004,Cables,500,338.39,2025-06-19,2025-07-26
PO03512,S005,Echo Cable Co,P0095,Electronics,100,188.31,2025-08-15,2025-08-22
PO03513,S004,Delta Fasteners,P0034,Fasteners,50,211.07,2025-01-23,2025-02-24
PO03514,S012,Luna Optics,P0042,Electronics,10,287.02,2025-03-18,2025-03-24
PO03515,S007,Gulf Precision,P0078,Electronics,500,342.22,2025-03-26,2025-04-05
PO03516,S010,Jetstream Parts,P0043,Electronics,25,265.24,2025-02-27,2025-04-05
PO03517,S002,Boreal Metals ,P0001,Electronics,250,297.12,2025-10-07,2025-10-17
PO03518,S005,Echo Cable Co,P0076,Fasteners,10,4.87,2025-04-19,2025-04-26
PO03519,S011,Keystone Hydraulics,P0095,Electronics,10,175.78,2025-08-07,2025-09-19
PO03520,S011,Keystone Hydraulics,P0052,Plastics,500,259.09,2025-06-10,2025-07-23
PO03521,S011,Keystone Hydraulics ,P0073,Fasteners,500,102.01,2025-01-23,2025-03-07
PO03522,S009,Island Circuits,P0054,Fasteners,500,210.19,2025-12-05,2025-12-24
PO03523,S003,Caribe Electronics,P0076,Fasteners,50,5.12,2025-09-04,2025-10-16
PO03524,S008,Harbor Industrial,P0013,Cables,250,90.66,2025-02-17,2025-03-07
PO03525,S010,Jetstream Parts,P0073,Fasteners,250,94.19,2025-03-01,2025-04-07
PO03526,S010,Jetstream Parts,P0013,Cables,500,96.97,2025-10-31,2025-12-07
PO03527,S008,Harbor Industrial,P0010,Electronics,100,165.31,2025-01-04,2025-01-22
PO03528,S003,CARIBE ELECTRONICS,P0097,Plastics,250,379.49,2025-07-07,2025-08-18
PO03529,S010,Jetstream Part,P0029,Fasteners,25,99.05,2025-03-13,2025-04-19
PO03530,S005,Echo Cable Co,P0006,Cables,500,258.53,2025-01-27,2025-02-03
PO03531,S009,Island Circuits,P0072,Plastics,50,188.92,2025-07-17,2025-08-05
PO03532,S003,Caribe Electronics,P0054,Fasteners,500,233.99,2025-03-09,2025-04-20
PO03533,S002,Boreal Metals,P0055,Plastics,50,361.53,2025-09-09,2025-09-19
PO03534,S002,Boreal Metals,P0016,Fasteners,500,234.35,2025-03-09,2025-03-19
PO03535,S004,Delta Fasteners,P0026,Cables,10,92.41,2025-04-04,2025-05-06
PO03536,S001,Apex Components,P0055,Plastics,25,370.1,2025-04-24,2025-06-02
PO03537,S009,Island Circuits,P0090,Cables,250,361.14,2025-02-23,2025-03-14
PO03538,S009,Island Circuits ,P0007,Electronics,50,19.89,2025-07-03,2025-07-22
PO03539,S001,Apex Components,P0067,Hydraulics,10,426.41,2025-07-27,2025-09-04
PO03540,S012,Luna Optics,P0053,Fasteners,10,164.15,2025-10-05,2025-10-11
PO03541,S009,Island Circuits,P0031,Plastics,50,172.99,2025-08-06,2025-08-25
PO03542,S012,Luna Optics,P0043,Electronics,250,266.85,2025-01-18,2025-01-24
PO03543,S009,Island Circuits,P0029,Fasteners,500,113.47,2025-11-13,2025-12-02
PO03544,S005,Echo Cable Co,P0011,Hydraulics,50,275.8,2025-03-15,2025-03-22
PO03545,S011,Keystone Hydraulics,P0057,Electronics,100,45.97,2025-04-02,2025-05-15
PO03546,S007,Gulf Precision,P0078,Electronics,10,340.36,2025-11-04,2025-11-14
PO03547,S011,Keystone Hydraulics,P0052,Plastics,10,265.01,2025-08-29,2025-10-11
PO03548,S003,Caribe Electronics,P0088,Electronics,100,280.58,2025-03-08,2025-04-19
PO03549,S012,LUNA OPTICS,P0070,Hydraulics,100,393.26,2025-08-11,2025-08-17
PO03550,S009,Island Circuits,P0077,Electronics,500,100.58,2025-12-12,2025-12-31
PO03551,S012,Luna Optics ,P0063,Plastics,500,295.32,2025-06-01,2025-06-07
PO03552,S012,Luna Optics,P0019,Plastics,50,102.12,2025-03-17,2025-03-23
PO03553,S001,Apex Components,P0001,Electronics,250,308.37,2025-06-14,2025-07-23
PO03554,S003,Caribe Electronics,P0014,Cables,50,275.7,2025-01-29,2025-03-12
PO03555,S002,Boreal Metals,P0025,Plastics,500,359.31,2025-03-02,2025-03-12
PO03556,S004,Delta Fasteners,P0037,Fasteners,500,309.44,2025-03-18,2025-04-19
PO03557,S010,Jetstream Parts,P0035,Electronics,50,335.67,2025-04-26,2025-06-02
PO03558,S001,Apex Components,P0069,Fasteners,100,311.16,2025-09-20,2025-10-29
PO03559,S008,Harbor Industrial,P0076,Fasteners,250,4.91,2025-03-19,2025-04-06
PO03560,S009,Island Circuits,P0019,Plastics,25,96.07,2025-02-17,2025-03-08
PO03561,S009,Island Circuits,P0014,Cables,500,312.49,2025-01-08,2025-01-27
PO03562,S007,Gulf Precision,P0045,Cables,100,51.08,2025-09-23,2025-10-03
PO03563,S008,Harbor Industrial,P0058,Cables,50,363.48,2025-06-27,2025-07-15
PO03564,S003,Caribe Electronics,P0026,Cables,500,84.88,2025-09-10,2025-10-22
PO03565,S004,Delta Fasteners,P0042,Electronics,10,312.03,2025-02-04,2025-03-08
PO03566,S004,Delta Fasteners,P0033,Fasteners,50,437.73,2025-07-07,2025-08-08
PO03567,S008,Harbor Industrial,P0051,Cables,100,345.66,2025-08-11,2025-08-29
PO03568,S005,Echo Cable Co,P0042,Electronics,500,283.48,2025-12-23,2025-12-30
PO03569,S002,Boreal Metals,P0088,Electronics,25,289.13,2025-07-19,2025-07-29
PO03570,S011,Keystone Hydraulics,P0084,Hydraulics,10,84.96,2025-09-04,2025-10-17
PO03571,S001,Apex Components,P0082,Plastics,10,223.54,2025-01-08,2025-02-16
PO03572,S010,Jetstream Parts,P0049,Fasteners,50,206.59,2025-06-30,2025-08-06
PO03573,S002,Boreal Metals,P0016,Fasteners,500,239.0,2025-07-05,2025-07-15
PO03574,S007,Gulf Precision,P0079,Electronics,100,227.29,2025-01-15,2025-01-25
PO03575,S010,Jetstream Parts,P0077,Electronics,100,98.57,2025-07-06,2025-08-12
PO03576,S012,Luna Optics,P0068,Plastics,250,343.91,2025-09-17,2025-09-23
PO03577,S003,Caribe Electronics,P0015,Electronics,50,256.61,2025-10-21,2025-12-02
PO03578,S009,Island Circuits,P0017,Fasteners,100,64.28,2025-05-28,2025-06-16
PO03579,S004,Delta Fasteners,P0078,Electronics,50,390.89,2025-05-16,2025-06-17
PO03580,S005,Echo Cable Co,P0094,Cables,500,191.58,2025-09-26,2025-10-03
PO03581,S005,Echo Cable Co,P0001,Electronics,100,300.33,2025-01-10,2025-01-17
PO03582,S007,Gulf Precision,P0092,Fasteners,25,228.35,2025-03-24,2025-04-03
PO03583,S003,Caribe Electronics,P0016,Fasteners,250,225.47,2025-04-19,2025-05-31
PO03584,S005,Echo Cable Co,P0098,Electronics,100,404.67,2025-03-10,2025-03-17
PO03585,S006,Frontier Plastics,P0083,Fasteners,250,340.19,2025-08-09,2025-08-15
PO03586,S001,Apex Components,P0035,Electronics,250,293.38,2025-06-30,2025-08-08
PO03587,S006,Frontier Plastics,P0067,Hydraulics,500,443.67,2025-05-22,2025-05-28
PO03588,S007,Gulf Precision,P0045,Cables,10,45.76,2025-03-20,2025-03-30
PO03589,S007,Gulf Precision,P0096,Plastics,25,39.65,2025-08-28,2025-09-07
PO03590,S004,Delta Fasteners,P0049,Fasteners,50,197.73,2025-11-17,2025-12-19
PO03591,S006,Frontier Plastics,P0095,Electronics,250,189.88,2025-11-17,2025-11-23
PO03592,S004,Delta Fasteners,P0014,Cables,25,306.04,2025-07-29,2025-08-30
PO03593,S007,Gulf Precision,P0067,Hydraulics,100,410.35,2025-09-01,2025-09-11
PO03594,S005,Echo Cable Co,P0012,Cables,100,64.38,2025-05-12,2025-05-19
PO03595,S005,Echo Cable Co,P0023,Hydraulics,100,107.3,2025-09-09,2025-09-16
PO03596,S007,Gulf Precision ,P0015,Electronics,50,235.87,2025-01-15,2025-01-25
PO03597,S001,Apex Components,P0040,Hydraulics,50,219.51,2025-04-04,2025-05-13
PO03598,S010,JETSTREAM PARTS,P0078,Electronics,10,376.9,2025-02-14,2025-03-23
PO03599,S005,ECHO CABLE CO,P0059,Cables,500,108.77,2025-11-07,2025-11-14
PO03600,S006,Frontier Plastics,P0062,Hydraulics,25,312.19,2025-09-29,2025-10-05
PO03601,S007,Gulf Precision,P0058,Cables,25,361.89,2025-01-19,2025-01-29
PO03602,S007,Gulf Precision,P0040,Hydraulics,25,217.43,2025-12-12,2025-12-22
PO03603,S005,Echo Cable Co,P0047,Electronics,250,426.98,2025-08-29,2025-09-05
PO03604,S004,DELTA FASTENERS,P0021,Electronics,100,90.66,2025-08-28,2025-09-29
PO03605,S008,Harbor Industrial,P0087,Hydraulics,100,341.17,2025-04-16,2025-05-04
PO03606,S006,Frontier Plastics,P0053,Fasteners,250,169.45,2025-10-10,2025-10-16
PO03607,S009,Island Circuits,P0044,Plastics,500,342.47,2025-11-06,2025-11-25
PO03608,S010,Jetstream Parts,P0038,Hydraulics,25,274.93,2025-12-23,2026-01-29
PO03609,S007,Gulf Precision,P0026,Cables,25,90.84,2025-09-08,2025-09-18
PO03610,S005,Echo Cable Co,P0095,Electronics,50,195.9,2025-09-23,2025-09-30
PO03611,S008,Harbor Industrial,P0096,Plastics,10,44.07,2025-06-28,2025-07-16
PO03612,S006,Frontier Plastics,P0083,Fasteners,10,300.04,2025-11-23,2025-11-29
PO03613,S001,Apex Components,P0072,Plastics,500,199.79,2025-05-20,2025-06-28
PO03614,S005,Echo Cable Co,P0043,Electronics,10,304.19,2025-05-02,2025-05-09
PO03615,S001,Apex Components,P0048,Cables,25,426.09,2025-09-30,2025-11-08
PO03616,S010,Jetstream Parts,P0016,Fasteners,25,216.86,2025-07-28,2025-09-03
PO03617,S001,Apex Components,P0061,Electronics,25,41.27,2025-08-23,2025-10-01
PO03618,S007,Gulf Precision,P0028,Hydraulics,25,56.26,2025-12-28,2026-01-07
PO03619,S009,Island Circuits,P0030,Plastics,250,224.39,2025-08-20,2025-09-08
PO03620,S011,Keystone Hydraulics,P0055,Plastics,50,407.16,2025-12-21,2026-02-02
PO03621,S003,Caribe Electronics,P0063,Plastics,25,307.69,2025-10-20,2025-12-01
PO03622,S010,Jetstream Parts,P0037,Fasteners,10,302.73,2025-01-28,2025-03-06
PO03623,S010,Jetstream Parts,P0042,Electronics,10,287.36,2025-07-20,2025-08-26
PO03624,S004,Delta Fasteners,P0067,Hydraulics,25,368.21,2025-05-01,2025-06-02
PO03625,S011,Keystone Hydraulics,P0048,Cables,50,410.44,2025-12-28,2026-02-09
PO03626,S011,Keystone Hydraulics ,P0088,Electronics,25,297.57,2025-07-29,2025-09-10
PO03627,S007,Gulf Precision,P0068,Plastics,100,315.94,2025-06-21,2025-07-01
PO03628,S011,Keystone Hydraulics,P0016,Fasteners,25,241.76,2025-11-04,2025-12-17
PO03629,S003,Caribe Electronics,P0025,Plastics,100,375.22,2025-08-25,2025-10-06
PO03630,S012,Luna Optics,P0027,Hydraulics,25,167.45,2025-09-13,2025-09-19
PO03631,S012,Luna Optics,P0065,Plastics,10,74.61,2025-09-08,2025-09-14
PO03632,S001,Apex Components,P0055,Plastics,50,420.17,2025-01-21,2025-03-01
PO03633,S009,Island Circuits,P0094,Cables,50,206.81,2025-09-20,2025-10-09
PO03634,S004,Delta Fasteners,P0056,Plastics,50,142.23,2025-12-04,2026-01-05
PO03635,S009,Island Circuits,P0008,Fasteners,250,347.89,2025-01-06,2025-01-25
PO03636,S007,Gulf Precision,P0033,Fasteners,25,438.37,2025-02-12,2025-02-22
PO03637,S005,Echo Cable Co,P0035,Electronics,10,322.33,2025-10-10,2025-10-17
PO03638,S003,Caribe Electronics,P0081,Fasteners,10,221.89,2025-08-25,2025-10-06
PO03639,S012,Luna Optics,P0044,Plastics,25,332.81,2025-08-05,2025-08-11
PO03640,S011,Keystone Hydraulics,P0005,Plastics,25,383.36,2025-11-07,2025-12-20
PO03641,S003,Caribe Electronics,P0032,Plastics,50,184.11,2025-07-24,2025-09-04
PO03642,S002,Boreal Metals,P0046,Hydraulics,50,70.57,2025-01-31,2025-02-10
PO03643,S011,Keystone Hydraulics,P0078,Electronics,50,394.12,2025-04-21,2025-06-03
PO03644,S009,Island Circuits,P0018,Hydraulics,500,119.13,2025-01-20,2025-02-08
PO03645,S005,Echo Cable Co ,P0068,Plastics,10,301.84,2025-12-21,2025-12-28
PO03646,S008,Harbor Industrial,P0028,Hydraulics,250,65.62,2025-07-03,2025-07-21
PO03647,S012,Luna Optics,P0020,Cables,50,342.69,2025-06-18,2025-06-24
PO03648,S003,Caribe Electronics,P0063,Plastics,25,323.07,2025-12-14,2026-01-25
PO03649,S002,Boreal Metals,P0065,Plastics,50,69.28,2025-04-05,2025-04-15
PO03650,S011,Keystone Hydraulics,P0093,Fasteners,10,181.52,2025-06-22,2025-08-04
PO03651,S012,Luna Optics,P0080,Cables,50,281.76,2025-06-05,2025-06-11
PO03652,S005,Echo Cable Co,P0066,Plastics,250,339.81,2025-05-25,2025-06-01
PO03653,S003,Caribe Electronics,P0084,Hydraulics,50,78.41,2025-05-28,2025-07-09
PO03654,S006,Frontier Plastics,P0045,Cables,50,51.26,2025-11-04,2025-11-10
PO03655,S001,Apex Components,P0065,Plastics,500,70.38,2025-03-10,2025-04-18
PO03656,S011,Keystone Hydraulics,P0064,Fasteners,100,297.59,2025-05-20,2025-07-02
PO03657,S005,Echo Cable Co,P0095,Electronics,250,186.22,2025-05-08,2025-05-15
PO03658,S006,Frontier Plastics,P0077,Electronics,50,99.06,2025-10-08,2025-10-14
PO03659,S002,Boreal Metals,P0056,Plastics,100,139.23,2025-03-09,2025-03-19
PO03660,S006,Frontier Plastics,P0047,Electronics,250,364.82,2025-04-24,2025-04-30
PO03661,S012,Luna Optics,P0003,Hydraulics,100,32.73,2025-06-04,2025-06-10
PO03662,S007,Gulf Precision,P0047,Electronics,25,424.9,2025-02-02,2025-02-12
PO03663,S008,Harbor Industrial,P0082,Plastics,10,264.2,2025-01-29,2025-02-16
PO03664,S010,Jetstream Parts,P0044,Plastics,50,343.46,2025-08-11,2025-09-17
PO03665,S004,Delta Fasteners,P0048,Cables,500,436.29,2025-09-05,2025-10-07
PO03666,S001,Apex Components,P0039,Hydraulics,500,161.66,2025-10-25,2025-12-03
PO03667,S002,Boreal Metals,P0048,Cables,50,394.34,2025-12-15,2025-12-25
PO03668,S004,Delta Fasteners,P0029,Fasteners,100,96.08,2025-10-12,2025-11-13
PO03669,S011,Keystone Hydraulics,P0088,Electronics,100,308.11,2025-01-19,2025-03-03
PO03670,S001,Apex Components,P0012,Cables,10,73.58,2025-07-08,2025-08-16
PO03671,S003,Caribe Electronics,P0006,Cables,25,221.73,2025-07-27,2025-09-07
PO03672,S004,Delta Fasteners,P0074,Cables,100,9.94,2025-05-05,2025-06-06
PO03673,S009,Island Circuits,P0082,Plastics,100,250.06,2025-09-23,2025-10-12
PO03674,S005,Echo Cable Co,P0037,Fasteners,100,349.35,2025-09-24,2025-10-01
PO03675,S005,Echo Cable Co,P0018,Hydraulics,500,110.51,2025-01-05,2025-01-12
PO03676,S007,Gulf Precision,P0056,Plastics,50,143.53,2025-09-04,2025-09-14
PO03677,S011,Keystone Hydraulics,P0072,Plastics,25,200.28,2025-12-17,2026-01-29
PO03678,S011,Keystone Hydraulics,P0042,Electronics,250,289.1,2025-02-17,2025-04-01
PO03679,S005,Echo Cable Co,P0050,Electronics,250,352.37,2025-08-17,2025-08-24
PO03680,S010,Jetstream Parts,P0079,Electronics,500,229.79,2025-06-21,2025-07-28
PO03681,S004,Delta Fasteners,P0079,Electronics,50,222.19,2025-01-06,2025-02-07
PO03682,S010,Jetstream Parts,P0049,Fasteners,50,210.93,2025-10-29,2025-12-05
PO03683,S009,Island Circuits,P0024,Fasteners,25,357.82,2025-10-23,2025-11-11
PO03684,S003,Caribe Electronics,P0035,Electronics,100,298.91,2025-10-14,2025-11-25
PO03685,S009,Island Circuits,P0100,Hydraulics,50,210.05,2025-01-28,2025-02-16
PO03686,S012,Luna Optics,P0067,Hydraulics,50,370.5,2025-09-11,2025-09-17
PO03687,S006,Frontier Plastics,P0087,Hydraulics,100,385.19,2025-12-06,2025-12-12
PO03688,S007,Gulf Precision ,P0072,Plastics,500,185.42,2025-01-02,2025-01-12
PO03689,S012,Luna Optics,P0062,Hydraulics,500,327.14,2025-08-06,2025-08-12
PO03690,S003,Caribe Electronics,P0060,Fasteners,10,351.83,2025-07-08,2025-08-19
PO03691,S003,Caribe Electronics,P0006,Cables,10,265.66,2025-05-30,2025-07-11
PO03692,S006,Frontier Plastics,P0018,Hydraulics,10,117.79,2025-05-08,2025-05-14
PO03693,S001,Apex Components,P0044,Plastics,100,299.97,2025-07-11,2025-08-19
PO03694,S011,Keystone Hydraulics,P0034,Fasteners,25,223.61,2025-04-06,2025-05-19
PO03695,S004,Delta Fasteners,P0024,Fasteners,100,399.54,2025-12-10,2026-01-11
PO03696,S001,Apex Components,P0052,Plastics,10,235.94,2025-09-16,2025-10-25
PO03697,S002,Boreal Metals,P0068,Plastics,50,338.22,2025-06-28,2025-07-08
PO03698,S006,Frontier Plastics,P0080,Cables,250,261.96,2025-01-11,2025-01-17
PO03699,S003,Caribe Electronics,P0045,Cables,250,52.97,2025-11-14,2025-12-26
PO03700,S004,Delta Fasteners,P0006,Cables,50,242.41,2025-01-04,2025-02-05
PO03701,S007,Gulf Precision,P0010,Electronics,10,173.13,2025-11-01,2025-11-11
PO03702,S005,Echo Cable Co,P0044,Plastics,25,345.88,2025-08-24,2025-08-31
PO03703,S003,Caribe Electronics,P0057,Electronics,50,45.87,2025-05-08,2025-06-19
PO03704,S004,Delta Fasteners,P0026,Cables,100,99.07,2025-02-14,2025-03-18
PO03705,S008,Harbor Industrial,P0042,Electronics,50,284.04,2025-06-23,2025-07-11
PO03706,S008,Harbor Industrial,P0096,Plastics,10,41.5,2025-03-15,2025-04-02
PO03707,S006,Frontier Plastics,P0096,Plastics,500,39.26,2025-08-12,2025-08-18
PO03708,S002,Boreal Metals,P0023,Hydraulics,10,121.57,2025-12-24,2026-01-03
PO03709,S004,Delta Fasteners,P0047,Electronics,25,420.56,2025-10-22,2025-11-23
PO03710,S009,Island Circuits,P0037,Fasteners,500,362.83,2025-10-26,2025-11-14
PO03711,S008,Harbor Industrial,P0075,Plastics,50,90.94,2025-04-07,2025-04-25
PO03712,S011,Keystone Hydraulics,P0034,Fasteners,100,220.28,2025-09-28,2025-11-10
PO03713,S005,Echo Cable Co,P0009,Electronics,500,346.17,2025-02-03,2025-02-10
PO03714,S005,Echo Cable Co,P0051,Cables,50,348.21,2025-05-07,2025-05-14
PO03715,S006,Frontier Plastics,P0090,Cables,50,360.43,2025-04-10,2025-04-16
PO03716,S009,Island Circuits,P0037,Fasteners,10,318.11,2025-07-27,2025-08-15
PO03717,S008,Harbor Industrial,P0002,Plastics,500,50.25,2025-05-19,2025-06-06
PO03718,S009,Island Circuits,P0088,Electronics,25,290.39,2025-04-19,2025-05-08
PO03719,S009,Island Circuits,P0048,Cables,100,398.81,2025-09-28,2025-10-17
PO03720,S012,Luna Optics,P0031,Plastics,500,190.24,2025-10-16,2025-10-22
PO03721,S010,Jetstream Parts,P0011,Hydraulics,100,251.9,2025-11-07,2025-12-14
PO03722,S007,GULF PRECISION,P0037,Fasteners,500,339.59,2025-09-13,2025-09-23
PO03723,S012,Luna Optics,P0092,Fasteners,500,242.16,2025-06-01,2025-06-07
PO03724,S006,Frontier Plastics,P0060,Fasteners,10,399.99,2025-12-06,2025-12-12
PO03725,S001,Apex Components,P0061,Electronics,250,35.35,2025-11-28,2026-01-06
PO03726,S003,Caribe Electronics,P0053,Fasteners,10,168.32,2025-03-07,2025-04-18
PO03727,S009,Island Circuits,P0056,Plastics,250,125.15,2025-01-11,2025-01-30
PO03728,S010,Jetstream Parts,P0036,Electronics,250,60.53,2025-01-02,2025-02-08
PO03729,S008,Harbor Industrial,P0089,Electronics,100,24.94,2025-12-08,2025-12-26
PO03730,S008,Harbor Industrial,P0063,Plastics,100,332.63,2025-01-26,2025-02-13
PO03731,S002,Boreal Metals,P0014,Cables,250,304.17,2025-06-21,2025-07-01
PO03732,S004,Delta Fasteners,P0082,Plastics,50,251.94,2025-11-01,2025-12-03
PO03733,S003,Caribe Electronics,P0005,Plastics,50,362.8,2025-03-03,2025-04-14
PO03734,S011,Keystone Hydraulics,P0059,Cables,50,104.3,2025-09-29,2025-11-11
PO03735,S005,Echo Cable Co,P0093,Fasteners,250,167.84,2025-08-02,2025-08-09
PO03736,S012,Luna Optics,P0064,Fasteners,50,303.23,2025-09-18,2025-09-24
PO03737,S010,Jetstream Parts,P0080,Cables,500,289.96,2025-12-14,2026-01-20
PO03738,S010,Jetstream Parts,P0076,Fasteners,100,4.76,2025-03-05,2025-04-11
PO03739,S007,Gulf Precision,P0033,Fasteners,100,390.86,2025-11-24,2025-12-04
PO03740,S010,Jetstream Parts,P0074,Cables,25,11.26,2025-04-18,2025-05-25
PO03741,S009,Island Circuits,P0028,Hydraulics,10,62.16,2025-06-14,2025-07-03
PO03742,S004,Delta Fasteners,P0031,Plastics,50,187.69,2025-06-19,2025-07-21
PO03743,S008,Harbor Industrial,P0033,Fasteners,100,393.86,2025-09-16,2025-10-04
PO03744,S005,Echo Cable Co,P0096,Plastics,50,43.6,2025-03-04,2025-03-11
PO03745,S008,Harbor Industrial,P0083,Fasteners,100,355.49,2025-09-19,2025-10-07
PO03746,S004,Delta Fasteners,P0073,Fasteners,500,101.69,2025-05-22,2025-06-23
PO03747,S008,Harbor Industrial,P0089,Electronics,500,28.89,2025-09-11,2025-09-29
PO03748,S003,Caribe Electronics,P0086,Cables,50,172.94,2025-04-19,2025-05-31
PO03749,S012,Luna Optics ,P0043,Electronics,100,291.78,2025-06-30,2025-07-06
PO03750,S009,Island Circuits,P0005,Plastics,500,386.44,2025-04-07,2025-04-26
PO03751,S010,Jetstream Parts,P0033,Fasteners,25,411.46,2025-04-13,2025-05-20
PO03752,S009,Island Circuits,P0041,Plastics,50,379.67,2025-01-09,2025-01-28
PO03753,S002,BOREAL METALS,P0008,Fasteners,500,303.23,2025-02-04,2025-02-14
PO03754,S004,Delta Fasteners,P0045,Cables,50,52.63,2025-10-27,2025-11-28
PO03755,S009,Island Circuits,P0010,Electronics,250,164.48,2025-10-07,2025-10-26
PO03756,S003,Caribe Electronics,P0098,Electronics,500,385.39,2025-10-28,2025-12-09
PO03757,S011,Keystone Hydraulics,P0010,Electronics,10,160.94,2025-02-15,2025-03-30
PO03758,S011,Keystone Hydraulics,P0012,Cables,100,75.13,2025-05-27,2025-07-09
PO03759,S006,FRONTIER PLASTICS,P0037,Fasteners,100,312.67,2025-03-25,2025-03-31
PO03760,S007,Gulf Precision,P0080,Cables,500,290.44,2025-12-23,2026-01-02
PO03761,S008,Harbor Industrial,P0032,Plastics,500,165.3,2025-06-01,2025-06-19
PO03762,S005,Echo Cable Co,P0061,Electronics,500,34.65,2025-01-26,2025-02-02
PO03763,S002,Boreal Metals,P0007,Electronics,100,20.68,2025-10-23,2025-11-02
PO03764,S012,LUNA OPTICS,P0011,Hydraulics,500,250.94,2025-04-01,2025-04-07
PO03765,S007,Gulf Precision,P0066,Plastics,10,349.45,2025-11-07,2025-11-17
PO03766,S005,Echo Cable Co,P0016,Fasteners,25,222.52,2025-04-22,2025-04-29
PO03767,S010,Jetstream Parts,P0009,Electronics,50,385.51,2025-08-09,2025-09-15
PO03768,S006,Frontier Plastics,P0094,Cables,100,179.04,2025-10-08,2025-10-14
PO03769,S003,Caribe Electronics,P0011,Hydraulics,250,247.48,2025-03-01,2025-04-12
PO03770,S009,Island Circuits,P0015,Electronics,50,268.93,2025-02-26,2025-03-17
PO03771,S007,Gulf Precision,P0074,Cables,250,10.44,2025-04-08,2025-04-18
PO03772,S003,Caribe Electronics,P0091,Electronics,10,113.89,2025-02-25,2025-04-08
PO03773,S012,Luna Optics,P0040,Hydraulics,100,223.79,2025-11-13,2025-11-19
PO03774,S002,Boreal Metals,P0089,Electronics,250,29.72,2025-03-17,2025-03-27
PO03775,S011,Keystone Hydraulics,P0042,Electronics,250,276.14,2025-02-22,2025-04-06
PO03776,S006,Frontier Plastics,P0025,Plastics,25,335.04,2025-02-28,2025-03-06
PO03777,S004,Delta Fasteners,P0014,Cables,50,297.28,2025-07-26,2025-08-27
PO03778,S012,Luna Optics,P0002,Plastics,500,56.61,2025-03-06,2025-03-12
PO03779,S008,Harbor Industrial,P0011,Hydraulics,500,250.31,2025-05-05,2025-05-23
PO03780,S005,Echo Cable Co,P0021,Electronics,25,103.4,2025-10-02,2025-10-09
PO03781,S003,Caribe Electronics,P0080,Cables,500,288.88,2025-04-12,2025-05-24
PO03782,S012,Luna Optics,P0055,Plastics,500,371.41,2025-07-22,2025-07-28
PO03783,S008,Harbor Industrial,P0018,Hydraulics,10,111.37,2025-01-21,2025-02-08
PO03784,S012,LUNA OPTICS,P0005,Plastics,50,384.41,2025-02-07,2025-02-13
PO03785,S003,Caribe Electronics,P0037,Fasteners,100,312.99,2025-03-12,2025-04-23
PO03786,S009,Island Circuits,P0076,Fasteners,500,5.09,2025-04-17,2025-05-06
PO03787,S004,Delta Fasteners,P0075,Plastics,250,93.02,2025-06-13,2025-07-15
PO03788,S010,Jetstream Parts,P0025,Plastics,100,380.3,2025-11-28,2026-01-04
PO03789,S001,Apex Components,P0062,Hydraulics,500,352.97,2025-01-21,2025-03-01
PO03790,S009,Island Circuits,P0079,Electronics,250,199.22,2025-07-08,2025-07-27
PO03791,S011,Keystone Hydraulics,P0011,Hydraulics,500,258.19,2025-04-08,2025-05-21
PO03792,S011,Keystone Hydraulics,P0001,Electronics,100,320.11,2025-09-03,2025-10-16
PO03793,S010,Jetstream Parts,P0079,Electronics,100,215.15,2025-04-12,2025-05-19
PO03794,S002,Boreal Metals,P0031,Plastics,250,195.36,2025-01-06,2025-01-16
PO03795,S005,Echo Cable Co,P0095,Electronics,50,175.26,2025-05-23,2025-05-30
PO03796,S004,Delta Fasteners,P0091,Electronics,10,103.01,2025-06-17,2025-07-19
PO03797,S002,BOREAL METALS,P0096,Plastics,500,42.29,2025-02-20,2025-03-02
PO03798,S007,Gulf Precision,P0030,Plastics,100,206.11,2025-07-02,2025-07-12
PO03799,S008,Harbor Industrial,P0019,Plastics,25,92.45,2025-05-02,2025-05-20
PO03800,S001,Apex Components,P0091,Electronics,25,108.71,2025-12-14,2026-01-22
PO03801,S009,Island Circuits,P0080,Cables,500,273.79,2025-10-19,2025-11-07
PO03802,S012,Luna Optic,P0041,Plastics,25,338.47,2025-03-03,2025-03-09
PO03803,S008,Harbor Industrial,P0028,Hydraulics,10,65.82,2025-02-14,2025-03-04
PO03804,S009,Island Circuits ,P0052,Plastics,25,253.26,2025-05-04,2025-05-23
PO03805,S001,Apex Components,P0004,Cables,25,368.71,2025-09-30,2025-11-08
PO03806,S012,Luna Optics,P0012,Cables,500,65.12,2025-01-20,2025-01-26
PO03807,S001,Apex Components,P0018,Hydraulics,250,105.34,2025-05-15,2025-06-23
PO03808,S011,Keystone Hydraulics,P0025,Plastics,25,375.81,2025-02-02,2025-03-17
PO03809,S004,Delta Fasteners,P0083,Fasteners,50,311.96,2025-12-07,2026-01-08
PO03810,S001,APEX COMPONENTS,P0003,Hydraulics,50,31.77,2025-07-22,2025-08-30
PO03811,S006,Frontier Plastics,P0096,Plastics,100,39.31,2025-10-20,2025-10-26
PO03812,S004,Delta Fasteners,P0077,Electronics,50,107.0,2025-08-05,2025-09-06
PO03813,S002,Boreal Metals,P0091,Electronics,250,107.22,2025-11-04,2025-11-14
PO03814,S008,Harbor Industrial,P0063,Plastics,100,347.78,2025-09-01,2025-09-19
PO03815,S002,Boreal Metals,P0017,Fasteners,25,70.82,2025-11-07,2025-11-17
PO03816,S003,Caribe Electronics,P0006,Cables,50,222.0,2025-09-17,2025-10-29
PO03817,S009,Island Circuits,P0053,Fasteners,250,167.12,2025-02-13,2025-03-04
PO03818,S011,Keystone Hydraulics,P0004,Cables,100,367.23,2025-10-24,2025-12-06
PO03819,S002,Boreal Metals,P0045,Cables,100,49.83,2025-06-13,2025-06-23
PO03820,S006,Frontier Plastics,P0031,Plastics,500,165.03,2025-07-20,2025-07-26
PO03821,S010,Jetstream Parts,P0024,Fasteners,100,370.27,2025-02-11,2025-03-20
PO03822,S007,Gulf Precision,P0059,Cables,10,106.81,2025-03-13,2025-03-23
PO03823,S009,Island Circuits ,P0085,Electronics,50,298.39,2025-04-06,2025-04-25
PO03824,S004,Delta Fasteners,P0087,Hydraulics,50,381.04,2025-05-17,2025-06-18
PO03825,S008,Harbor Industrial,P0060,Fasteners,500,371.7,2025-09-15,2025-10-03
PO03826,S003,Caribe Electronics,P0014,Cables,10,275.12,2025-01-20,2025-03-03
PO03827,S002,Boreal Metals,P0016,Fasteners,25,233.39,2025-06-01,2025-06-11
PO03828,S002,Boreal Metals,P0003,Hydraulics,500,34.42,2025-06-09,2025-06-19
PO03829,S007,Gulf Precision,P0017,Fasteners,50,76.56,2025-06-03,2025-06-13
PO03830,S002,Boreal Metals,P0015,Electronics,10,255.0,2025-03-02,2025-03-12
PO03831,S004,Delta Fasteners,P0021,Electronics,50,101.41,2025-08-26,2025-09-27
PO03832,S005,Echo Cable Co,P0049,Fasteners,500,216.97,2025-08-05,2025-08-12
PO03833,S011,Keystone Hydraulics,P0008,Fasteners,25,310.35,2025-11-24,2026-01-06
PO03834,S008,Harbor Industrial,P0080,Cables,250,285.6,2025-09-14,2025-10-02
PO03835,S005,Echo Cable Co,P0068,Plastics,10,328.63,2025-02-23,2025-03-02
PO03836,S004,Delta Fasteners,P0018,Hydraulics,25,124.16,2025-02-12,2025-03-16
PO03837,S006,Frontier Plastics ,P0077,Electronics,10,93.04,2025-09-01,2025-09-07
PO03838,S003,Caribe Electronics,P0046,Hydraulics,100,62.07,2025-12-16,2026-01-27
PO03839,S006,Frontier Plastics,P0012,Cables,500,65.05,2025-12-10,2025-12-16
PO03840,S010,JETSTREAM PARTS,P0004,Cables,500,316.26,2025-03-12,2025-04-18
PO03841,S001,Apex Components,P0005,Plastics,50,406.0,2025-03-07,2025-04-15
PO03842,S008,Harbor Industrial,P0084,Hydraulics,25,82.61,2025-07-07,2025-07-25
PO03843,S007,Gulf Precision,P0014,Cables,500,302.2,2025-06-10,2025-06-20
PO03844,S002,Boreal Metals,P0069,Fasteners,50,296.53,2025-06-18,2025-06-28
PO03845,S009,Island Circuits,P0017,Fasteners,500,64.48,2025-11-25,2025-12-14
PO03846,S005,Echo Cable Co,P0005,Plastics,25,361.31,2025-04-09,2025-04-16
PO03847,S012,Luna Optics,P0027,Hydraulics,500,172.05,2025-11-18,2025-11-24
PO03848,S008,Harbor Industrial,P0041,Plastics,10,362.4,2025-09-12,2025-09-30
PO03849,S006,Frontier Plastics,P0034,Fasteners,50,206.04,2025-03-09,2025-03-15
PO03850,S005,Echo Cable Co,P0073,Fasteners,100,91.34,2025-05-16,2025-05-23
PO03851,S001,Apex Components,P0050,Electronics,250,395.44,2025-09-30,2025-11-08
PO03852,S011,Keystone Hydraulics,P0059,Cables,50,102.1,2025-07-06,2025-08-18
PO03853,S005,Echo Cable Co,P0084,Hydraulics,100,76.06,2025-01-11,2025-01-18
PO03854,S005,Echo Cable Co,P0004,Cables,100,332.32,2025-03-22,2025-03-29
PO03855,S002,Boreal Metals,P0097,Plastics,100,384.39,2025-01-31,2025-02-10
PO03856,S005,Echo Cable Co,P0060,Fasteners,10,361.79,2025-08-14,2025-08-21
PO03857,S012,Luna Optics,P0062,Hydraulics,50,336.21,2025-04-14,2025-04-20
PO03858,S004,Delta Fasteners,P0096,Plastics,500,41.36,2025-12-21,2026-01-22
PO03859,S005,Echo Cable Co,P0020,Cables,100,331.07,2025-10-13,2025-10-20
PO03860,S005,Echo Cable Co,P0073,Fasteners,100,101.46,2025-05-15,2025-05-22
PO03861,S006,Frontier Plastics,P0059,Cables,500,95.81,2025-09-17,2025-09-23
PO03862,S005,Echo Cable Co,P0088,Electronics,500,280.23,2025-12-04,2025-12-11
PO03863,S011,Keystone Hydraulics,P0036,Electronics,10,71.81,2025-03-24,2025-05-06
PO03864,S002,Boreal Metals,P0060,Fasteners,100,387.75,2025-05-19,2025-05-29
PO03865,S006,Frontier Plastics,P0085,Electronics,50,280.27,2025-02-20,2025-02-26
PO03866,S006,Frontier Plastics,P0001,Electronics,25,285.49,2025-12-29,2026-01-04
PO03867,S011,Keystone Hydraulics,P0044,Plastics,250,342.75,2025-07-02,2025-08-14
PO03868,S007,Gulf Precision,P0063,Plastics,100,329.81,2025-05-20,2025-05-30
PO03869,S011,Keystone Hydraulics,P0059,Cables,25,102.55,2025-03-10,2025-04-22
PO03870,S002,BOREAL METALS,P0045,Cables,10,47.6,2025-01-22,2025-02-01
PO03871,S011,Keystone Hydraulics,P0033,Fasteners,500,448.98,2025-09-25,2025-11-07
PO03872,S006,Frontier Plastics,P0028,Hydraulics,100,60.11,2025-02-04,2025-02-10
PO03873,S004,Delta Fasteners,P0009,Electronics,250,370.86,2025-08-21,2025-09-22
PO03874,S004,Delta Fasteners,P0060,Fasteners,100,343.03,2025-04-27,2025-05-29
PO03875,S002,Boreal Metals,P0095,Electronics,50,201.33,2025-09-22,2025-10-02
PO03876,S006,FRONTIER PLASTICS,P0078,Electronics,500,337.2,2025-12-23,2025-12-29
PO03877,S003,Caribe Electronics,P0004,Cables,250,321.17,2025-12-02,2026-01-13
PO03878,S005,Echo Cable Co,P0045,Cables,25,50.05,2025-05-06,2025-05-13
PO03879,S004,Delta Fasteners,P0010,Electronics,50,173.02,2025-11-14,2025-12-16
PO03880,S006,Frontier Plastics,P0058,Cables,250,347.97,2025-01-16,2025-01-22
PO03881,S007,Gulf Precision,P0001,Electronics,250,305.0,2025-05-25,2025-06-04
PO03882,S012,Luna Optics,P0036,Electronics,10,60.28,2025-04-24,2025-04-30
PO03883,S009,Island Circuits,P0090,Cables,100,339.31,2025-06-16,2025-07-05
PO03884,S002,Boreal Metals,P0039,Hydraulics,50,171.69,2025-01-23,2025-02-02
PO03885,S011,Keystone Hydraulics,P0051,Cables,25,349.06,2025-08-17,2025-09-29
PO03886,S012,Luna Optics,P0018,Hydraulics,10,124.08,2025-06-07,2025-06-13
PO03887,S001,Apex Components,P0088,Electronics,500,264.4,2025-05-13,2025-06-21
PO03888,S005,Echo Cable Co,P0078,Electronics,25,334.26,2025-10-21,2025-10-28
PO03889,S005,Echo Cable Co,P0005,Plastics,100,376.37,2025-10-12,2025-10-19
PO03890,S012,Luna Optics,P0047,Electronics,250,409.91,2025-06-11,2025-06-17
PO03891,S007,Gulf Precision,P0059,Cables,500,98.07,2025-03-19,2025-03-29
PO03892,S008,Harbor Industrial,P0069,Fasteners,250,298.48,2025-06-12,2025-06-30
PO03893,S002,Boreal Metals,P0056,Plastics,500,142.01,2025-05-17,2025-05-27
PO03894,S004,Delta Fasteners,P0057,Electronics,250,44.22,2025-01-08,2025-02-09
PO03895,S002,Boreal Metals,P0066,Plastics,100,372.27,2025-07-11,2025-07-21
PO03896,S001,Apex Components,P0100,Hydraulics,25,211.98,2025-12-09,2026-01-17
PO03897,S002,Boreal Metals,P0019,Plastics,50,102.65,2025-07-19,2025-07-29
PO03898,S006,Frontier Plastics,P0059,Cables,500,99.23,2025-09-17,2025-09-23
PO03899,S003,CARIBE ELECTRONICS,P0044,Plastics,100,320.73,2025-07-14,2025-08-25
PO03900,S008,Harbor Industrial,P0069,Fasteners,25,274.1,2025-07-28,2025-08-15
PO03901,S002,Boreal Metals,P0032,Plastics,500,159.0,2025-07-27,2025-08-06
PO03902,S005,Echo Cable Co,P0079,Electronics,500,214.64,2025-11-05,2025-11-12
PO03903,S008,HARBOR INDUSTRIAL,P0006,Cables,100,232.83,2025-01-23,2025-02-10
PO03904,S008,Harbor Industrial,P0005,Plastics,10,342.31,2025-05-23,2025-06-10
PO03905,S005,Echo Cable Co,P0026,Cables,100,93.74,2025-10-14,2025-10-21
PO03906,S008,Harbor Industrial,P0056,Plastics,25,147.83,2025-02-10,2025-02-28
PO03907,S005,Echo Cable Co,P0048,Cables,250,410.08,2025-08-12,2025-08-19
PO03908,S005,Echo Cable Co,P0022,Electronics,100,321.37,2025-09-17,2025-09-24
PO03909,S009,Island Circuits,P0061,Electronics,25,36.15,2025-08-03,2025-08-22
PO03910,S012,Luna Optics,P0029,Fasteners,250,105.65,2025-10-27,2025-11-02
PO03911,S001,Apex Components,P0002,Plastics,100,51.28,2025-12-24,2026-02-01
PO03912,S005,Echo Cable Co,P0066,Plastics,50,396.28,2025-06-29,2025-07-06
PO03913,S002,Boreal Metals,P0094,Cables,100,191.36,2025-11-29,2025-12-09
PO03914,S010,Jetstream Parts,P0011,Hydraulics,10,279.92,2025-07-25,2025-08-31
PO03915,S011,Keystone Hydraulics,P0058,Cables,100,384.76,2025-07-10,2025-08-22
PO03916,S009,Island Circuits,P0046,Hydraulics,25,71.28,2025-01-05,2025-01-24
PO03917,S006,Frontier Plastics,P0042,Electronics,25,262.5,2025-02-06,2025-02-12
PO03918,S010,Jetstream Parts,P0072,Plastics,250,189.61,2025-09-07,2025-10-14
PO03919,S012,Luna Optics ,P0071,Cables,50,198.95,2025-12-21,2025-12-27
PO03920,S011,Keystone Hydraulics,P0068,Plastics,100,291.2,2025-12-18,2026-01-30
PO03921,S007,Gulf Precision,P0026,Cables,250,96.16,2025-01-20,2025-01-30
PO03922,S004,Delta Fasteners,P0073,Fasteners,25,103.26,2025-05-04,2025-06-05
PO03923,S011,Keystone Hydraulics,P0003,Hydraulics,100,35.24,2025-07-01,2025-08-13
PO03924,S003,Caribe Electronics,P0073,Fasteners,100,91.91,2025-02-23,2025-04-06
PO03925,S012,Luna Optic,P0067,Hydraulics,25,401.49,2025-06-12,2025-06-18
PO03926,S012,Luna Optics,P0012,Cables,500,76.34,2025-05-04,2025-05-10
PO03927,S011,Keystone Hydraulics,P0027,Hydraulics,250,162.82,2025-12-31,2026-02-12
PO03928,S008,Harbor Industrial,P0084,Hydraulics,250,84.51,2025-03-14,2025-04-01
PO03929,S010,Jetstream Parts,P0015,Electronics,500,274.29,2025-08-10,2025-09-16
PO03930,S003,Caribe Electronics,P0076,Fasteners,25,5.28,2025-07-21,2025-09-01
PO03931,S002,Boreal Metals,P0063,Plastics,250,321.0,2025-08-23,2025-09-02
PO03932,S001,Apex Components,P0017,Fasteners,500,71.81,2025-09-11,2025-10-20
PO03933,S011,Keystone Hydraulics,P0017,Fasteners,10,72.53,2025-04-07,2025-05-20
PO03934,S006,Frontier Plastics ,P0082,Plastics,10,232.44,2025-10-20,2025-10-26
PO03935,S012,Luna Optics,P0035,Electronics,100,289.82,2025-12-19,2025-12-25
PO03936,S004,Delta Fasteners,P0078,Electronics,25,362.85,2025-12-14,2026-01-15
PO03937,S004,Delta Fasteners,P0087,Hydraulics,250,329.52,2025-02-16,2025-03-20
PO03938,S010,Jetstream Part,P0097,Plastics,250,336.32,2025-05-26,2025-07-02
PO03939,S004,Delta Fasteners,P0097,Plastics,50,342.71,2025-01-26,2025-02-27
PO03940,S004,Delta Fasteners,P0024,Fasteners,250,393.91,2025-01-28,2025-03-01
PO03941,S001,APEX COMPONENTS,P0039,Hydraulics,25,165.26,2025-02-14,2025-03-25
PO03942,S011,Keystone Hydraulics,P0043,Electronics,500,310.42,2025-12-20,2026-02-01
PO03943,S008,Harbor Industrial,P0056,Plastics,50,134.88,2025-06-25,2025-07-13
PO03944,S006,Frontier Plastics,P0042,Electronics,50,274.83,2025-10-13,2025-10-19
PO03945,S002,Boreal Metals,P0044,Plastics,500,333.86,2025-05-07,2025-05-17
PO03946,S012,Luna Optics,P0007,Electronics,25,23.01,2025-02-05,2025-02-11
PO03947,S004,Delta Fasteners,P0073,Fasteners,10,98.17,2025-08-12,2025-09-13
PO03948,S003,Caribe Electronics,P0037,Fasteners,100,346.11,2025-08-31,2025-10-12
PO03949,S010,Jetstream Parts,P0006,Cables,25,252.13,2025-08-19,2025-09-25
PO03950,S012,Luna Optics,P0047,Electronics,50,369.22,2025-08-25,2025-08-31
PO03951,S011,Keystone Hydraulics,P0024,Fasteners,25,398.77,2025-01-18,2025-03-02
PO03952,S001,Apex Components,P0001,Electronics,500,288.9,2025-05-22,2025-06-30
PO03953,S004,Delta Fasteners,P0021,Electronics,500,96.3,2025-10-16,2025-11-17
PO03954,S012,Luna Optics,P0001,Electronics,500,286.6,2025-01-29,2025-02-04
PO03955,S006,Frontier Plastics ,P0021,Electronics,100,100.19,2025-09-18,2025-09-24
PO03956,S008,Harbor Industrial,P0014,Cables,10,277.85,2025-11-05,2025-11-23
PO03957,S001,Apex Components,P0086,Cables,100,166.84,2025-04-19,2025-05-28
PO03958,S008,Harbor Industrial,P0043,Electronics,50,282.24,2025-07-26,2025-08-13
PO03959,S011,Keystone Hydraulics,P0004,Cables,25,343.47,2025-05-29,2025-07-11
PO03960,S006,Frontier Plastics,P0084,Hydraulics,500,82.11,2025-07-31,2025-08-06
PO03961,S012,Luna Optics,P0026,Cables,50,90.88,2025-03-03,2025-03-09
PO03962,S002,Boreal Metals,P0094,Cables,100,191.22,2025-07-22,2025-08-01
PO03963,S006,Frontier Plastics,P0053,Fasteners,10,162.6,2025-01-22,2025-01-28
PO03964,S006,Frontier Plastics,P0020,Cables,25,370.31,2025-10-19,2025-10-25
PO03965,S003,Caribe Electronics,P0042,Electronics,10,285.29,2025-05-16,2025-06-27
PO03966,S011,Keystone Hydraulics,P0017,Fasteners,25,64.28,2025-09-06,2025-10-19
PO03967,S001,Apex Components ,P0024,Fasteners,250,352.82,2025-08-30,2025-10-08
PO03968,S002,Boreal Metals,P0003,Hydraulics,250,36.74,2025-04-13,2025-04-23
PO03969,S010,Jetstream Parts,P0082,Plastics,50,265.53,2025-01-17,2025-02-23
PO03970,S009,Island Circuits,P0034,Fasteners,10,222.27,2025-08-24,2025-09-12
PO03971,S009,Island Circuits,P0060,Fasteners,250,380.01,2025-04-19,2025-05-08
PO03972,S001,Apex Components,P0057,Electronics,250,47.91,2025-03-21,2025-04-29
PO03973,S004,Delta Fasteners,P0056,Plastics,500,139.27,2025-01-03,2025-02-04
PO03974,S011,Keystone Hydraulics,P0096,Plastics,50,41.67,2025-01-09,2025-02-21
PO03975,S003,Caribe Electronics,P0049,Fasteners,100,199.83,2025-10-17,2025-11-28
PO03976,S003,Caribe Electronics,P0063,Plastics,25,335.51,2025-11-20,2026-01-01
PO03977,S003,Caribe Electronics,P0061,Electronics,10,35.56,2025-12-16,2026-01-27
PO03978,S007,Gulf Precision ,P0054,Fasteners,100,210.18,2025-02-23,2025-03-05
PO03979,S009,Island Circuits,P0007,Electronics,100,21.26,2025-09-20,2025-10-09
PO03980,S008,Harbor Industrial,P0079,Electronics,25,221.26,2025-05-20,2025-06-07
PO03981,S011,Keystone Hydraulics,P0087,Hydraulics,250,394.71,2025-07-04,2025-08-16
PO03982,S005,Echo Cable Co,P0007,Electronics,250,21.88,2025-10-04,2025-10-11
PO03983,S007,Gulf Precision,P0075,Plastics,500,96.79,2025-04-08,2025-04-18
PO03984,S004,Delta Fasteners,P0064,Fasteners,100,264.46,2025-11-05,2025-12-07
PO03985,S011,Keystone Hydraulic,P0021,Electronics,25,92.51,2025-01-15,2025-02-27
PO03986,S010,Jetstream Parts,P0013,Cables,50,96.96,2025-03-19,2025-04-25
PO03987,S011,Keystone Hydraulics,P0009,Electronics,50,337.45,2025-01-03,2025-02-15
PO03988,S007,Gulf Precision,P0062,Hydraulics,25,322.4,2025-01-18,2025-01-28
PO03989,S002,Boreal Metals,P0085,Electronics,100,272.15,2025-09-06,2025-09-16
PO03990,S011,Keystone Hydraulics,P0075,Plastics,500,95.95,2025-02-10,2025-03-25
PO03991,S005,Echo Cable Co,P0068,Plastics,25,334.93,2025-05-12,2025-05-19
PO03992,S006,Frontier Plastics,P0037,Fasteners,500,340.65,2025-09-10,2025-09-16
PO03993,S003,Caribe Electronics,P0062,Hydraulics,25,369.66,2025-09-30,2025-11-11
PO03994,S012,Luna Optics,P0093,Fasteners,250,179.95,2025-01-05,2025-01-11
PO03995,S002,Boreal Metals,P0023,Hydraulics,25,117.59,2025-03-27,2025-04-06
PO03996,S006,Frontier Plastics,P0077,Electronics,500,101.46,2025-04-20,2025-04-26
PO03997,S003,Caribe Electronics,P0092,Fasteners,100,211.03,2025-07-16,2025-08-27
PO03998,S008,Harbor Industrial,P0073,Fasteners,50,104.31,2025-05-29,2025-06-16
PO03999,S001,Apex Components,P0013,Cables,500,89.74,2025-02-12,2025-03-23
PO04000,S012,Luna Optics,P0069,Fasteners,100,271.87,2025-03-11,2025-03-17
PO04001,S005,Echo Cable Co,P0097,Plastics,25,370.2,2025-08-10,2025-08-17
PO04002,S008,Harbor Industrial,P0088,Electronics,50,257.75,2025-04-17,2025-05-05
PO04003,S010,Jetstream Part,P0067,Hydraulics,50,392.97,2025-02-08,2025-03-17
PO04004,S003,Caribe Electronics,P0071,Cables,50,183.29,2025-07-31,2025-09-11
PO04005,S010,Jetstream Parts,P0063,Plastics,10,336.01,2025-01-04,2025-02-10
PO04006,S005,Echo Cable Co,P0006,Cables,50,235.39,2025-09-19,2025-09-26
PO04007,S003,Caribe Electronics,P0059,Cables,500,97.15,2025-11-01,2025-12-13
PO04008,S009,Island Circuits,P0031,Plastics,25,167.0,2025-01-06,2025-01-25
PO04009,S004,Delta Fastener,P0050,Electronics,250,374.11,2025-01-16,2025-02-17
PO04010,S002,Boreal Metals,P0087,Hydraulics,100,347.41,2025-11-23,2025-12-03
PO04011,S011,Keystone Hydraulics,P0051,Cables,50,374.86,2025-10-04,2025-11-16
PO04012,S004,Delta Fasteners,P0081,Fasteners,500,247.18,2025-02-15,2025-03-19
PO04013,S001,Apex Components,P0040,Hydraulics,500,205.37,2025-06-02,2025-07-11
PO04014,S002,Boreal Metals,P0013,Cables,50,89.65,2025-06-21,2025-07-01
PO04015,S010,Jetstream Parts,P0044,Plastics,25,330.2,2025-05-18,2025-06-24
PO04016,S008,Harbor Industria,P0055,Plastics,50,415.31,2025-06-19,2025-07-07
PO04017,S003,CARIBE ELECTRONICS,P0086,Cables,25,186.07,2025-10-12,2025-11-23
PO04018,S003,Caribe Electronics,P0057,Electronics,100,52.21,2025-12-03,2026-01-14
PO04019,S010,Jetstream Parts,P0083,Fasteners,500,331.51,2025-04-04,2025-05-11
PO04020,S003,Caribe Electronics,P0059,Cables,25,110.91,2025-11-14,2025-12-26
PO04021,S011,Keystone Hydraulics,P0081,Fasteners,10,216.83,2025-03-25,2025-05-07
PO04022,S011,Keystone Hydraulics,P0055,Plastics,25,371.85,2025-11-07,2025-12-20
PO04023,S010,Jetstream Parts,P0072,Plastics,25,186.88,2025-06-13,2025-07-20
PO04024,S009,Island Circuits,P0094,Cables,250,191.91,2025-08-02,2025-08-21
PO04025,S004,Delta Fasteners,P0031,Plastics,50,185.66,2025-01-02,2025-02-03
PO04026,S005,Echo Cable Co,P0100,Hydraulics,10,217.88,2025-03-01,2025-03-08
PO04027,S012,Luna Optics,P0044,Plastics,25,296.12,2025-08-01,2025-08-07
PO04028,S004,Delta Fasteners,P0047,Electronics,100,382.87,2025-01-17,2025-02-18
PO04029,S011,Keystone Hydraulics,P0040,Hydraulics,25,241.67,2025-05-19,2025-07-01
PO04030,S010,Jetstream Parts,P0034,Fasteners,50,220.83,2025-10-18,2025-11-24
PO04031,S005,Echo Cable Co,P0023,Hydraulics,500,114.11,2025-06-03,2025-06-10
PO04032,S007,Gulf Precision,P0035,Electronics,100,342.29,2025-11-25,2025-12-05
PO04033,S009,Island Circuits,P0057,Electronics,25,46.09,2025-05-10,2025-05-29
PO04034,S006,Frontier Plastics,P0098,Electronics,500,378.86,2025-10-19,2025-10-25
PO04035,S005,Echo Cable Co,P0048,Cables,500,386.5,2025-02-08,2025-02-15
PO04036,S004,Delta Fasteners,P0007,Electronics,50,21.49,2025-08-27,2025-09-28
PO04037,S012,Luna Optics,P0065,Plastics,10,77.6,2025-03-13,2025-03-19
PO04038,S011,Keystone Hydraulics,P0050,Electronics,25,334.35,2025-06-07,2025-07-20
PO04039,S001,Apex Components,P0055,Plastics,100,402.51,2025-10-30,2025-12-08
PO04040,S008,Harbor Industrial,P0040,Hydraulics,250,208.21,2025-02-22,2025-03-12
PO04041,S012,Luna Optics,P0081,Fasteners,10,224.19,2025-07-17,2025-07-23
PO04042,S001,Apex Components,P0014,Cables,10,275.06,2025-03-26,2025-05-04
PO04043,S001,Apex Components,P0024,Fasteners,100,406.46,2025-03-26,2025-05-04
PO04044,S002,Boreal Metals,P0023,Hydraulics,10,104.87,2025-10-11,2025-10-21
PO04045,S001,Apex Components,P0060,Fasteners,250,377.31,2025-07-22,2025-08-30
PO04046,S001,Apex Components,P0008,Fasteners,500,311.43,2025-02-04,2025-03-15
PO04047,S004,Delta Fasteners,P0063,Plastics,25,324.18,2025-05-07,2025-06-08
PO04048,S003,Caribe Electronics,P0067,Hydraulics,500,421.21,2025-06-14,2025-07-26
PO04049,S012,Luna Optics,P0056,Plastics,25,140.41,2025-09-08,2025-09-14
PO04050,S010,Jetstream Parts,P0061,Electronics,500,40.41,2025-11-04,2025-12-11
PO04051,S012,Luna Optics,P0081,Fasteners,10,215.25,2025-01-21,2025-01-27
PO04052,S005,Echo Cable Co,P0030,Plastics,250,220.45,2025-01-29,2025-02-05
PO04053,S009,Island Circuits,P0081,Fasteners,100,222.38,2025-11-13,2025-12-02
PO04054,S011,Keystone Hydraulics,P0060,Fasteners,100,356.84,2025-01-09,2025-02-21
PO04055,S003,Caribe Electronics,P0050,Electronics,25,352.71,2025-12-06,2026-01-17
PO04056,S003,Caribe Electronics,P0036,Electronics,50,65.99,2025-10-26,2025-12-07
PO04057,S006,Frontier Plastics,P0031,Plastics,50,186.01,2025-03-22,2025-03-28
PO04058,S006,Frontier Plastics,P0005,Plastics,100,402.36,2025-08-02,2025-08-08
PO04059,S005,Echo Cable Co,P0072,Plastics,500,199.86,2025-06-30,2025-07-07
PO04060,S012,Luna Optics,P0071,Cables,50,188.44,2025-08-03,2025-08-09
PO04061,S003,Caribe Electronics,P0021,Electronics,100,105.42,2025-10-29,2025-12-10
PO04062,S007,Gulf Precision,P0042,Electronics,25,280.79,2025-04-18,2025-04-28
PO04063,S001,Apex Components,P0019,Plastics,10,91.01,2025-04-25,2025-06-03
PO04064,S006,Frontier Plastics,P0074,Cables,500,10.44,2025-02-12,2025-02-18
PO04065,S004,Delta Fastener,P0089,Electronics,250,30.0,2025-06-24,2025-07-26
PO04066,S004,Delta Fasteners,P0043,Electronics,25,263.5,2025-11-11,2025-12-13
PO04067,S006,Frontier Plastics,P0019,Plastics,10,88.6,2025-07-23,2025-07-29
PO04068,S008,Harbor Industrial,P0025,Plastics,100,378.9,2025-03-15,2025-04-02
PO04069,S004,Delta Fasteners,P0089,Electronics,250,28.53,2025-01-22,2025-02-23
PO04070,S012,Luna Optics,P0087,Hydraulics,25,354.37,2025-02-01,2025-02-07
PO04071,S011,Keystone Hydraulics,P0056,Plastics,10,124.88,2025-12-07,2026-01-19
PO04072,S009,Island Circuits,P0007,Electronics,500,19.5,2025-03-23,2025-04-11
PO04073,S007,Gulf Precision,P0064,Fasteners,100,296.5,2025-08-26,2025-09-05
PO04074,S005,Echo Cable Co,P0043,Electronics,250,308.83,2025-01-30,2025-02-06
PO04075,S005,Echo Cable Co,P0026,Cables,50,83.17,2025-02-26,2025-03-05
PO04076,S004,Delta Fasteners,P0007,Electronics,250,19.78,2025-11-13,2025-12-15
PO04077,S004,Delta Fasteners,P0047,Electronics,500,412.52,2025-02-05,2025-03-09
PO04078,S003,Caribe Electronics,P0049,Fasteners,50,226.52,2025-01-09,2025-02-20
PO04079,S006,Frontier Plastics,P0081,Fasteners,10,227.76,2025-06-02,2025-06-08
PO04080,S007,Gulf Precision,P0037,Fasteners,250,317.57,2025-05-06,2025-05-16
PO04081,S008,Harbor Industrial,P0032,Plastics,10,154.64,2025-03-31,2025-04-18
PO04082,S011,Keystone Hydraulics,P0005,Plastics,25,391.62,2025-04-28,2025-06-10
PO04083,S002,Boreal Metals,P0021,Electronics,50,93.43,2025-10-07,2025-10-17
PO04084,S011,Keystone Hydraulics,P0092,Fasteners,250,220.1,2025-06-03,2025-07-16
PO04085,S002,Boreal Metals,P0096,Plastics,500,41.49,2025-12-25,2026-01-04
PO04086,S007,Gulf Precision,P0033,Fasteners,50,425.6,2025-03-15,2025-03-25
PO04087,S003,Caribe Electronics,P0095,Electronics,250,182.49,2025-07-12,2025-08-23
PO04088,S008,Harbor Industrial,P0098,Electronics,100,408.83,2025-11-03,2025-11-21
PO04089,S001,Apex Components,P0096,Plastics,250,42.39,2025-12-14,2026-01-22
PO04090,S012,LUNA OPTICS,P0017,Fasteners,250,74.37,2025-12-24,2025-12-30
PO04091,S001,Apex Components,P0082,Plastics,100,259.12,2025-05-04,2025-06-12
PO04092,S011,Keystone Hydraulics,P0039,Hydraulics,10,150.11,2025-09-07,2025-10-20
PO04093,S008,Harbor Industrial,P0042,Electronics,25,294.44,2025-09-07,2025-09-25
PO04094,S003,Caribe Electronics,P0098,Electronics,250,418.81,2025-07-24,2025-09-04
PO04095,S007,Gulf Precisio,P0051,Cables,250,344.3,2025-09-18,2025-09-28
PO04096,S011,Keystone Hydraulics,P0054,Fasteners,10,248.55,2025-08-04,2025-09-16
PO04097,S012,Luna Optics,P0031,Plastics,100,164.38,2025-05-09,2025-05-15
PO04098,S002,Boreal Metals,P0010,Electronics,25,158.36,2025-04-17,2025-04-27
PO04099,S002,Boreal Metals,P0066,Plastics,25,359.99,2025-07-11,2025-07-21
PO04100,S007,Gulf Precision,P0073,Fasteners,100,100.75,2025-06-09,2025-06-19
PO04101,S008,Harbor Industrial,P0074,Cables,250,10.7,2025-11-18,2025-12-06
PO04102,S006,Frontier Plastics ,P0021,Electronics,100,101.71,2025-11-18,2025-11-24
PO04103,S010,Jetstream Parts,P0094,Cables,10,185.57,2025-08-05,2025-09-11
PO04104,S012,Luna Optics,P0099,Fasteners,10,67.56,2025-02-26,2025-03-04
PO04105,S004,DELTA FASTENERS,P0060,Fasteners,500,370.72,2025-11-30,2026-01-01
PO04106,S003,Caribe Electronics,P0025,Plastics,10,362.52,2025-07-31,2025-09-11
PO04107,S007,Gulf Precision,P0080,Cables,500,287.46,2025-05-29,2025-06-08
PO04108,S012,Luna Optics,P0005,Plastics,25,338.0,2025-03-23,2025-03-29
PO04109,S008,Harbor Industrial,P0039,Hydraulics,500,170.62,2025-07-15,2025-08-02
PO04110,S007,Gulf Precision,P0011,Hydraulics,10,280.64,2025-10-13,2025-10-23
PO04111,S004,Delta Fasteners,P0070,Hydraulics,10,446.39,2025-12-18,2026-01-19
PO04112,S007,Gulf Precision,P0018,Hydraulics,500,108.34,2025-02-04,2025-02-14
PO04113,S002,Boreal Metals,P0084,Hydraulics,25,81.15,2025-09-15,2025-09-25
PO04114,S007,Gulf Precision,P0055,Plastics,100,397.03,2025-07-21,2025-07-31
PO04115,S011,Keystone Hydraulics,P0032,Plastics,25,163.42,2025-08-01,2025-09-13
PO04116,S008,Harbor Industrial,P0079,Electronics,10,221.14,2025-03-30,2025-04-17
PO04117,S004,Delta Fasteners,P0045,Cables,500,50.97,2025-12-19,2026-01-20
PO04118,S003,Caribe Electronics,P0089,Electronics,100,27.17,2025-12-19,2026-01-30
PO04119,S012,Luna Optics,P0032,Plastics,10,167.55,2025-07-09,2025-07-15
PO04120,S007,Gulf Precision,P0043,Electronics,25,293.69,2025-05-26,2025-06-05
PO04121,S012,Luna Optics,P0077,Electronics,250,105.22,2025-05-02,2025-05-08
PO04122,S008,Harbor Industrial,P0057,Electronics,100,45.02,2025-07-31,2025-08-18
PO04123,S007,Gulf Precision,P0045,Cables,25,45.63,2025-09-18,2025-09-28
PO04124,S006,Frontier Plastics,P0085,Electronics,50,286.29,2025-12-29,2026-01-04
PO04125,S003,Caribe Electronics,P0073,Fasteners,50,97.47,2025-10-15,2025-11-26
PO04126,S012,Luna Optics,P0041,Plastics,100,395.37,2025-09-03,2025-09-09
PO04127,S009,Island Circuits,P0069,Fasteners,100,272.4,2025-06-25,2025-07-14
PO04128,S002,Boreal Metals,P0090,Cables,50,330.28,2025-11-01,2025-11-11
PO04129,S012,Luna Optics,P0084,Hydraulics,500,85.66,2025-07-06,2025-07-12
PO04130,S010,Jetstream Parts,P0100,Hydraulics,50,201.7,2025-02-14,2025-03-23
PO04131,S004,Delta Fasteners,P0053,Fasteners,10,159.41,2025-12-28,2026-01-29
PO04132,S001,Apex Components,P0029,Fasteners,500,113.98,2025-12-31,2026-02-08
PO04133,S010,Jetstream Parts,P0080,Cables,100,277.83,2025-07-22,2025-08-28
PO04134,S008,Harbor Industrial,P0029,Fasteners,50,114.92,2025-05-09,2025-05-27
PO04135,S002,BOREAL METALS,P0075,Plastics,500,96.5,2025-12-23,2026-01-02
PO04136,S004,Delta Fasteners,P0076,Fasteners,100,4.93,2025-09-08,2025-10-10
PO04137,S007,GULF PRECISION,P0033,Fasteners,500,454.49,2025-11-02,2025-11-12
PO04138,S011,Keystone Hydraulics,P0069,Fasteners,100,274.32,2025-05-04,2025-06-16
PO04139,S006,Frontier Plastics,P0028,Hydraulics,10,65.34,2025-03-11,2025-03-17
PO04140,S008,Harbor Industrial,P0100,Hydraulics,250,205.72,2025-01-25,2025-02-12
PO04141,S007,Gulf Precision,P0016,Fasteners,50,236.85,2025-11-08,2025-11-18
PO04142,S001,Apex Components ,P0010,Electronics,250,172.88,2025-12-10,2026-01-18
PO04143,S005,Echo Cable Co,P0051,Cables,100,340.96,2025-12-30,2026-01-06
PO04144,S004,Delta Fasteners,P0074,Cables,500,10.42,2025-01-17,2025-02-18
PO04145,S007,Gulf Precision,P0064,Fasteners,10,257.13,2025-09-26,2025-10-06
PO04146,S009,Island Circuits,P0082,Plastics,50,227.87,2025-12-02,2025-12-21
PO04147,S004,Delta Fasteners,P0097,Plastics,50,368.08,2025-11-04,2025-12-06
PO04148,S003,Caribe Electronics,P0041,Plastics,250,378.24,2025-08-18,2025-09-29
PO04149,S003,Caribe Electronics,P0032,Plastics,250,174.78,2025-10-05,2025-11-16
PO04150,S011,Keystone Hydraulics,P0050,Electronics,25,353.36,2025-09-26,2025-11-08
PO04151,S005,Echo Cable Co,P0003,Hydraulics,500,37.15,2025-04-19,2025-04-26
PO04152,S011,KEYSTONE HYDRAULICS,P0090,Cables,500,311.02,2025-04-10,2025-05-23
PO04153,S011,Keystone Hydraulics,P0027,Hydraulics,500,177.6,2025-11-16,2025-12-29
PO04154,S009,Island Circuits,P0022,Electronics,10,366.48,2025-08-30,2025-09-18
PO04155,S002,Boreal Metals,P0010,Electronics,100,156.08,2025-09-18,2025-09-28
PO04156,S010,Jetstream Parts,P0018,Hydraulics,500,117.25,2025-12-07,2026-01-13
PO04157,S008,Harbor Industrial ,P0041,Plastics,100,362.06,2025-05-19,2025-06-06
PO04158,S004,Delta Fasteners,P0054,Fasteners,10,228.8,2025-07-13,2025-08-14
PO04159,S008,Harbor Industrial,P0085,Electronics,25,290.74,2025-07-13,2025-07-31
PO04160,S007,Gulf Precision,P0062,Hydraulics,50,355.82,2025-12-24,2026-01-03
PO04161,S006,Frontier Plastics,P0057,Electronics,500,46.96,2025-06-03,2025-06-09
PO04162,S006,Frontier Plastics,P0018,Hydraulics,500,124.72,2025-08-03,2025-08-09
PO04163,S006,Frontier Plastics,P0014,Cables,10,291.6,2025-02-27,2025-03-05
PO04164,S006,Frontier Plastics,P0059,Cables,100,102.06,2025-05-27,2025-06-02
PO04165,S009,Island Circuits,P0002,Plastics,250,56.7,2025-10-06,2025-10-25
PO04166,S012,Luna Optics,P0008,Fasteners,25,353.23,2025-09-06,2025-09-12
PO04167,S006,Frontier Plastics,P0049,Fasteners,25,202.29,2025-12-19,2025-12-25
PO04168,S006,Frontier Plastics,P0018,Hydraulics,50,111.39,2025-06-14,2025-06-20
PO04169,S011,Keystone Hydraulics,P0018,Hydraulics,100,104.13,2025-04-09,2025-05-22
PO04170,S012,Luna Optics,P0019,Plastics,100,96.83,2025-02-15,2025-02-21
PO04171,S012,Luna Optics,P0066,Plastics,500,364.09,2025-07-13,2025-07-19
PO04172,S004,Delta Fasteners,P0081,Fasteners,100,229.9,2025-01-13,2025-02-14
PO04173,S012,Luna Optics,P0024,Fasteners,100,419.58,2025-09-27,2025-10-03
PO04174,S012,Luna Optics,P0074,Cables,50,11.33,2025-02-16,2025-02-22
PO04175,S012,Luna Optics,P0001,Electronics,100,317.88,2025-04-05,2025-04-11
PO04176,S006,Frontier Plastics,P0048,Cables,50,417.03,2025-02-02,2025-02-08
PO04177,S002,Boreal Metals,P0034,Fasteners,10,208.77,2025-01-27,2025-02-06
PO04178,S003,Caribe Electronics,P0056,Plastics,100,132.39,2025-04-08,2025-05-20
PO04179,S009,Island Circuits,P0049,Fasteners,50,227.66,2025-08-15,2025-09-03
PO04180,S004,Delta Fasteners ,P0019,Plastics,500,92.41,2025-07-07,2025-08-08
PO04181,S005,Echo Cable Co,P0081,Fasteners,25,207.98,2025-06-02,2025-06-09
PO04182,S003,Caribe Electronics,P0047,Electronics,250,408.18,2025-08-13,2025-09-24
PO04183,S011,Keystone Hydraulic,P0028,Hydraulics,100,58.3,2025-04-18,2025-05-31
PO04184,S009,Island Circuits,P0038,Hydraulics,100,234.95,2025-01-22,2025-02-10
PO04185,S012,Luna Optics ,P0052,Plastics,50,272.49,2025-11-08,2025-11-14
PO04186,S011,Keystone Hydraulics,P0012,Cables,100,72.11,2025-05-03,2025-06-15
PO04187,S002,Boreal Metals,P0050,Electronics,100,361.12,2025-05-01,2025-05-11
PO04188,S006,Frontier Plastics,P0040,Hydraulics,10,224.64,2025-05-29,2025-06-04
PO04189,S007,Gulf Precision,P0020,Cables,25,372.14,2025-10-22,2025-11-01
PO04190,S002,Boreal Metals,P0005,Plastics,100,389.13,2025-08-01,2025-08-11
PO04191,S005,Echo Cable Co,P0054,Fasteners,250,225.0,2025-01-10,2025-01-17
PO04192,S010,Jetstream Parts,P0014,Cables,500,274.8,2025-07-14,2025-08-20
PO04193,S011,Keystone Hydraulics,P0063,Plastics,250,352.01,2025-10-06,2025-11-18
PO04194,S006,Frontier Plastics,P0008,Fasteners,25,349.75,2025-12-16,2025-12-22
PO04195,S005,Echo Cable Co,P0002,Plastics,100,55.73,2025-02-09,2025-02-16
PO04196,S008,Harbor Industrial,P0097,Plastics,25,319.61,2025-11-12,2025-11-30
PO04197,S012,Luna Optics,P0004,Cables,100,332.27,2025-08-11,2025-08-17
PO04198,S008,Harbor Industrial,P0098,Electronics,10,408.53,2025-05-11,2025-05-29
PO04199,S009,Island Circuits,P0089,Electronics,25,27.84,2025-05-30,2025-06-18
PO04200,S009,Island Circuits,P0010,Electronics,50,161.23,2025-12-01,2025-12-20
PO04201,S008,Harbor Industrial,P0051,Cables,250,375.08,2025-01-02,2025-01-20
PO04202,S006,Frontier Plastics,P0098,Electronics,10,425.32,2025-09-02,2025-09-08
PO04203,S010,Jetstream Parts,P0038,Hydraulics,25,273.56,2025-01-28,2025-03-06
PO04204,S010,Jetstream Parts,P0051,Cables,25,354.22,2025-05-03,2025-06-09
PO04205,S011,Keystone Hydraulics,P0030,Plastics,100,216.81,2025-11-25,2026-01-07
PO04206,S009,ISLAND CIRCUITS,P0097,Plastics,50,333.05,2025-09-26,2025-10-15
PO04207,S007,Gulf Precision,P0082,Plastics,50,238.8,2025-02-19,2025-03-01
PO04208,S001,Apex Components,P0043,Electronics,10,287.6,2025-05-20,2025-06-28
PO04209,S009,Island Circuits,P0017,Fasteners,25,65.08,2025-08-27,2025-09-15
PO04210,S010,Jetstream Parts,P0089,Electronics,25,25.19,2025-10-18,2025-11-24
PO04211,S005,Echo Cable Co,P0046,Hydraulics,100,68.25,2025-09-28,2025-10-05
PO04212,S008,Harbor Industrial,P0097,Plastics,25,336.62,2025-09-03,2025-09-21
PO04213,S004,Delta Fasteners,P0051,Cables,100,377.5,2025-01-30,2025-03-03
PO04214,S001,Apex Components,P0025,Plastics,100,368.4,2025-09-22,2025-10-31
PO04215,S010,Jetstream Parts,P0081,Fasteners,50,230.95,2025-01-03,2025-02-09
PO04216,S010,Jetstream Parts,P0100,Hydraulics,500,200.98,2025-06-18,2025-07-25
PO04217,S009,Island Circuits,P0007,Electronics,25,20.96,2025-12-08,2025-12-27
PO04218,S011,Keystone Hydraulics,P0071,Cables,10,184.74,2025-05-08,2025-06-20
PO04219,S009,ISLAND CIRCUITS,P0030,Plastics,250,247.1,2025-04-23,2025-05-12
PO04220,S012,Luna Optics,P0090,Cables,100,339.06,2025-01-22,2025-01-28
PO04221,S008,Harbor Industrial,P0031,Plastics,50,167.1,2025-12-27,2026-01-14
PO04222,S008,Harbor Industrial,P0043,Electronics,50,307.18,2025-09-08,2025-09-26
PO04223,S001,Apex Components,P0074,Cables,100,11.1,2025-08-23,2025-10-01
PO04224,S008,Harbor Industrial,P0058,Cables,25,389.0,2025-11-09,2025-11-27
PO04225,S006,Frontier Plastics,P0061,Electronics,25,40.41,2025-07-25,2025-07-31
PO04226,S005,Echo Cable Co,P0015,Electronics,500,275.41,2025-12-12,2025-12-19
PO04227,S008,Harbor Industrial,P0092,Fasteners,25,226.34,2025-02-23,2025-03-13
PO04228,S011,Keystone Hydraulics,P0093,Fasteners,100,174.57,2025-10-23,2025-12-05
PO04229,S002,Boreal Metals,P0005,Plastics,50,367.85,2025-10-03,2025-10-13
PO04230,S002,Boreal Metals,P0019,Plastics,100,97.35,2025-06-17,2025-06-27
PO04231,S010,Jetstream Parts,P0016,Fasteners,25,230.63,2025-09-09,2025-10-16
PO04232,S005,Echo Cable C,P0074,Cables,500,11.67,2025-10-26,2025-11-02
PO04233,S009,Island Circuits,P0038,Hydraulics,10,275.25,2025-12-23,2026-01-11
PO04234,S001,Apex Components,P0091,Electronics,50,104.33,2025-04-20,2025-05-29
PO04235,S008,Harbor Industrial,P0003,Hydraulics,100,35.84,2025-03-05,2025-03-23
PO04236,S005,ECHO CABLE CO,P0096,Plastics,50,45.04,2025-01-02,2025-01-09
PO04237,S004,Delta Fasteners,P0100,Hydraulics,10,195.99,2025-01-27,2025-02-28
PO04238,S003,Caribe Electronics,P0075,Plastics,100,92.21,2025-09-26,2025-11-07
PO04239,S005,Echo Cable Co,P0020,Cables,100,338.04,2025-04-16,2025-04-23
PO04240,S003,Caribe Electronics,P0048,Cables,10,406.73,2025-11-25,2026-01-06
PO04241,S006,Frontier Plastics,P0036,Electronics,100,70.19,2025-07-07,2025-07-13
PO04242,S012,Luna Optics,P0032,Plastics,500,182.22,2025-09-05,2025-09-11
PO04243,S012,Luna Optics,P0019,Plastics,50,85.93,2025-11-28,2025-12-04
PO04244,S004,Delta Fasteners,P0092,Fasteners,100,209.27,2025-01-02,2025-02-03
PO04245,S003,Caribe Electronics ,P0045,Cables,100,45.2,2025-01-31,2025-03-14
PO04246,S008,Harbor Industrial,P0046,Hydraulics,25,61.71,2025-09-03,2025-09-21
PO04247,S012,Luna Optics,P0095,Electronics,500,184.79,2025-08-28,2025-09-03
PO04248,S012,Luna Optics,P0059,Cables,25,110.28,2025-10-19,2025-10-25
PO04249,S008,Harbor Industrial,P0093,Fasteners,100,193.12,2025-08-25,2025-09-12
PO04250,S002,Boreal Metals,P0051,Cables,500,341.6,2025-04-29,2025-05-09
PO04251,S006,Frontier Plastics,P0054,Fasteners,10,226.09,2025-05-25,2025-05-31
PO04252,S004,Delta Fasteners,P0056,Plastics,250,148.25,2025-01-11,2025-02-12
PO04253,S003,Caribe Electronics,P0051,Cables,10,367.41,2025-05-02,2025-06-13
PO04254,S003,Caribe Electronics,P0099,Fasteners,500,74.49,2025-01-29,2025-03-12
PO04255,S011,Keystone Hydraulics,P0001,Electronics,50,288.26,2025-04-30,2025-06-12
PO04256,S010,Jetstream Parts,P0036,Electronics,25,61.78,2025-06-21,2025-07-28
PO04257,S009,Island Circuits,P0086,Cables,10,164.36,2025-07-07,2025-07-26
PO04258,S003,Caribe Electronics,P0015,Electronics,25,253.89,2025-07-13,2025-08-24
PO04259,S006,Frontier Plastics,P0048,Cables,25,378.63,2025-07-29,2025-08-04
PO04260,S008,Harbor Industrial,P0002,Plastics,50,52.96,2025-03-22,2025-04-09
PO04261,S005,Echo Cable Co,P0012,Cables,25,72.39,2025-04-08,2025-04-15
PO04262,S003,Caribe Electronics,P0041,Plastics,250,387.61,2025-07-23,2025-09-03
PO04263,S006,Frontier Plastics,P0086,Cables,50,178.51,2025-02-02,2025-02-08
PO04264,S006,Frontier Plastics,P0010,Electronics,250,161.6,2025-04-13,2025-04-19
PO04265,S004,Delta Fasteners,P0035,Electronics,50,288.86,2025-06-21,2025-07-23
PO04266,S004,Delta Fasteners,P0035,Electronics,100,329.04,2025-02-15,2025-03-19
PO04267,S007,Gulf Precision,P0099,Fasteners,50,66.71,2025-05-08,2025-05-18
PO04268,S001,Apex Components,P0095,Electronics,500,204.75,2025-09-19,2025-10-28
PO04269,S012,Luna Optics,P0057,Electronics,10,46.73,2025-11-12,2025-11-18
PO04270,S005,Echo Cable Co,P0032,Plastics,100,177.52,2025-06-04,2025-06-11
PO04271,S003,Caribe Electronics,P0052,Plastics,250,277.41,2025-02-26,2025-04-09
PO04272,S009,Island Circuits,P0076,Fasteners,250,5.25,2025-01-07,2025-01-26
PO04273,S004,Delta Fasteners,P0028,Hydraulics,50,59.92,2025-12-31,2026-02-01
PO04274,S001,Apex Components,P0044,Plastics,100,343.4,2025-12-30,2026-02-07
PO04275,S010,Jetstream Parts,P0005,Plastics,500,391.83,2025-04-05,2025-05-12
PO04276,S005,Echo Cable Co,P0054,Fasteners,10,209.09,2025-03-12,2025-03-19
PO04277,S007,Gulf Precision,P0100,Hydraulics,50,189.67,2025-03-15,2025-03-25
PO04278,S004,Delta Fasteners,P0051,Cables,25,374.64,2025-01-27,2025-02-28
PO04279,S012,Luna Optic,P0093,Fasteners,50,167.26,2025-11-03,2025-11-09
PO04280,S010,Jetstream Parts,P0020,Cables,10,369.45,2025-05-06,2025-06-12
PO04281,S006,Frontier Plastics,P0064,Fasteners,500,272.03,2025-03-03,2025-03-09
PO04282,S005,Echo Cable Co,P0074,Cables,250,10.48,2025-06-26,2025-07-03
PO04283,S011,Keystone Hydraulics,P0013,Cables,100,90.13,2025-05-19,2025-07-01
PO04284,S006,Frontier Plastics,P0025,Plastics,25,334.86,2025-03-07,2025-03-13
PO04285,S009,Island Circuits,P0063,Plastics,100,302.89,2025-05-11,2025-05-30
PO04286,S006,Frontier Plastics,P0063,Plastics,50,298.74,2025-06-14,2025-06-20
PO04287,S010,Jetstream Parts,P0032,Plastics,50,164.79,2025-01-19,2025-02-25
PO04288,S008,Harbor Industrial,P0066,Plastics,250,396.58,2025-06-30,2025-07-18
PO04289,S007,Gulf Precision,P0079,Electronics,25,234.13,2025-04-02,2025-04-12
PO04290,S003,Caribe Electronics,P0018,Hydraulics,25,105.78,2025-08-01,2025-09-12
PO04291,S009,Island Circuits,P0027,Hydraulics,250,183.36,2025-11-07,2025-11-26
PO04292,S012,Luna Optics,P0100,Hydraulics,10,214.23,2025-03-24,2025-03-30
PO04293,S008,Harbor Industrial,P0011,Hydraulics,500,271.02,2025-01-14,2025-02-01
PO04294,S010,Jetstream Parts,P0037,Fasteners,50,324.53,2025-08-21,2025-09-27
PO04295,S005,Echo Cable C,P0090,Cables,25,352.25,2025-11-15,2025-11-22
PO04296,S009,Island Circuits,P0056,Plastics,500,146.91,2025-08-07,2025-08-26
PO04297,S012,Luna Optics,P0033,Fasteners,100,389.82,2025-09-04,2025-09-10
PO04298,S009,Island Circuits,P0030,Plastics,250,225.96,2025-05-09,2025-05-28
PO04299,S008,Harbor Industrial,P0061,Electronics,500,39.72,2025-09-01,2025-09-19
PO04300,S005,Echo Cable Co,P0019,Plastics,25,88.98,2025-06-16,2025-06-23
PO04301,S008,Harbor Industrial,P0062,Hydraulics,100,326.93,2025-04-03,2025-04-21
PO04302,S009,Island Circuits,P0068,Plastics,50,344.1,2025-04-06,2025-04-25
PO04303,S004,Delta Fasteners,P0068,Plastics,25,330.53,2025-10-26,2025-11-27
PO04304,S003,Caribe Electronics,P0003,Hydraulics,500,33.9,2025-12-08,2026-01-19
PO04305,S004,Delta Fasteners,P0048,Cables,500,393.56,2025-09-15,2025-10-17
PO04306,S012,Luna Optics,P0032,Plastics,500,163.87,2025-10-29,2025-11-04
PO04307,S002,Boreal Metals,P0054,Fasteners,500,226.39,2025-12-07,2025-12-17
PO04308,S008,Harbor Industrial,P0068,Plastics,500,333.57,2025-02-04,2025-02-22
PO04309,S002,Boreal Metals,P0029,Fasteners,250,100.97,2025-06-16,2025-06-26
PO04310,S002,Boreal Metals,P0092,Fasteners,250,212.12,2025-06-21,2025-07-01
PO04311,S010,Jetstream Parts,P0036,Electronics,100,66.86,2025-04-20,2025-05-27
PO04312,S010,Jetstream Parts,P0049,Fasteners,50,216.82,2025-05-30,2025-07-06
PO04313,S012,Luna Optics,P0062,Hydraulics,250,363.39,2025-11-18,2025-11-24
PO04314,S001,Apex Components,P0013,Cables,500,95.06,2025-05-11,2025-06-19
PO04315,S006,Frontier Plastics,P0063,Plastics,50,307.01,2025-10-28,2025-11-03
PO04316,S002,Boreal Metals,P0081,Fasteners,500,206.4,2025-12-10,2025-12-20
PO04317,S006,Frontier Plastics,P0066,Plastics,500,350.83,2025-09-05,2025-09-11
PO04318,S005,Echo Cable Co,P0093,Fasteners,500,175.81,2025-10-29,2025-11-05
PO04319,S004,Delta Fasteners,P0006,Cables,50,247.38,2025-02-28,2025-04-01
PO04320,S005,Echo Cable Co,P0027,Hydraulics,25,165.26,2025-06-17,2025-06-24
PO04321,S004,Delta Fasteners,P0033,Fasteners,500,445.45,2025-03-08,2025-04-09
PO04322,S002,Boreal Metals,P0002,Plastics,50,53.62,2025-12-29,2026-01-08
PO04323,S011,Keystone Hydraulics,P0088,Electronics,500,258.11,2025-04-04,2025-05-17
PO04324,S010,Jetstream Parts,P0005,Plastics,100,364.55,2025-05-16,2025-06-22
PO04325,S011,Keystone Hydraulics,P0035,Electronics,100,342.04,2025-03-19,2025-05-01
PO04326,S005,Echo Cable Co,P0099,Fasteners,25,71.61,2025-07-08,2025-07-15
PO04327,S004,Delta Fasteners,P0050,Electronics,250,392.63,2025-07-10,2025-08-11
PO04328,S008,Harbor Industrial,P0027,Hydraulics,50,169.35,2025-01-06,2025-01-24
PO04329,S012,Luna Optics,P0029,Fasteners,500,104.39,2025-11-01,2025-11-07
PO04330,S002,Boreal Metals,P0024,Fasteners,500,391.7,2025-07-13,2025-07-23
PO04331,S004,Delta Fasteners,P0014,Cables,250,321.38,2025-07-22,2025-08-23
PO04332,S010,Jetstream Parts,P0098,Electronics,10,398.83,2025-10-26,2025-12-02
PO04333,S001,Apex Components,P0008,Fasteners,500,303.18,2025-07-21,2025-08-29
PO04334,S005,Echo Cable Co,P0008,Fasteners,100,340.09,2025-09-19,2025-09-26
PO04335,S005,Echo Cable Co,P0065,Plastics,10,73.19,2025-02-16,2025-02-23
PO04336,S008,Harbor Industrial,P0096,Plastics,500,43.87,2025-12-10,2025-12-28
PO04337,S003,Caribe Electronics,P0098,Electronics,250,392.5,2025-06-12,2025-07-24
PO04338,S005,Echo Cable Co,P0067,Hydraulics,250,369.38,2025-10-27,2025-11-03
PO04339,S007,Gulf Precision,P0078,Electronics,250,375.36,2025-02-19,2025-03-01
PO04340,S012,Luna Optics,P0014,Cables,25,299.43,2025-03-07,2025-03-13
PO04341,S004,Delta Fasteners,P0056,Plastics,250,133.88,2025-10-02,2025-11-03
PO04342,S002,Boreal Metals,P0068,Plastics,50,326.57,2025-03-30,2025-04-09
PO04343,S002,Boreal Metals,P0061,Electronics,100,36.92,2025-12-08,2025-12-18
PO04344,S006,Frontier Plastics,P0017,Fasteners,500,70.25,2025-10-07,2025-10-13
PO04345,S007,Gulf Precision,P0025,Plastics,10,343.62,2025-12-08,2025-12-18
PO04346,S004,Delta Fasteners,P0046,Hydraulics,25,68.55,2025-10-06,2025-11-07
PO04347,S010,Jetstream Parts,P0084,Hydraulics,100,76.33,2025-06-03,2025-07-10
PO04348,S007,Gulf Precision,P0036,Electronics,500,65.4,2025-07-04,2025-07-14
PO04349,S002,Boreal Metals ,P0071,Cables,50,186.81,2025-12-17,2025-12-27
PO04350,S006,Frontier Plastics,P0097,Plastics,10,325.44,2025-12-13,2025-12-19
PO04351,S009,Island Circuits,P0002,Plastics,10,55.73,2025-01-01,2025-01-20
PO04352,S005,Echo Cable C,P0033,Fasteners,100,395.92,2025-08-11,2025-08-18
PO04353,S004,Delta Fasteners,P0050,Electronics,500,354.08,2025-06-01,2025-07-03
PO04354,S005,Echo Cable Co,P0096,Plastics,250,40.55,2025-07-29,2025-08-05
PO04355,S012,Luna Optics,P0056,Plastics,25,148.69,2025-09-15,2025-09-21
PO04356,S009,Island Circuits,P0082,Plastics,100,234.26,2025-05-06,2025-05-25
PO04357,S006,Frontier Plastics,P0082,Plastics,10,254.53,2025-05-10,2025-05-16
PO04358,S008,Harbor Industrial,P0083,Fasteners,250,303.35,2025-08-07,2025-08-25
PO04359,S007,Gulf Precision,P0049,Fasteners,10,224.12,2025-10-20,2025-10-30
PO04360,S008,Harbor Industrial,P0093,Fasteners,25,168.38,2025-07-19,2025-08-06
PO04361,S005,Echo Cable Co,P0065,Plastics,500,69.03,2025-11-01,2025-11-08
PO04362,S011,Keystone Hydraulics,P0079,Electronics,250,207.21,2025-05-10,2025-06-22
PO04363,S010,Jetstream Parts,P0041,Plastics,25,360.27,2025-06-23,2025-07-30
PO04364,S003,Caribe Electronics,P0029,Fasteners,250,104.05,2025-05-21,2025-07-02
PO04365,S002,Boreal Metals,P0071,Cables,250,180.71,2025-09-23,2025-10-03
PO04366,S003,Caribe Electronics ,P0094,Cables,25,205.82,2025-11-01,2025-12-13
PO04367,S006,Frontier Plastics,P0095,Electronics,10,180.94,2025-08-13,2025-08-19
PO04368,S010,Jetstream Parts,P0029,Fasteners,50,100.97,2025-06-05,2025-07-12
PO04369,S003,Caribe Electronics,P0025,Plastics,250,395.22,2025-04-30,2025-06-11
PO04370,S004,Delta Fasteners,P0092,Fasteners,50,218.19,2025-11-10,2025-12-12
PO04371,S003,Caribe Electronics,P0065,Plastics,25,69.8,2025-12-27,2026-02-07
PO04372,S008,Harbor Industrial,P0072,Plastics,100,189.71,2025-11-19,2025-12-07
PO04373,S008,Harbor Industrial,P0025,Plastics,100,374.5,2025-08-06,2025-08-24
PO04374,S012,Luna Optics,P0032,Plastics,100,171.24,2025-07-17,2025-07-23
PO04375,S006,Frontier Plastics,P0002,Plastics,10,51.96,2025-12-18,2025-12-24
PO04376,S007,Gulf Precision,P0021,Electronics,250,88.82,2025-01-14,2025-01-24
PO04377,S003,Caribe Electronics,P0052,Plastics,50,239.89,2025-03-17,2025-04-28
PO04378,S002,Boreal Metals,P0095,Electronics,50,171.87,2025-08-06,2025-08-16
PO04379,S012,Luna Optics,P0057,Electronics,25,47.13,2025-05-23,2025-05-29
PO04380,S008,Harbor Industrial,P0086,Cables,10,172.43,2025-09-17,2025-10-05
PO04381,S009,Island Circuits,P0001,Electronics,50,297.62,2025-04-11,2025-04-30
PO04382,S010,Jetstream Parts,P0048,Cables,10,445.09,2025-08-21,2025-09-27
PO04383,S007,Gulf Precision,P0058,Cables,25,371.76,2025-02-03,2025-02-13
PO04384,S001,Apex Components,P0024,Fasteners,100,363.56,2025-09-24,2025-11-02
PO04385,S012,Luna Optics,P0074,Cables,25,10.83,2025-06-08,2025-06-14
PO04386,S004,Delta Fasteners,P0073,Fasteners,10,90.8,2025-09-28,2025-10-30
PO04387,S007,Gulf Precision,P0100,Hydraulics,250,190.17,2025-03-05,2025-03-15
PO04388,S007,Gulf Precision,P0061,Electronics,100,36.81,2025-07-10,2025-07-20
PO04389,S006,Frontier Plastics,P0038,Hydraulics,10,263.07,2025-01-02,2025-01-08
PO04390,S006,Frontier Plastics,P0002,Plastics,50,56.21,2025-01-21,2025-01-27
PO04391,S009,Island Circuits,P0009,Electronics,10,347.22,2025-11-18,2025-12-07
PO04392,S009,Island Circuits,P0038,Hydraulics,50,229.63,2025-08-30,2025-09-18
PO04393,S005,Echo Cable Co,P0015,Electronics,10,235.11,2025-05-27,2025-06-03
PO04394,S007,Gulf Precision,P0002,Plastics,250,57.02,2025-12-10,2025-12-20
PO04395,S007,Gulf Precision,P0056,Plastics,10,124.9,2025-04-29,2025-05-09
PO04396,S005,Echo Cable Co ,P0043,Electronics,250,294.68,2025-06-04,2025-06-11
PO04397,S010,Jetstream Parts,P0080,Cables,500,275.46,2025-01-20,2025-02-26
PO04398,S011,Keystone Hydraulics,P0045,Cables,500,50.11,2025-12-23,2026-02-04
PO04399,S004,Delta Fasteners,P0072,Plastics,25,177.7,2025-07-26,2025-08-27
PO04400,S012,Luna Optics,P0013,Cables,100,84.88,2025-01-20,2025-01-26
PO04401,S005,Echo Cable Co,P0035,Electronics,500,324.76,2025-11-22,2025-11-29
PO04402,S010,Jetstream Parts,P0005,Plastics,10,351.7,2025-01-18,2025-02-24
PO04403,S012,Luna Optics,P0071,Cables,250,173.39,2025-08-02,2025-08-08
PO04404,S012,Luna Optics,P0057,Electronics,10,52.99,2025-10-17,2025-10-23
PO04405,S009,Island Circuits,P0015,Electronics,100,276.75,2025-07-28,2025-08-16
PO04406,S005,Echo Cable Co,P0049,Fasteners,250,216.28,2025-02-25,2025-03-04
PO04407,S007,Gulf Precision,P0050,Electronics,25,338.83,2025-07-09,2025-07-19
PO04408,S009,Island Circuits,P0058,Cables,100,345.53,2025-03-30,2025-04-18
PO04409,S012,Luna Optics,P0082,Plastics,250,236.6,2025-06-08,2025-06-14
PO04410,S008,Harbor Industrial,P0016,Fasteners,100,207.7,2025-04-29,2025-05-17
PO04411,S005,Echo Cable Co,P0023,Hydraulics,100,122.85,2025-02-12,2025-02-19
PO04412,S005,Echo Cable Co,P0034,Fasteners,10,205.25,2025-07-09,2025-07-16
PO04413,S003,Caribe Electronics,P0077,Electronics,100,106.83,2025-11-02,2025-12-14
PO04414,S002,Boreal Metals,P0029,Fasteners,500,100.25,2025-08-26,2025-09-05
PO04415,S009,Island Circuits,P0025,Plastics,100,398.56,2025-05-07,2025-05-26
PO04416,S011,Keystone Hydraulics,P0054,Fasteners,10,218.03,2025-12-27,2026-02-08
PO04417,S005,Echo Cable Co,P0001,Electronics,25,288.94,2025-08-11,2025-08-18
PO04418,S002,Boreal Metals,P0072,Plastics,25,188.24,2025-03-15,2025-03-25
PO04419,S002,Boreal Metal,P0089,Electronics,50,24.86,2025-06-26,2025-07-06
PO04420,S011,Keystone Hydraulics,P0047,Electronics,25,390.61,2025-09-04,2025-10-17
PO04421,S005,Echo Cable Co,P0083,Fasteners,250,326.13,2025-03-30,2025-04-06
PO04422,S001,Apex Components,P0089,Electronics,500,25.92,2025-04-05,2025-05-14
PO04423,S007,Gulf Precision,P0061,Electronics,25,35.4,2025-08-20,2025-08-30
PO04424,S008,Harbor Industrial,P0038,Hydraulics,100,251.65,2025-11-11,2025-11-29
PO04425,S007,Gulf Precision,P0069,Fasteners,100,314.47,2025-11-24,2025-12-04
PO04426,S010,Jetstream Parts,P0079,Electronics,25,216.51,2025-02-07,2025-03-16
PO04427,S012,Luna Optics,P0097,Plastics,100,365.49,2025-07-29,2025-08-04
PO04428,S007,Gulf Precision,P0084,Hydraulics,100,77.15,2025-08-13,2025-08-23
PO04429,S012,Luna Optics,P0100,Hydraulics,25,207.01,2025-02-24,2025-03-02
PO04430,S009,Island Circuits,P0029,Fasteners,25,101.54,2025-04-13,2025-05-02
PO04431,S007,Gulf Precision,P0036,Electronics,250,65.01,2025-01-06,2025-01-16
PO04432,S009,Island Circuits,P0089,Electronics,500,26.72,2025-11-11,2025-11-30
PO04433,S011,Keystone Hydraulics,P0031,Plastics,250,167.15,2025-09-05,2025-10-18
PO04434,S010,Jetstream Parts,P0011,Hydraulics,10,263.99,2025-12-11,2026-01-17
PO04435,S001,Apex Components,P0038,Hydraulics,100,247.05,2025-01-20,2025-02-28
PO04436,S008,Harbor Industrial,P0071,Cables,500,200.45,2025-11-06,2025-11-24
PO04437,S012,Luna Optics,P0019,Plastics,100,99.1,2025-11-25,2025-12-01
PO04438,S001,Apex Component,P0068,Plastics,50,339.91,2025-01-17,2025-02-25
PO04439,S007,Gulf Precision,P0018,Hydraulics,500,105.38,2025-11-11,2025-11-21
PO04440,S007,Gulf Precision,P0068,Plastics,100,290.47,2025-08-03,2025-08-13
PO04441,S009,Island Circuits,P0087,Hydraulics,25,359.13,2025-02-28,2025-03-19
PO04442,S002,BOREAL METALS,P0036,Electronics,25,67.47,2025-10-24,2025-11-03
PO04443,S012,Luna Optics,P0086,Cables,100,163.4,2025-04-01,2025-04-07
PO04444,S003,Caribe Electronics,P0084,Hydraulics,50,86.73,2025-09-10,2025-10-22
PO04445,S009,Island Circuits,P0079,Electronics,25,215.38,2025-02-02,2025-02-21
PO04446,S004,Delta Fasteners,P0023,Hydraulics,25,117.87,2025-10-22,2025-11-23
PO04447,S010,Jetstream Parts,P0086,Cables,500,194.49,2025-05-08,2025-06-14
PO04448,S004,Delta Fasteners,P0083,Fasteners,10,348.06,2025-09-17,2025-10-19
PO04449,S008,Harbor Industrial,P0081,Fasteners,250,217.47,2025-03-30,2025-04-17
PO04450,S009,Island Circuits,P0031,Plastics,100,185.93,2025-06-29,2025-07-18
PO04451,S009,Island Circuits,P0032,Plastics,250,153.35,2025-09-10,2025-09-29
PO04452,S012,Luna Optics,P0025,Plastics,10,339.91,2025-08-16,2025-08-22
PO04453,S012,Luna Optics,P0065,Plastics,10,67.54,2025-05-25,2025-05-31
PO04454,S005,Echo Cable Co,P0003,Hydraulics,10,34.4,2025-01-25,2025-02-01
PO04455,S004,Delta Fasteners,P0042,Electronics,25,282.83,2025-01-04,2025-02-05
PO04456,S007,Gulf Precision,P0096,Plastics,50,42.19,2025-03-08,2025-03-18
PO04457,S009,ISLAND CIRCUITS,P0020,Cables,25,352.67,2025-02-23,2025-03-14
PO04458,S006,Frontier Plastics ,P0060,Fasteners,500,387.47,2025-05-09,2025-05-15
PO04459,S002,BOREAL METALS,P0077,Electronics,500,103.92,2025-01-06,2025-01-16
PO04460,S004,Delta Fasteners,P0082,Plastics,50,265.93,2025-03-22,2025-04-23
PO04461,S003,Caribe Electronics,P0034,Fasteners,10,195.7,2025-05-03,2025-06-14
PO04462,S002,Boreal Metals,P0007,Electronics,100,20.94,2025-08-01,2025-08-11
PO04463,S008,Harbor Industrial,P0057,Electronics,100,46.99,2025-05-28,2025-06-15
PO04464,S003,Caribe Electronics,P0092,Fasteners,100,231.3,2025-12-16,2026-01-27
PO04465,S003,Caribe Electronics,P0051,Cables,10,383.74,2025-06-11,2025-07-23
PO04466,S010,Jetstream Parts,P0092,Fasteners,10,228.53,2025-07-25,2025-08-31
PO04467,S002,Boreal Metals,P0012,Cables,10,66.91,2025-05-13,2025-05-23
PO04468,S006,Frontier Plastics,P0040,Hydraulics,100,240.88,2025-08-14,2025-08-20
PO04469,S012,Luna Optics,P0034,Fasteners,10,194.57,2025-10-21,2025-10-27
PO04470,S006,Frontier Plastics,P0084,Hydraulics,10,85.41,2025-10-05,2025-10-11
PO04471,S005,Echo Cable Co,P0001,Electronics,10,283.12,2025-11-29,2025-12-06
PO04472,S004,Delta Fasteners,P0084,Hydraulics,10,75.85,2025-02-28,2025-04-01
PO04473,S009,Island Circuits,P0081,Fasteners,500,207.07,2025-02-14,2025-03-05
PO04474,S007,Gulf Precisio,P0034,Fasteners,10,197.16,2025-01-16,2025-01-26
PO04475,S005,Echo Cable Co,P0017,Fasteners,100,75.38,2025-01-30,2025-02-06
PO04476,S007,Gulf Precision,P0036,Electronics,25,61.86,2025-05-19,2025-05-29
PO04477,S008,Harbor Industrial,P0041,Plastics,50,357.44,2025-12-04,2025-12-22
PO04478,S001,Apex Components,P0083,Fasteners,100,303.17,2025-05-31,2025-07-09
PO04479,S009,Island Circuits,P0077,Electronics,50,94.76,2025-02-20,2025-03-11
PO04480,S006,Frontier Plastics,P0019,Plastics,10,89.54,2025-09-11,2025-09-17
PO04481,S005,Echo Cable Co,P0075,Plastics,50,103.49,2025-01-05,2025-01-12
PO04482,S004,Delta Fasteners,P0061,Electronics,500,38.92,2025-02-23,2025-03-27
PO04483,S011,Keystone Hydraulics,P0014,Cables,500,297.82,2025-01-07,2025-02-19
PO04484,S010,Jetstream Parts,P0088,Electronics,500,276.79,2025-06-14,2025-07-21
PO04485,S011,Keystone Hydraulics,P0042,Electronics,500,285.76,2025-05-23,2025-07-05
PO04486,S006,Frontier Plastics,P0084,Hydraulics,500,80.61,2025-11-08,2025-11-14
PO04487,S006,Frontier Plastic,P0020,Cables,50,375.16,2025-05-04,2025-05-10
PO04488,S004,Delta Fasteners,P0061,Electronics,10,35.12,2025-02-12,2025-03-16
PO04489,S005,Echo Cable Co,P0083,Fasteners,10,334.06,2025-11-14,2025-11-21
PO04490,S006,Frontier Plastics,P0062,Hydraulics,250,345.12,2025-03-20,2025-03-26
PO04491,S007,Gulf Precision,P0027,Hydraulics,500,179.93,2025-11-07,2025-11-17
PO04492,S005,Echo Cable Co,P0005,Plastics,500,392.63,2025-11-22,2025-11-29
PO04493,S010,Jetstream Parts,P0004,Cables,250,364.99,2025-09-30,2025-11-06
PO04494,S002,Boreal Metals,P0020,Cables,500,359.91,2025-03-02,2025-03-12
PO04495,S003,Caribe Electronics,P0027,Hydraulics,25,163.93,2025-02-11,2025-03-25
PO04496,S006,Frontier Plastics,P0097,Plastics,100,364.13,2025-03-05,2025-03-11
PO04497,S008,Harbor Industrial,P0084,Hydraulics,500,77.03,2025-09-11,2025-09-29
PO04498,S003,Caribe Electronics,P0013,Cables,500,81.31,2025-06-08,2025-07-20
PO04499,S008,Harbor Industrial,P0034,Fasteners,10,213.2,2025-07-09,2025-07-27
PO04500,S011,Keystone Hydraulics,P0043,Electronics,250,305.95,2025-03-11,2025-04-23
PO04501,S006,Frontier Plastics,P0046,Hydraulics,500,68.12,2025-12-17,2025-12-23
PO04502,S011,Keystone Hydraulics,P0024,Fasteners,100,372.61,2025-04-18,2025-05-31
PO04503,S002,Boreal Metals,P0017,Fasteners,250,67.98,2025-03-18,2025-03-28
PO04504,S002,Boreal Metals,P0004,Cables,100,378.3,2025-06-18,2025-06-28
PO04505,S010,Jetstream Parts,P0036,Electronics,250,70.71,2025-05-28,2025-07-04
PO04506,S004,Delta Fasteners,P0022,Electronics,10,322.36,2025-10-13,2025-11-14
PO04507,S012,Luna Optics,P0074,Cables,50,11.58,2025-04-17,2025-04-23
PO04508,S009,Island Circuits,P0057,Electronics,250,45.77,2025-04-16,2025-05-05
PO04509,S009,Island Circuits,P0024,Fasteners,25,384.86,2025-07-12,2025-07-31
PO04510,S002,Boreal Metals,P0080,Cables,25,300.03,2025-02-08,2025-02-18
PO04511,S004,Delta Fasteners,P0070,Hydraulics,10,400.32,2025-04-12,2025-05-14
PO04512,S002,Boreal Metal,P0029,Fasteners,25,100.16,2025-08-17,2025-08-27
PO04513,S005,Echo Cable Co,P0004,Cables,100,316.51,2025-09-07,2025-09-14
PO04514,S009,Island Circuits,P0067,Hydraulics,25,409.11,2025-04-15,2025-05-04
PO04515,S003,Caribe Electronics,P0073,Fasteners,500,92.75,2025-04-29,2025-06-10
PO04516,S008,Harbor Industrial,P0062,Hydraulics,250,373.28,2025-10-11,2025-10-29
PO04517,S006,Frontier Plastics,P0055,Plastics,50,411.65,2025-02-21,2025-02-27
PO04518,S001,Apex Components,P0049,Fasteners,100,213.99,2025-08-02,2025-09-10
PO04519,S004,Delta Fasteners,P0012,Cables,10,64.33,2025-10-21,2025-11-22
PO04520,S010,JETSTREAM PARTS,P0043,Electronics,50,273.04,2025-04-23,2025-05-30
PO04521,S001,Apex Components,P0030,Plastics,100,247.8,2025-09-10,2025-10-19
PO04522,S004,Delta Fasteners,P0063,Plastics,250,293.15,2025-11-20,2025-12-22
PO04523,S001,Apex Components,P0037,Fasteners,50,331.64,2025-09-22,2025-10-31
PO04524,S012,Luna Optics,P0039,Hydraulics,25,154.5,2025-06-02,2025-06-08
PO04525,S006,Frontier Plastics,P0008,Fasteners,100,329.84,2025-06-18,2025-06-24
PO04526,S008,Harbor Industrial,P0080,Cables,500,298.53,2025-03-03,2025-03-21
PO04527,S008,HARBOR INDUSTRIAL,P0071,Cables,500,175.8,2025-11-06,2025-11-24
PO04528,S009,Island Circuits,P0013,Cables,250,94.59,2025-11-06,2025-11-25
PO04529,S012,Luna Optics,P0034,Fasteners,50,233.52,2025-06-14,2025-06-20
PO04530,S002,Boreal Metals,P0094,Cables,100,183.73,2025-05-15,2025-05-25
PO04531,S002,Boreal Metals,P0048,Cables,500,407.03,2025-12-07,2025-12-17
PO04532,S002,Boreal Metals,P0094,Cables,100,188.59,2025-11-27,2025-12-07
PO04533,S001,Apex Components,P0010,Electronics,25,148.03,2025-05-12,2025-06-20
PO04534,S007,Gulf Precision,P0081,Fasteners,100,242.31,2025-01-10,2025-01-20
PO04535,S009,ISLAND CIRCUITS,P0033,Fasteners,10,449.96,2025-01-26,2025-02-14
PO04536,S006,Frontier Plastics,P0033,Fasteners,250,442.18,2025-08-25,2025-08-31
PO04537,S006,Frontier Plastics,P0053,Fasteners,10,159.92,2025-05-25,2025-05-31
PO04538,S008,Harbor Industrial,P0055,Plastics,10,388.17,2025-02-12,2025-03-02
PO04539,S009,Island Circuits,P0015,Electronics,25,270.96,2025-12-08,2025-12-27
PO04540,S009,Island Circuits,P0087,Hydraulics,10,370.13,2025-07-08,2025-07-27
PO04541,S002,Boreal Metal,P0100,Hydraulics,100,200.66,2025-05-12,2025-05-22
PO04542,S011,Keystone Hydraulics,P0050,Electronics,25,379.19,2025-02-21,2025-04-05
PO04543,S008,Harbor Industrial,P0008,Fasteners,25,317.47,2025-07-05,2025-07-23
PO04544,S010,Jetstream Parts,P0054,Fasteners,50,233.73,2025-07-07,2025-08-13
PO04545,S011,Keystone Hydraulics,P0070,Hydraulics,25,439.68,2025-04-05,2025-05-18
PO04546,S005,Echo Cable Co,P0096,Plastics,500,42.96,2025-12-15,2025-12-22
PO04547,S012,Luna Optics,P0092,Fasteners,50,241.69,2025-10-22,2025-10-28
PO04548,S010,Jetstream Parts,P0040,Hydraulics,10,215.12,2025-01-03,2025-02-09
PO04549,S010,Jetstream Parts,P0020,Cables,500,377.48,2025-05-29,2025-07-05
PO04550,S008,Harbor Industrial,P0051,Cables,500,352.3,2025-11-23,2025-12-11
PO04551,S009,Island Circuits,P0006,Cables,50,227.06,2025-05-08,2025-05-27
PO04552,S007,Gulf Precision,P0017,Fasteners,250,69.6,2025-10-20,2025-10-30
PO04553,S001,Apex Components,P0089,Electronics,250,27.96,2025-02-11,2025-03-22
PO04554,S006,Frontier Plastics,P0074,Cables,500,10.09,2025-11-29,2025-12-05
PO04555,S001,Apex Components,P0068,Plastics,50,314.55,2025-08-04,2025-09-12
PO04556,S007,Gulf Precision,P0094,Cables,25,207.51,2025-10-30,2025-11-09
PO04557,S008,Harbor Industrial,P0062,Hydraulics,100,333.67,2025-02-26,2025-03-16
PO04558,S006,Frontier Plastics,P0096,Plastics,10,41.94,2025-12-23,2025-12-29
PO04559,S010,Jetstream Parts,P0089,Electronics,250,29.06,2025-10-03,2025-11-09
PO04560,S005,Echo Cable Co,P0035,Electronics,500,308.05,2025-10-09,2025-10-16
PO04561,S011,Keystone Hydraulics,P0053,Fasteners,25,164.09,2025-05-04,2025-06-16
PO04562,S001,Apex Components,P0073,Fasteners,50,99.4,2025-04-21,2025-05-30
PO04563,S012,Luna Optics,P0090,Cables,25,325.58,2025-09-01,2025-09-07
PO04564,S009,Island Circuits,P0075,Plastics,50,100.99,2025-03-22,2025-04-10
PO04565,S010,Jetstream Parts,P0070,Hydraulics,10,415.16,2025-11-22,2025-12-29
PO04566,S010,Jetstream Parts,P0037,Fasteners,25,304.98,2025-12-21,2026-01-27
PO04567,S004,Delta Fasteners,P0062,Hydraulics,100,327.18,2025-08-28,2025-09-29
PO04568,S002,Boreal Metals,P0076,Fasteners,10,5.28,2025-07-19,2025-07-29
PO04569,S003,Caribe Electronics,P0044,Plastics,250,291.77,2025-04-01,2025-05-13
PO04570,S001,Apex Components,P0062,Hydraulics,250,313.94,2025-09-18,2025-10-27
PO04571,S012,LUNA OPTICS,P0040,Hydraulics,500,210.83,2025-10-24,2025-10-30
PO04572,S007,Gulf Precision,P0074,Cables,500,10.43,2025-03-31,2025-04-10
PO04573,S011,Keystone Hydraulics,P0046,Hydraulics,250,70.08,2025-11-10,2025-12-23
PO04574,S004,Delta Fasteners,P0009,Electronics,10,356.95,2025-10-05,2025-11-06
PO04575,S010,Jetstream Parts,P0045,Cables,10,44.34,2025-02-12,2025-03-21
PO04576,S001,Apex Components,P0048,Cables,250,422.25,2025-07-17,2025-08-25
PO04577,S005,Echo Cable Co,P0025,Plastics,250,367.04,2025-12-12,2025-12-19
PO04578,S003,Caribe Electronics,P0068,Plastics,250,316.16,2025-06-03,2025-07-15
PO04579,S006,FRONTIER PLASTICS,P0007,Electronics,500,23.2,2025-05-05,2025-05-11
PO04580,S002,Boreal Metals,P0059,Cables,250,100.24,2025-04-15,2025-04-25
PO04581,S008,Harbor Industrial,P0080,Cables,250,300.01,2025-03-16,2025-04-03
PO04582,S012,Luna Optics,P0060,Fasteners,25,384.39,2025-07-22,2025-07-28
PO04583,S009,Island Circuits,P0086,Cables,250,191.41,2025-10-19,2025-11-07
PO04584,S008,Harbor Industrial,P0022,Electronics,250,338.39,2025-09-07,2025-09-25
PO04585,S003,Caribe Electronics,P0077,Electronics,100,95.56,2025-11-14,2025-12-26
PO04586,S008,Harbor Industrial,P0029,Fasteners,10,97.97,2025-12-07,2025-12-25
PO04587,S002,Boreal Metals,P0073,Fasteners,10,101.57,2025-03-10,2025-03-20
PO04588,S003,Caribe Electronics,P0055,Plastics,50,356.51,2025-08-13,2025-09-24
PO04589,S002,Boreal Metals,P0075,Plastics,25,90.09,2025-07-09,2025-07-19
PO04590,S006,Frontier Plastics,P0051,Cables,100,326.31,2025-04-26,2025-05-02
PO04591,S012,Luna Optics,P0009,Electronics,500,364.14,2025-12-21,2025-12-27
PO04592,S008,Harbor Industrial,P0030,Plastics,10,236.24,2025-04-05,2025-04-23
PO04593,S010,Jetstream Parts ,P0062,Hydraulics,500,365.44,2025-12-04,2026-01-10
PO04594,S010,Jetstream Part,P0022,Electronics,100,357.8,2025-03-22,2025-04-28
PO04595,S012,Luna Optics,P0087,Hydraulics,50,357.29,2025-01-08,2025-01-14
PO04596,S010,Jetstream Parts,P0055,Plastics,100,396.99,2025-01-28,2025-03-06
PO04597,S001,Apex Component,P0036,Electronics,100,66.69,2025-02-12,2025-03-23
PO04598,S002,Boreal Metals,P0041,Plastics,500,376.14,2025-05-05,2025-05-15
PO04599,S011,Keystone Hydraulics,P0053,Fasteners,10,161.39,2025-03-19,2025-05-01
PO04600,S008,Harbor Industrial,P0063,Plastics,250,343.45,2025-08-12,2025-08-30
PO04601,S003,CARIBE ELECTRONICS,P0041,Plastics,100,346.2,2025-06-29,2025-08-10
PO04602,S007,Gulf Precision,P0076,Fasteners,50,5.1,2025-12-06,2025-12-16
PO04603,S005,Echo Cable Co,P0014,Cables,500,310.98,2025-09-23,2025-09-30
PO04604,S002,Boreal Metals,P0049,Fasteners,10,194.72,2025-07-08,2025-07-18
PO04605,S006,Frontier Plastics,P0063,Plastics,10,321.64,2025-10-13,2025-10-19
PO04606,S012,Luna Optics,P0038,Hydraulics,10,240.76,2025-06-03,2025-06-09
PO04607,S008,Harbor Industrial,P0081,Fasteners,10,236.11,2025-09-29,2025-10-17
PO04608,S008,Harbor Industrial,P0086,Cables,250,188.35,2025-12-03,2025-12-21
PO04609,S008,Harbor Industrial,P0006,Cables,50,239.25,2025-03-15,2025-04-02
PO04610,S001,Apex Components,P0057,Electronics,100,48.28,2025-12-04,2026-01-12
PO04611,S007,Gulf Precision,P0069,Fasteners,10,292.03,2025-05-16,2025-05-26
PO04612,S011,Keystone Hydraulics,P0060,Fasteners,100,381.9,2025-07-30,2025-09-11
PO04613,S006,Frontier Plastics,P0005,Plastics,10,342.38,2025-09-11,2025-09-17
PO04614,S012,LUNA OPTICS,P0096,Plastics,250,42.6,2025-01-04,2025-01-10
PO04615,S006,Frontier Plastics,P0047,Electronics,100,410.25,2025-08-12,2025-08-18
PO04616,S008,Harbor Industrial,P0017,Fasteners,500,65.81,2025-02-17,2025-03-07
PO04617,S002,Boreal Metals,P0034,Fasteners,25,218.79,2025-01-06,2025-01-16
PO04618,S012,Luna Optics,P0047,Electronics,250,377.52,2025-09-06,2025-09-12
PO04619,S012,Luna Optics,P0007,Electronics,250,19.92,2025-12-14,2025-12-20
PO04620,S005,Echo Cable Co,P0089,Electronics,100,26.86,2025-11-18,2025-11-25
PO04621,S002,Boreal Metals,P0023,Hydraulics,500,111.93,2025-03-26,2025-04-05
PO04622,S001,Apex Components,P0072,Plastics,250,190.44,2025-01-20,2025-02-28
PO04623,S003,Caribe Electronics,P0092,Fasteners,10,215.05,2025-12-01,2026-01-12
PO04624,S010,Jetstream Parts,P0014,Cables,50,317.84,2025-03-05,2025-04-11
PO04625,S010,Jetstream Parts,P0052,Plastics,50,277.3,2025-10-05,2025-11-11
PO04626,S006,Frontier Plastics,P0032,Plastics,100,182.73,2025-09-20,2025-09-26
PO04627,S005,Echo Cable Co,P0047,Electronics,10,432.28,2025-10-09,2025-10-16
PO04628,S008,Harbor Industrial,P0027,Hydraulics,500,154.58,2025-10-14,2025-11-01
PO04629,S002,Boreal Metals,P0097,Plastics,10,347.26,2025-01-27,2025-02-06
PO04630,S004,Delta Fasteners,P0092,Fasteners,250,237.26,2025-04-29,2025-05-31
PO04631,S011,Keystone Hydraulics,P0092,Fasteners,100,230.92,2025-01-01,2025-02-13
PO04632,S011,Keystone Hydraulics,P0032,Plastics,100,153.08,2025-07-10,2025-08-22
PO04633,S006,Frontier Plastics ,P0096,Plastics,250,42.77,2025-05-05,2025-05-11
PO04634,S008,Harbor Industrial,P0055,Plastics,50,363.01,2025-07-08,2025-07-26
PO04635,S001,Apex Components,P0016,Fasteners,250,217.93,2025-10-07,2025-11-15
PO04636,S009,Island Circuits,P0100,Hydraulics,10,202.67,2025-10-05,2025-10-24
PO04637,S003,Caribe Electronics,P0066,Plastics,25,331.95,2025-09-14,2025-10-26
PO04638,S009,Island Circuits,P0047,Electronics,10,431.11,2025-06-13,2025-07-02
PO04639,S002,Boreal Metals,P0057,Electronics,250,51.27,2025-09-19,2025-09-29
PO04640,S010,Jetstream Parts,P0096,Plastics,500,44.13,2025-03-03,2025-04-09
PO04641,S005,Echo Cable Co,P0014,Cables,25,319.94,2025-01-12,2025-01-19
PO04642,S005,Echo Cable Co,P0081,Fasteners,10,221.98,2025-05-21,2025-05-28
PO04643,S004,Delta Fasteners,P0099,Fasteners,25,73.3,2025-08-31,2025-10-02
PO04644,S010,Jetstream Parts,P0034,Fasteners,100,228.85,2025-04-26,2025-06-02
PO04645,S003,Caribe Electronics,P0027,Hydraulics,250,153.12,2025-01-25,2025-03-08
PO04646,S003,Caribe Electronics,P0039,Hydraulics,10,164.95,2025-04-15,2025-05-27
PO04647,S002,Boreal Metals,P0073,Fasteners,25,92.11,2025-08-09,2025-08-19
PO04648,S011,Keystone Hydraulics,P0089,Electronics,25,29.52,2025-02-13,2025-03-28
PO04649,S005,Echo Cable Co,P0048,Cables,100,398.0,2025-10-10,2025-10-17
PO04650,S005,Echo Cable Co,P0049,Fasteners,500,231.77,2025-04-30,2025-05-07
PO04651,S007,Gulf Precision,P0100,Hydraulics,25,213.31,2025-05-03,2025-05-13
PO04652,S004,Delta Fasteners,P0031,Plastics,25,185.68,2025-12-21,2026-01-22
PO04653,S001,Apex Components,P0079,Electronics,500,196.97,2025-12-04,2026-01-12
PO04654,S005,Echo Cable Co,P0032,Plastics,250,166.71,2025-08-11,2025-08-18
PO04655,S007,Gulf Precision,P0006,Cables,500,242.3,2025-03-24,2025-04-03
PO04656,S009,Island Circuits,P0004,Cables,50,347.74,2025-04-16,2025-05-05
PO04657,S003,Caribe Electronics,P0026,Cables,25,82.81,2025-01-23,2025-03-06
PO04658,S008,Harbor Industrial,P0007,Electronics,500,19.63,2025-12-18,2026-01-05
PO04659,S011,Keystone Hydraulics,P0084,Hydraulics,100,82.1,2025-04-07,2025-05-20
PO04660,S007,GULF PRECISION,P0070,Hydraulics,250,408.29,2025-07-18,2025-07-28
PO04661,S009,Island Circuits,P0009,Electronics,25,346.64,2025-09-07,2025-09-26
PO04662,S007,Gulf Precision,P0042,Electronics,250,301.46,2025-01-12,2025-01-22
PO04663,S002,Boreal Metals,P0086,Cables,250,195.94,2025-11-09,2025-11-19
PO04664,S009,Island Circuits,P0028,Hydraulics,50,63.19,2025-10-14,2025-11-02
PO04665,S009,Island Circuits ,P0059,Cables,250,108.39,2025-10-21,2025-11-09
PO04666,S006,Frontier Plastics,P0070,Hydraulics,100,436.78,2025-12-21,2025-12-27
PO04667,S011,Keystone Hydraulics,P0065,Plastics,500,70.06,2025-01-16,2025-02-28
PO04668,S010,Jetstream Parts,P0061,Electronics,500,38.91,2025-12-17,2026-01-23
PO04669,S004,Delta Fasteners,P0057,Electronics,250,50.17,2025-03-30,2025-05-01
PO04670,S012,LUNA OPTICS,P0068,Plastics,250,347.56,2025-09-12,2025-09-18
PO04671,S002,Boreal Metals,P0031,Plastics,500,166.58,2025-08-14,2025-08-24
PO04672,S007,Gulf Precision,P0018,Hydraulics,50,110.0,2025-09-04,2025-09-14
PO04673,S003,Caribe Electronics,P0058,Cables,25,394.92,2025-01-20,2025-03-03
PO04674,S001,Apex Components,P0057,Electronics,250,47.92,2025-05-21,2025-06-29
PO04675,S007,Gulf Precision,P0050,Electronics,25,379.69,2025-03-01,2025-03-11
PO04676,S003,Caribe Electronics,P0041,Plastics,50,337.68,2025-12-06,2026-01-17
PO04677,S003,Caribe Electronics,P0074,Cables,250,10.19,2025-01-29,2025-03-12
PO04678,S007,Gulf Precision,P0086,Cables,10,188.44,2025-02-20,2025-03-02
PO04679,S004,Delta Fasteners,P0072,Plastics,100,180.55,2025-12-10,2026-01-11
PO04680,S011,Keystone Hydraulics,P0097,Plastics,250,328.39,2025-09-26,2025-11-08
PO04681,S007,Gulf Precision,P0024,Fasteners,250,419.0,2025-07-31,2025-08-10
PO04682,S011,Keystone Hydraulics,P0071,Cables,10,174.62,2025-10-14,2025-11-26
PO04683,S010,Jetstream Parts,P0021,Electronics,100,100.18,2025-03-16,2025-04-22
PO04684,S007,Gulf Precision,P0005,Plastics,10,367.02,2025-02-09,2025-02-19
PO04685,S002,Boreal Metals,P0037,Fasteners,250,355.77,2025-01-19,2025-01-29
PO04686,S010,Jetstream Parts,P0014,Cables,100,304.73,2025-07-20,2025-08-26
PO04687,S012,Luna Optics,P0032,Plastics,10,181.4,2025-01-28,2025-02-03
PO04688,S008,Harbor Industrial,P0094,Cables,50,206.77,2025-11-30,2025-12-18
PO04689,S011,Keystone Hydraulics,P0041,Plastics,25,373.87,2025-03-08,2025-04-20
PO04690,S001,Apex Components,P0064,Fasteners,25,303.84,2025-03-22,2025-04-30
PO04691,S012,Luna Optics,P0058,Cables,10,381.12,2025-11-18,2025-11-24
PO04692,S002,BOREAL METALS,P0028,Hydraulics,500,57.65,2025-05-10,2025-05-20
PO04693,S008,Harbor Industrial,P0054,Fasteners,50,230.77,2025-05-06,2025-05-24
PO04694,S007,Gulf Precisio,P0087,Hydraulics,500,350.64,2025-07-02,2025-07-12
PO04695,S005,ECHO CABLE CO,P0011,Hydraulics,10,268.18,2025-07-30,2025-08-06
PO04696,S009,Island Circuits,P0069,Fasteners,500,305.72,2025-09-13,2025-10-02
PO04697,S012,Luna Optics,P0024,Fasteners,10,396.35,2025-05-14,2025-05-20
PO04698,S012,Luna Optics,P0022,Electronics,25,312.67,2025-01-26,2025-02-01
PO04699,S011,Keystone Hydraulics,P0018,Hydraulics,250,110.08,2025-09-11,2025-10-24
PO04700,S003,Caribe Electronics,P0076,Fasteners,500,5.06,2025-06-08,2025-07-20
PO04701,S012,Luna Optics,P0007,Electronics,50,19.75,2025-08-30,2025-09-05
PO04702,S008,Harbor Industrial,P0020,Cables,500,372.8,2025-09-19,2025-10-07
PO04703,S011,Keystone Hydraulics,P0010,Electronics,10,159.19,2025-01-17,2025-03-01
PO04704,S002,Boreal Metals,P0049,Fasteners,500,199.11,2025-05-13,2025-05-23
PO04705,S008,Harbor Industrial,P0100,Hydraulics,10,206.83,2025-04-03,2025-04-21
PO04706,S011,Keystone Hydraulics,P0047,Electronics,100,369.3,2025-10-16,2025-11-28
PO04707,S006,Frontier Plastics,P0049,Fasteners,50,234.42,2025-03-01,2025-03-07
PO04708,S012,Luna Optics,P0060,Fasteners,500,335.29,2025-01-14,2025-01-20
PO04709,S010,Jetstream Parts,P0084,Hydraulics,50,80.89,2025-05-03,2025-06-09
PO04710,S010,Jetstream Parts,P0003,Hydraulics,500,36.3,2025-08-30,2025-10-06
PO04711,S002,Boreal Metals,P0010,Electronics,25,150.29,2025-07-21,2025-07-31
PO04712,S008,Harbor Industrial,P0071,Cables,250,183.92,2025-10-26,2025-11-13
PO04713,S001,Apex Components,P0057,Electronics,10,50.2,2025-11-15,2025-12-24
PO04714,S007,Gulf Precision,P0017,Fasteners,100,69.63,2025-12-09,2025-12-19
PO04715,S004,Delta Fasteners,P0017,Fasteners,100,63.72,2025-06-21,2025-07-23
PO04716,S008,Harbor Industrial,P0006,Cables,100,256.88,2025-09-20,2025-10-08
PO04717,S008,Harbor Industrial,P0064,Fasteners,500,302.71,2025-06-18,2025-07-06
PO04718,S004,Delta Fasteners,P0050,Electronics,250,351.99,2025-02-25,2025-03-29
PO04719,S009,Island Circuits,P0087,Hydraulics,25,359.81,2025-09-17,2025-10-06
PO04720,S003,Caribe Electronics,P0096,Plastics,250,45.5,2025-01-10,2025-02-21
PO04721,S003,Caribe Electronics,P0062,Hydraulics,50,345.96,2025-08-17,2025-09-28
PO04722,S006,Frontier Plastics,P0095,Electronics,25,171.97,2025-04-09,2025-04-15
PO04723,S011,Keystone Hydraulics,P0028,Hydraulics,500,59.8,2025-06-02,2025-07-15
PO04724,S002,Boreal Metals,P0060,Fasteners,100,343.89,2025-07-04,2025-07-14
PO04725,S009,Island Circuits,P0055,Plastics,50,390.57,2025-12-06,2025-12-25
PO04726,S008,Harbor Industrial,P0008,Fasteners,10,301.95,2025-06-29,2025-07-17
PO04727,S011,Keystone Hydraulics,P0054,Fasteners,25,205.96,2025-02-18,2025-04-02
PO04728,S010,Jetstream Parts,P0027,Hydraulics,25,169.84,2025-10-12,2025-11-18
PO04729,S008,Harbor Industrial,P0037,Fasteners,500,312.74,2025-07-17,2025-08-04
PO04730,S002,Boreal Metals,P0010,Electronics,500,153.6,2025-06-28,2025-07-08
PO04731,S001,Apex Components,P0057,Electronics,50,51.01,2025-08-17,2025-09-25
PO04732,S005,Echo Cable Co,P0015,Electronics,250,264.46,2025-12-28,2026-01-04
PO04733,S011,Keystone Hydraulics,P0050,Electronics,25,345.16,2025-11-21,2026-01-03
PO04734,S003,Caribe Electronics,P0099,Fasteners,100,65.8,2025-08-17,2025-09-28
PO04735,S006,Frontier Plastics ,P0001,Electronics,500,317.22,2025-08-16,2025-08-22
PO04736,S002,Boreal Metals,P0004,Cables,25,344.36,2025-02-15,2025-02-25
PO04737,S005,Echo Cable Co,P0036,Electronics,500,71.64,2025-07-11,2025-07-18
PO04738,S011,Keystone Hydraulics,P0049,Fasteners,10,196.09,2025-02-17,2025-04-01
PO04739,S001,Apex Components,P0024,Fasteners,100,380.31,2025-12-01,2026-01-09
PO04740,S007,Gulf Precision,P0047,Electronics,500,417.88,2025-08-23,2025-09-02
PO04741,S001,Apex Components,P0044,Plastics,10,322.77,2025-08-10,2025-09-18
PO04742,S010,Jetstream Parts,P0039,Hydraulics,100,155.75,2025-12-26,2026-02-01
PO04743,S007,Gulf Precision,P0043,Electronics,25,305.32,2025-08-25,2025-09-04
PO04744,S004,Delta Fasteners,P0100,Hydraulics,50,183.9,2025-03-26,2025-04-27
PO04745,S004,Delta Fasteners,P0008,Fasteners,250,315.97,2025-11-29,2025-12-31
PO04746,S007,Gulf Precision ,P0016,Fasteners,100,222.46,2025-11-06,2025-11-16
PO04747,S008,Harbor Industrial,P0085,Electronics,250,275.87,2025-11-24,2025-12-12
PO04748,S005,Echo Cable Co,P0053,Fasteners,100,162.04,2025-01-17,2025-01-24
PO04749,S002,Boreal Metals,P0020,Cables,25,355.09,2025-11-06,2025-11-16
PO04750,S011,Keystone Hydraulics,P0097,Plastics,100,365.68,2025-10-05,2025-11-17
PO04751,S003,Caribe Electronics,P0033,Fasteners,25,411.17,2025-08-22,2025-10-03
PO04752,S003,Caribe Electronics,P0058,Cables,50,383.11,2025-09-15,2025-10-27
PO04753,S001,Apex Component,P0073,Fasteners,500,92.79,2025-08-14,2025-09-22
PO04754,S002,Boreal Metals,P0025,Plastics,25,343.87,2025-07-16,2025-07-26
PO04755,S012,LUNA OPTICS,P0067,Hydraulics,10,378.83,2025-05-22,2025-05-28
PO04756,S010,Jetstream Parts,P0083,Fasteners,10,303.58,2025-11-25,2026-01-01
PO04757,S003,Caribe Electronics,P0085,Electronics,25,298.97,2025-12-05,2026-01-16
PO04758,S004,Delta Fastener,P0016,Fasteners,500,208.42,2025-11-09,2025-12-11
PO04759,S001,Apex Components,P0004,Cables,50,335.68,2025-08-14,2025-09-22
PO04760,S006,Frontier Plastics,P0088,Electronics,250,289.16,2025-02-03,2025-02-09
PO04761,S010,Jetstream Parts,P0012,Cables,500,71.71,2025-11-17,2025-12-24
PO04762,S001,Apex Components,P0003,Hydraulics,250,34.53,2025-09-14,2025-10-23
PO04763,S002,Boreal Metals,P0038,Hydraulics,50,257.98,2025-02-11,2025-02-21
PO04764,S011,Keystone Hydraulics,P0020,Cables,250,320.72,2025-05-23,2025-07-05
PO04765,S009,Island Circuits,P0096,Plastics,50,47.11,2025-10-11,2025-10-30
PO04766,S010,Jetstream Parts,P0083,Fasteners,100,335.61,2025-09-06,2025-10-13
PO04767,S001,Apex Components,P0005,Plastics,25,362.6,2025-01-31,2025-03-11
PO04768,S006,Frontier Plastics,P0076,Fasteners,250,5.37,2025-11-08,2025-11-14
PO04769,S007,Gulf Precision,P0034,Fasteners,500,218.71,2025-02-21,2025-03-03
PO04770,S006,Frontier Plastics ,P0010,Electronics,250,145.93,2025-10-21,2025-10-27
PO04771,S010,Jetstream Parts,P0018,Hydraulics,25,114.61,2025-08-15,2025-09-21
PO04772,S011,Keystone Hydraulics,P0022,Electronics,100,346.07,2025-09-17,2025-10-30
PO04773,S009,Island Circuits,P0024,Fasteners,10,347.46,2025-05-04,2025-05-23
PO04774,S010,Jetstream Parts,P0036,Electronics,10,70.62,2025-12-11,2026-01-17
PO04775,S006,Frontier Plastics,P0032,Plastics,25,153.36,2025-04-15,2025-04-21
PO04776,S006,Frontier Plastics,P0022,Electronics,50,352.55,2025-03-18,2025-03-24
PO04777,S012,Luna Optics,P0027,Hydraulics,250,166.88,2025-06-28,2025-07-04
PO04778,S009,Island Circuits,P0001,Electronics,100,299.67,2025-04-12,2025-05-01
PO04779,S012,Luna Optics,P0034,Fasteners,500,224.06,2025-06-16,2025-06-22
PO04780,S005,Echo Cable Co,P0006,Cables,100,244.28,2025-12-14,2025-12-21
PO04781,S003,CARIBE ELECTRONICS,P0074,Cables,25,10.74,2025-08-20,2025-10-01
PO04782,S008,HARBOR INDUSTRIAL,P0093,Fasteners,25,163.47,2025-07-14,2025-08-01
PO04783,S003,Caribe Electronics,P0097,Plastics,25,383.07,2025-12-28,2026-02-08
PO04784,S006,Frontier Plastics,P0026,Cables,25,95.25,2025-11-22,2025-11-28
PO04785,S005,Echo Cable Co,P0057,Electronics,100,52.11,2025-06-22,2025-06-29
PO04786,S008,Harbor Industrial,P0012,Cables,25,71.25,2025-08-14,2025-09-01
PO04787,S003,Caribe Electronics,P0070,Hydraulics,250,384.16,2025-10-09,2025-11-20
PO04788,S011,Keystone Hydraulics,P0079,Electronics,100,227.2,2025-06-19,2025-08-01
PO04789,S005,Echo Cable Co,P0037,Fasteners,50,322.18,2025-02-28,2025-03-07
PO04790,S011,Keystone Hydraulics,P0027,Hydraulics,50,173.07,2025-07-28,2025-09-09
PO04791,S007,Gulf Precision ,P0016,Fasteners,25,207.09,2025-09-23,2025-10-03
PO04792,S011,Keystone Hydraulics,P0026,Cables,250,83.58,2025-11-03,2025-12-16
PO04793,S010,Jetstream Parts,P0019,Plastics,10,95.35,2025-07-15,2025-08-21
PO04794,S006,Frontier Plastics,P0090,Cables,100,320.35,2025-02-24,2025-03-02
PO04795,S011,Keystone Hydraulics,P0084,Hydraulics,100,74.43,2025-04-01,2025-05-14
PO04796,S009,Island Circuits,P0068,Plastics,250,335.5,2025-11-11,2025-11-30
PO04797,S009,Island Circuits,P0066,Plastics,250,368.46,2025-07-16,2025-08-04
PO04798,S012,Luna Optics,P0023,Hydraulics,25,108.44,2025-12-27,2026-01-02
PO04799,S009,Island Circuits,P0085,Electronics,250,291.76,2025-05-27,2025-06-15
PO04800,S004,Delta Fasteners,P0023,Hydraulics,100,113.9,2025-12-30,2026-01-31
PO04801,S002,Boreal Metals,P0092,Fasteners,250,226.4,2025-02-08,2025-02-18
PO04802,S004,Delta Fasteners,P0006,Cables,250,242.83,2025-08-29,2025-09-30
PO04803,S003,Caribe Electronics,P0016,Fasteners,250,245.09,2025-03-04,2025-04-15
PO04804,S008,Harbor Industrial,P0022,Electronics,250,350.94,2025-02-16,2025-03-06
PO04805,S010,Jetstream Parts,P0089,Electronics,100,25.95,2025-06-08,2025-07-15
PO04806,S009,Island Circuits,P0015,Electronics,100,266.59,2025-01-09,2025-01-28
PO04807,S009,Island Circuits,P0012,Cables,10,74.24,2025-09-30,2025-10-19
PO04808,S004,Delta Fasteners,P0004,Cables,50,324.15,2025-03-01,2025-04-02
PO04809,S010,Jetstream Parts,P0045,Cables,25,44.25,2025-02-19,2025-03-28
PO04810,S003,Caribe Electronics,P0097,Plastics,50,376.08,2025-02-02,2025-03-16
PO04811,S008,Harbor Industrial,P0005,Plastics,25,382.95,2025-01-16,2025-02-03
PO04812,S002,Boreal Metals,P0097,Plastics,50,323.52,2025-07-18,2025-07-28
PO04813,S008,Harbor Industrial,P0021,Electronics,10,95.29,2025-11-20,2025-12-08
PO04814,S004,Delta Fasteners,P0089,Electronics,500,29.83,2025-06-29,2025-07-31
PO04815,S007,Gulf Precision ,P0017,Fasteners,50,74.98,2025-02-04,2025-02-14
PO04816,S001,Apex Components,P0047,Electronics,500,434.86,2025-02-08,2025-03-19
PO04817,S004,Delta Fasteners,P0008,Fasteners,250,294.2,2025-03-18,2025-04-19
PO04818,S011,Keystone Hydraulics,P0088,Electronics,100,269.27,2025-08-01,2025-09-13
PO04819,S006,Frontier Plastics,P0062,Hydraulics,50,317.05,2025-04-13,2025-04-19
PO04820,S009,Island Circuits,P0039,Hydraulics,10,157.79,2025-07-20,2025-08-08
PO04821,S004,Delta Fasteners,P0083,Fasteners,10,298.91,2025-05-18,2025-06-19
PO04822,S011,Keystone Hydraulics,P0048,Cables,50,425.85,2025-09-19,2025-11-01
PO04823,S003,Caribe Electronics,P0008,Fasteners,10,334.18,2025-09-15,2025-10-27
PO04824,S006,Frontier Plastics,P0014,Cables,250,301.24,2025-09-25,2025-10-01
PO04825,S008,Harbor Industrial,P0099,Fasteners,50,69.47,2025-01-17,2025-02-04
PO04826,S008,Harbor Industrial,P0061,Electronics,500,36.31,2025-07-01,2025-07-19
PO04827,S011,Keystone Hydraulics,P0082,Plastics,250,265.64,2025-11-18,2025-12-31
PO04828,S012,Luna Optics,P0082,Plastics,250,264.03,2025-11-24,2025-11-30
PO04829,S001,Apex Components,P0033,Fasteners,250,381.38,2025-09-06,2025-10-15
PO04830,S007,Gulf Precision,P0097,Plastics,50,370.57,2025-02-15,2025-02-25
PO04831,S011,Keystone Hydraulics,P0075,Plastics,100,90.12,2025-06-01,2025-07-14
PO04832,S001,Apex Components,P0007,Electronics,25,19.3,2025-11-18,2025-12-27
PO04833,S006,Frontier Plastics,P0055,Plastics,50,399.75,2025-03-11,2025-03-17
PO04834,S010,Jetstream Parts,P0004,Cables,250,332.84,2025-09-24,2025-10-31
PO04835,S011,Keystone Hydraulics,P0039,Hydraulics,100,152.28,2025-01-22,2025-03-06
PO04836,S005,Echo Cable Co,P0015,Electronics,100,232.83,2025-01-31,2025-02-07
PO04837,S004,Delta Fasteners,P0085,Electronics,500,290.34,2025-02-11,2025-03-15
PO04838,S010,Jetstream Parts,P0045,Cables,50,46.55,2025-02-05,2025-03-14
PO04839,S010,Jetstream Parts,P0005,Plastics,50,348.37,2025-10-09,2025-11-15
PO04840,S010,Jetstream Parts,P0096,Plastics,100,39.77,2025-11-13,2025-12-20
PO04841,S011,Keystone Hydraulics,P0085,Electronics,50,258.29,2025-08-11,2025-09-23
PO04842,S007,Gulf Precision,P0062,Hydraulics,100,363.81,2025-05-13,2025-05-23
PO04843,S006,Frontier Plastic,P0008,Fasteners,500,347.89,2025-12-15,2025-12-21
PO04844,S010,Jetstream Parts,P0075,Plastics,250,105.43,2025-03-21,2025-04-27
PO04845,S002,Boreal Metals,P0002,Plastics,25,52.56,2025-09-24,2025-10-04
PO04846,S003,Caribe Electronics,P0042,Electronics,500,272.54,2025-06-20,2025-08-01
PO04847,S007,Gulf Precision,P0044,Plastics,250,343.84,2025-03-02,2025-03-12
PO04848,S006,Frontier Plastics,P0024,Fasteners,250,403.53,2025-04-16,2025-04-22
PO04849,S008,Harbor Industrial,P0029,Fasteners,10,111.42,2025-12-10,2025-12-28
PO04850,S007,Gulf Precision,P0082,Plastics,100,247.17,2025-08-26,2025-09-05
PO04851,S012,Luna Optics,P0003,Hydraulics,50,37.57,2025-01-07,2025-01-13
PO04852,S005,Echo Cable Co,P0098,Electronics,50,372.72,2025-06-28,2025-07-05
PO04853,S005,Echo Cable Co,P0032,Plastics,250,168.07,2025-08-21,2025-08-28
PO04854,S011,Keystone Hydraulics,P0041,Plastics,500,356.62,2025-07-10,2025-08-22
PO04855,S003,Caribe Electronics,P0095,Electronics,100,186.43,2025-04-27,2025-06-08
PO04856,S001,Apex Components,P0025,Plastics,500,373.31,2025-11-21,2025-12-30
PO04857,S011,Keystone Hydraulics,P0014,Cables,50,284.59,2025-02-02,2025-03-17
PO04858,S008,Harbor Industrial,P0051,Cables,250,330.26,2025-11-30,2025-12-18
PO04859,S009,Island Circuits,P0011,Hydraulics,500,243.95,2025-11-21,2025-12-10
PO04860,S008,Harbor Industrial,P0001,Electronics,25,328.44,2025-12-15,2026-01-02
PO04861,S004,Delta Fasteners ,P0060,Fasteners,25,349.19,2025-10-01,2025-11-02
PO04862,S006,Frontier Plastics,P0087,Hydraulics,100,380.36,2025-03-03,2025-03-09
PO04863,S003,Caribe Electronics,P0004,Cables,100,351.27,2025-04-15,2025-05-27
PO04864,S005,Echo Cable Co,P0042,Electronics,50,283.77,2025-08-02,2025-08-09
PO04865,S009,Island Circuits,P0069,Fasteners,50,294.46,2025-10-31,2025-11-19
PO04866,S009,Island Circuits,P0078,Electronics,50,330.04,2025-04-25,2025-05-14
PO04867,S002,BOREAL METALS,P0052,Plastics,50,258.03,2025-08-10,2025-08-20
PO04868,S002,Boreal Metals ,P0066,Plastics,500,398.11,2025-11-14,2025-11-24
PO04869,S003,Caribe Electronics,P0072,Plastics,250,189.59,2025-03-29,2025-05-10
PO04870,S007,Gulf Precision,P0026,Cables,10,94.25,2025-05-15,2025-05-25
PO04871,S012,Luna Optics,P0026,Cables,250,82.42,2025-01-04,2025-01-10
PO04872,S005,Echo Cable Co,P0073,Fasteners,10,92.09,2025-12-02,2025-12-09
PO04873,S009,Island Circuits,P0089,Electronics,100,25.88,2025-10-12,2025-10-31
PO04874,S012,Luna Optics,P0021,Electronics,500,103.05,2025-09-07,2025-09-13
PO04875,S011,Keystone Hydraulics,P0075,Plastics,25,98.92,2025-07-06,2025-08-18
PO04876,S007,Gulf Precision,P0007,Electronics,500,20.49,2025-05-03,2025-05-13
PO04877,S001,Apex Components,P0020,Cables,250,387.68,2025-09-10,2025-10-19
PO04878,S009,Island Circuits,P0066,Plastics,10,333.88,2025-01-02,2025-01-21
PO04879,S009,Island Circuits,P0066,Plastics,500,376.03,2025-05-05,2025-05-24
PO04880,S004,Delta Fasteners,P0097,Plastics,10,382.64,2025-10-12,2025-11-13
PO04881,S005,Echo Cable Co,P0055,Plastics,250,372.46,2025-06-28,2025-07-05
PO04882,S004,Delta Fasteners,P0100,Hydraulics,25,208.38,2025-01-22,2025-02-23
PO04883,S007,Gulf Precision,P0087,Hydraulics,25,385.07,2025-04-29,2025-05-09
PO04884,S007,Gulf Precision,P0063,Plastics,10,351.82,2025-02-13,2025-02-23
PO04885,S002,Boreal Metals,P0021,Electronics,10,96.32,2025-10-15,2025-10-25
PO04886,S003,Caribe Electronics,P0028,Hydraulics,100,62.46,2025-10-06,2025-11-17
PO04887,S003,CARIBE ELECTRONICS,P0058,Cables,100,363.41,2025-07-28,2025-09-08
PO04888,S011,Keystone Hydraulics,P0009,Electronics,500,364.27,2025-05-03,2025-06-15
PO04889,S002,Boreal Metals,P0090,Cables,100,345.93,2025-10-31,2025-11-10
PO04890,S011,Keystone Hydraulics,P0032,Plastics,100,155.67,2025-07-10,2025-08-22
PO04891,S008,Harbor Industrial,P0062,Hydraulics,500,334.11,2025-09-11,2025-09-29
PO04892,S004,Delta Fasteners,P0053,Fasteners,10,171.3,2025-10-02,2025-11-03
PO04893,S009,Island Circuits,P0073,Fasteners,25,103.07,2025-04-08,2025-04-27
PO04894,S001,Apex Components,P0024,Fasteners,50,351.71,2025-07-19,2025-08-27
PO04895,S006,Frontier Plastics,P0076,Fasteners,250,5.5,2025-10-07,2025-10-13
PO04896,S007,Gulf Precision,P0027,Hydraulics,25,158.59,2025-10-29,2025-11-08
PO04897,S008,Harbor Industrial,P0033,Fasteners,10,427.74,2025-11-17,2025-12-05
PO04898,S006,Frontier Plastics,P0016,Fasteners,10,240.48,2025-09-26,2025-10-02
PO04899,S008,Harbor Industrial,P0093,Fasteners,500,188.28,2025-09-15,2025-10-03
PO04900,S003,Caribe Electronics,P0087,Hydraulics,100,341.08,2025-07-07,2025-08-18
PO04901,S008,Harbor Industrial,P0047,Electronics,50,402.34,2025-06-13,2025-07-01
PO04902,S011,Keystone Hydraulics,P0086,Cables,100,162.16,2025-12-09,2026-01-21
PO04903,S006,Frontier Plastics,P0062,Hydraulics,25,360.32,2025-09-25,2025-10-01
PO04904,S007,Gulf Precision,P0049,Fasteners,10,226.67,2025-07-28,2025-08-07
PO04905,S008,Harbor Industrial,P0049,Fasteners,100,200.57,2025-01-11,2025-01-29
PO04906,S010,Jetstream Parts,P0012,Cables,250,66.47,2025-02-13,2025-03-22
PO04907,S006,Frontier Plastics,P0059,Cables,50,107.72,2025-07-05,2025-07-11
PO04908,S007,Gulf Precision,P0003,Hydraulics,50,35.19,2025-04-10,2025-04-20
PO04909,S007,Gulf Precision,P0076,Fasteners,100,5.15,2025-07-13,2025-07-23
PO04910,S006,Frontier Plastics,P0067,Hydraulics,250,388.84,2025-01-19,2025-01-25
PO04911,S007,Gulf Precision,P0029,Fasteners,50,101.84,2025-09-27,2025-10-07
PO04912,S004,Delta Fasteners,P0058,Cables,250,345.27,2025-01-29,2025-03-02
PO04913,S005,Echo Cable Co,P0038,Hydraulics,25,231.46,2025-02-05,2025-02-12
PO04914,S010,Jetstream Parts,P0079,Electronics,250,215.95,2025-01-16,2025-02-22
PO04915,S009,Island Circuits ,P0063,Plastics,25,330.77,2025-05-08,2025-05-27
PO04916,S004,Delta Fasteners,P0057,Electronics,500,47.64,2025-02-07,2025-03-11
PO04917,S008,Harbor Industrial,P0059,Cables,100,104.23,2025-07-14,2025-08-01
PO04918,S003,Caribe Electronics,P0093,Fasteners,25,174.43,2025-05-19,2025-06-30
PO04919,S006,Frontier Plastics,P0100,Hydraulics,100,215.22,2025-10-26,2025-11-01
PO04920,S001,Apex Components,P0021,Electronics,250,101.32,2025-12-27,2026-02-04
PO04921,S003,Caribe Electronics,P0049,Fasteners,250,205.24,2025-08-17,2025-09-28
PO04922,S009,Island Circuits,P0067,Hydraulics,100,411.53,2025-09-17,2025-10-06
PO04923,S007,Gulf Precision,P0030,Plastics,250,218.55,2025-02-10,2025-02-20
PO04924,S010,Jetstream Parts,P0037,Fasteners,250,351.51,2025-01-28,2025-03-06
PO04925,S003,Caribe Electronics,P0047,Electronics,50,374.03,2025-05-20,2025-07-01
PO04926,S011,Keystone Hydraulics,P0021,Electronics,250,89.52,2025-09-01,2025-10-14
PO04927,S005,Echo Cable Co,P0049,Fasteners,10,200.73,2025-05-03,2025-05-10
PO04928,S010,Jetstream Parts,P0078,Electronics,500,328.2,2025-02-28,2025-04-06
PO04929,S001,APEX COMPONENTS,P0093,Fasteners,100,167.92,2025-07-03,2025-08-11
PO04930,S011,Keystone Hydraulics,P0023,Hydraulics,50,112.94,2025-07-21,2025-09-02
PO04931,S011,Keystone Hydraulics,P0051,Cables,25,352.43,2025-02-17,2025-04-01
PO04932,S012,Luna Optics,P0057,Electronics,500,47.95,2025-09-28,2025-10-04
PO04933,S009,Island Circuits,P0016,Fasteners,25,209.97,2025-01-06,2025-01-25
PO04934,S009,Island Circuits,P0054,Fasteners,50,223.27,2025-01-14,2025-02-02
PO04935,S006,Frontier Plastics,P0029,Fasteners,100,114.29,2025-06-02,2025-06-08
PO04936,S005,Echo Cable Co,P0014,Cables,25,288.65,2025-02-25,2025-03-04
PO04937,S012,Luna Optics,P0023,Hydraulics,250,108.66,2025-11-12,2025-11-18
PO04938,S010,Jetstream Parts,P0021,Electronics,10,95.68,2025-07-01,2025-08-07
PO04939,S011,Keystone Hydraulics,P0046,Hydraulics,100,67.14,2025-09-26,2025-11-08
PO04940,S004,Delta Fasteners,P0012,Cables,50,63.6,2025-03-10,2025-04-11
PO04941,S006,Frontier Plastics,P0066,Plastics,500,341.92,2025-05-17,2025-05-23
PO04942,S003,Caribe Electronics,P0062,Hydraulics,100,323.34,2025-10-20,2025-12-01
PO04943,S010,Jetstream Parts,P0040,Hydraulics,25,213.34,2025-01-11,2025-02-17
PO04944,S007,Gulf Precision,P0092,Fasteners,500,240.92,2025-03-31,2025-04-10
PO04945,S001,Apex Components,P0028,Hydraulics,10,63.41,2025-10-01,2025-11-09
PO04946,S011,Keystone Hydraulics,P0053,Fasteners,50,162.42,2025-03-13,2025-04-25
PO04947,S007,Gulf Precision,P0096,Plastics,10,45.48,2025-03-07,2025-03-17
PO04948,S008,Harbor Industrial,P0087,Hydraulics,25,375.19,2025-08-12,2025-08-30
PO04949,S010,Jetstream Parts,P0023,Hydraulics,500,105.62,2025-09-19,2025-10-26
PO04950,S006,Frontier Plastics,P0082,Plastics,50,252.85,2025-04-03,2025-04-09
PO04951,S007,Gulf Precision,P0096,Plastics,500,47.03,2025-01-02,2025-01-12
PO04952,S005,Echo Cable Co,P0092,Fasteners,100,215.22,2025-06-20,2025-06-27
PO04953,S002,BOREAL METALS,P0065,Plastics,500,73.8,2025-06-12,2025-06-22
PO04954,S006,Frontier Plastics,P0086,Cables,50,174.04,2025-05-18,2025-05-24
PO04955,S011,Keystone Hydraulics,P0056,Plastics,10,144.96,2025-02-19,2025-04-03
PO04956,S003,Caribe Electronics,P0043,Electronics,25,276.91,2025-01-01,2025-02-12
PO04957,S005,ECHO CABLE CO,P0035,Electronics,25,307.06,2025-10-08,2025-10-15
PO04958,S012,Luna Optics,P0097,Plastics,25,380.54,2025-02-25,2025-03-03
PO04959,S006,FRONTIER PLASTICS,P0088,Electronics,25,258.55,2025-10-25,2025-10-31
PO04960,S003,Caribe Electronics,P0096,Plastics,250,40.09,2025-03-23,2025-05-04
PO04961,S012,Luna Optics,P0045,Cables,500,52.32,2025-07-15,2025-07-21
PO04962,S012,Luna Optics,P0057,Electronics,250,53.35,2025-12-21,2025-12-27
PO04963,S004,Delta Fasteners,P0010,Electronics,10,148.06,2025-10-24,2025-11-25
PO04964,S008,Harbor Industrial,P0068,Plastics,25,288.39,2025-09-29,2025-10-17
PO04965,S009,Island Circuits,P0032,Plastics,250,153.3,2025-08-17,2025-09-05
PO04966,S006,Frontier Plastics,P0081,Fasteners,500,235.27,2025-10-29,2025-11-04
PO04967,S005,Echo Cable Co,P0044,Plastics,100,326.66,2025-03-22,2025-03-29
PO04968,S008,Harbor Industrial,P0013,Cables,250,87.2,2025-11-24,2025-12-12
PO04969,S001,Apex Components,P0086,Cables,25,192.28,2025-01-18,2025-02-26
PO04970,S010,Jetstream Parts,P0007,Electronics,100,19.31,2025-05-28,2025-07-04
PO04971,S008,Harbor Industrial ,P0025,Plastics,250,354.15,2025-03-27,2025-04-14
PO04972,S002,Boreal Metals,P0074,Cables,100,11.21,2025-02-11,2025-02-21
PO04973,S004,Delta Fasteners,P0097,Plastics,100,358.87,2025-09-08,2025-10-10
PO04974,S011,Keystone Hydraulics,P0033,Fasteners,25,429.95,2025-08-10,2025-09-22
PO04975,S002,Boreal Metals,P0004,Cables,100,338.51,2025-12-22,2026-01-01
PO04976,S012,Luna Optics,P0004,Cables,250,360.97,2025-05-07,2025-05-13
PO04977,S007,Gulf Precision,P0011,Hydraulics,500,246.87,2025-09-26,2025-10-06
PO04978,S005,Echo Cable Co,P0009,Electronics,500,374.01,2025-07-16,2025-07-23
PO04979,S005,Echo Cable Co,P0019,Plastics,250,92.05,2025-12-06,2025-12-13
PO04980,S012,Luna Optics,P0033,Fasteners,50,409.37,2025-08-31,2025-09-06
PO04981,S004,Delta Fasteners,P0063,Plastics,100,329.41,2025-09-28,2025-10-30
PO04982,S010,Jetstream Parts,P0004,Cables,250,356.72,2025-12-05,2026-01-11
PO04983,S011,Keystone Hydraulics,P0013,Cables,100,94.22,2025-02-01,2025-03-16
PO04984,S006,Frontier Plastics,P0070,Hydraulics,500,407.2,2025-07-09,2025-07-15
PO04985,S011,Keystone Hydraulics,P0060,Fasteners,500,386.62,2025-06-13,2025-07-26
PO04986,S001,Apex Components,P0075,Plastics,250,100.62,2025-11-13,2025-12-22
PO04987,S007,Gulf Precision,P0041,Plastics,25,364.44,2025-04-22,2025-05-02
PO04988,S001,Apex Components,P0034,Fasteners,250,226.81,2025-10-06,2025-11-14
PO04989,S008,Harbor Industrial,P0045,Cables,50,45.96,2025-05-15,2025-06-02
PO04990,S012,Luna Optics,P0012,Cables,100,67.96,2025-04-18,2025-04-24
PO04991,S001,Apex Components,P0025,Plastics,50,366.55,2025-09-17,2025-10-26
PO04992,S001,Apex Components,P0070,Hydraulics,10,455.66,2025-05-13,2025-06-21
PO04993,S012,Luna Optics,P0011,Hydraulics,10,267.86,2025-03-27,2025-04-02
PO04994,S006,Frontier Plastics,P0088,Electronics,100,261.9,2025-09-05,2025-09-11
PO04995,S010,Jetstream Parts,P0068,Plastics,10,347.94,2025-12-04,2026-01-10
PO04996,S006,Frontier Plastics,P0020,Cables,100,364.69,2025-09-05,2025-09-11
PO04997,S007,Gulf Precision,P0068,Plastics,500,347.51,2025-08-10,2025-08-20
PO04998,S006,Frontier Plastics,P0078,Electronics,50,350.03,2025-08-07,2025-08-13
PO04999,S006,Frontier Plastics,P0059,Cables,100,108.68,2025-07-14,2025-07-20
PO05000,S004,Delta Fasteners,P0088,Electronics,250,290.33,2025-07-11,2025-08-12
PO02765,S007,Gulf Precision,P0057,Electronics,50,49.04,2025-10-24,2025-11-03
PO04768,S006,Frontier Plastics,P0076,Fasteners,250,5.37,2025-11-08,2025-11-14
PO03815,S002,Boreal Metals,P0017,Fasteners,25,70.82,2025-11-07,2025-11-17
PO03500,S005,Echo Cable Co,P0054,Fasteners,50,234.13,2025-08-11,2025-08-18
PO02736,S004,Delta Fasteners,P0088,Electronics,100,260.37,2025-07-31,2025-09-01
PO03923,S011,Keystone Hydraulics,P0003,Hydraulics,100,35.24,2025-07-01,2025-08-13
PO02702,S003,Caribe Electronics,P0013,Cables,25,96.56,2025-12-05,2026-01-16
PO01180,S002,Boreal Metals ,P0048,Cables,500,387.65,2025-03-14,2025-03-24
PO00933,S008,Harbor Industrial,P0061,Electronics,50,36.96,2025-11-06,2025-11-24
PO00793,S006,Frontier Plastics,P0099,Fasteners,10,66.84,2025-10-13,2025-10-19
PO01853,S001,Apex Components,P0082,Plastics,25,227.05,2025-03-19,2025-04-27
PO01186,S012,Luna Optics,P0031,Plastics,25,187.45,2025-01-08,2025-01-14
PO01725,S009,Island Circuit,P0024,Fasteners,25,405.77,2025-02-03,2025-02-22
PO04081,S008,Harbor Industrial,P0032,Plastics,10,154.64,2025-03-31,2025-04-18
PO03824,S004,Delta Fasteners,P0087,Hydraulics,50,381.04,2025-05-17,2025-06-18
PO04055,S003,Caribe Electronics,P0050,Electronics,25,352.71,2025-12-06,2026-01-17
PO02722,S010,Jetstream Parts,P0083,Fasteners,50,307.76,2025-08-09,2025-09-15
PO03904,S008,Harbor Industrial,P0005,Plastics,10,342.31,2025-05-23,2025-06-10
PO01866,S004,Delta Fasteners,P0017,Fasteners,25,76.35,2025-05-25,2025-06-26
PO00760,S011,Keystone Hydraulics,P0057,Electronics,10,46.33,2025-04-07,2025-05-20
PO02417,S005,Echo Cable Co,P0058,Cables,250,395.64,2025-01-06,2025-01-13
PO03671,S003,Caribe Electronics,P0006,Cables,25,221.73,2025-07-27,2025-09-07
PO04839,S010,Jetstream Parts,P0005,Plastics,50,348.37,2025-10-09,2025-11-15
PO03091,S004,Delta Fasteners,P0015,Electronics,250,251.13,2025-02-17,2025-03-21
PO01547,S008,Harbor Industrial,P0058,Cables,250,337.15,2025-12-15,2026-01-02
PO01133,S005,Echo Cable Co,P0009,Electronics,50,340.18,2025-01-08,2025-01-15
PO04704,S002,Boreal Metals,P0049,Fasteners,500,199.11,2025-05-13,2025-05-23
PO04495,S003,Caribe Electronics,P0027,Hydraulics,25,163.93,2025-02-11,2025-03-25
PO02776,S011,KEYSTONE HYDRAULICS,P0065,Plastics,100,72.49,2025-04-12,2025-05-25
PO03186,S003,Caribe Electronics,P0019,Plastics,50,90.79,2025-03-21,2025-05-02
PO01214,S003,Caribe Electronics,P0004,Cables,250,351.35,2025-01-21,2025-03-04
PO03290,S012,Luna Optics,P0034,Fasteners,25,232.22,2025-06-24,2025-06-30
PO00764,S011,Keystone Hydraulics,P0013,Cables,50,97.87,2025-01-14,2025-02-26
PO01217,S006,Frontier Plastics,P0011,Hydraulics,500,258.93,2025-04-24,2025-04-30
PO00349,S006,Frontier Plastic,P0008,Fasteners,250,338.14,2025-03-23,2025-03-29
PO02983,S004,Delta Fasteners,P0096,Plastics,50,41.41,2025-06-16,2025-07-18
PO02917,S010,Jetstream Parts,P0008,Fasteners,250,298.91,2025-04-02,2025-05-09
PO02972,S007,Gulf Precision,P0099,Fasteners,50,69.54,2025-10-01,2025-10-11
PO01356,S005,Echo Cable Co,P0089,Electronics,10,25.17,2025-03-13,2025-03-20
PO02331,S011,Keystone Hydraulics,P0038,Hydraulics,25,246.32,2025-03-11,2025-04-23
PO01514,S001,Apex Components,P0061,Electronics,25,36.65,2025-04-25,2025-06-03
PO02182,S008,Harbor Industrial,P0032,Plastics,50,173.19,2025-08-23,2025-09-10
PO03348,S010,Jetstream Parts,P0014,Cables,10,321.42,2025-03-01,2025-04-07
PO01661,S011,Keystone Hydraulics,P0079,Electronics,50,200.1,2025-02-12,2025-03-27
PO04378,S002,Boreal Metals,P0095,Electronics,50,171.87,2025-08-06,2025-08-16
PO00805,S004,Delta Fasteners,P0012,Cables,250,67.95,2025-10-10,2025-11-11
PO01442,S008,Harbor Industrial,P0085,Electronics,500,278.54,2025-10-30,2025-11-17
PO01095,S002,Boreal Metals,P0058,Cables,25,351.95,2025-01-18,2025-01-28
PO03989,S002,Boreal Metals,P0085,Electronics,100,272.15,2025-09-06,2025-09-16
PO03706,S008,Harbor Industrial,P0096,Plastics,10,41.5,2025-03-15,2025-04-02
