po_id,qty_received,received_date
PO00001,25,2025-07-31
PO00002,500,2025-09-16
PO00003,10,2025-11-03
PO00004,250,2025-03-26
PO00005,100,2026-01-08
PO00006,25,2025-12-24
PO00007,250,2025-04-28
PO00008,250,2026-02-23
PO00009,16,2025-07-01
PO00010,50,2025-10-30
PO00011,50,2025-04-24
PO00012,500,2025-03-27
PO00013,50,2025-04-29
PO00014,25,2025-06-14
PO00015,500,2025-05-22
PO00016,50,2025-05-16
PO00017,500,2025-09-23
PO00018,50,2025-03-09
PO00020,500,2025-12-29
PO00021,50,2025-09-27
PO00022,426,2025-05-14
PO00023,50,2025-10-06
PO00024,500,2025-12-06
PO00025,10,2025-06-24
PO00026,500,2025-08-18
PO00027,100,2025-05-01
PO00028,25,2025-09-06
PO00029,250,2025-09-05
PO00030,250,2025-09-13
PO00031,25,2025-04-05
PO00032,10,2025-05-17
PO00033,50,2025-09-05
PO00034,25,2025-06-27
PO00035,250,2025-10-24
PO00036,10,2025-06-03
PO00037,9,2025-09-14
PO00038,10,2025-06-20
PO00039,500,2025-06-19
PO00040,10,2025-12-12
PO00041,500,2025-12-01
PO00042,50,2025-11-12
PO00043,50,2025-12-01
PO00044,250,2025-09-12
PO00045,100,2025-05-20
PO00046,50,2025-08-03
PO00047,63,
PO00048,25,2025-06-22
PO00049,500,2025-08-29
PO00050,25,2025-04-30
PO00051,25,2025-08-08
PO00052,500,2025-09-17
PO00053,100,2025-04-17
PO00054,10,2025-06-16
PO00055,50,2025-11-19
PO00056,25,2025-06-18
PO00057,100,2025-06-10
PO00058,287,2025-05-28
PO00059,500,2025-10-26
PO00060,60,2025-09-01
PO00061,183,2025-02-24
PO00062,25,2025-11-16
PO00063,25,2025-08-04
PO00064,44,2025-05-31
PO00065,10,2025-04-27
PO00067,25,2026-02-12
PO00068,10,2025-12-10
PO00069,25,2025-09-12
PO00070,100,2025-07-04
PO00071,100,2025-04-26
PO00072,25,2025-11-24
PO00073,500,2025-12-18
PO00074,10,2025-10-10
PO00075,250,
PO00076,500,2025-09-19
PO00077,10,2025-09-13
PO00078,50,2025-03-17
PO00079,25,2025-03-31
PO00080,50,2025-09-12
PO00081,250,2025-06-22
PO00082,25,2025-08-13
PO00083,500,2025-03-12
PO00084,500,2025-04-20
PO00085,500,2025-02-03
PO00086,100,2025-04-09
PO00087,100,2025-07-17
PO00088,332,2025-09-16
PO00089,44,2025-11-06
PO00090,250,2025-05-16
PO00091,10,
PO00092,500,2025-11-20
PO00093,50,2025-02-22
PO00094,250,2026-01-10
PO00095,25,2025-12-05
PO00096,10,2025-11-17
PO00097,25,2025-04-20
PO00098,50,2025-02-15
PO00099,50,2025-10-21
PO00100,10,2025-02-18
PO00101,50,2025-11-20
PO00102,50,2025-09-25
PO00103,25,2025-08-29
PO00104,50,2025-12-18
PO00105,500,2025-07-22
PO00106,364,2025-08-23
PO00107,100,2025-06-10
PO00108,250,2025-11-30
PO00109,500,2025-07-25
PO00110,500,2025-03-06
PO00111,250,2025-11-12
PO00112,80,2025-12-21
PO00113,250,2026-01-16
PO00114,50,2025-07-15
PO00115,250,2026-01-11
PO00116,250,2025-08-16
PO00117,100,2026-02-05
PO00118,50,2025-07-06
PO00119,500,2025-12-05
PO00120,25,2026-01-04
PO00121,250,
PO00122,10,2025-07-05
PO00123,250,2025-12-20
PO00124,25,2025-07-22
PO00125,10,2025-09-26
PO00126,50,2025-07-30
PO00127,500,2025-07-29
PO00128,25,2025-08-04
PO00129,100,2025-12-06
PO00130,500,2025-08-14
PO00131,25,2025-04-27
PO00132,50,2025-12-31
PO00133,100,
PO00134,250,2025-05-21
PO00135,50,2025-08-02
PO00136,500,2025-09-13
PO00137,100,2025-11-06
PO00138,10,2025-09-05
PO00139,500,2025-07-02
PO00140,100,
PO00141,10,2025-06-19
PO00142,164,2025-10-11
PO00143,25,2026-01-15
PO00144,8,2025-08-07
PO00145,500,2025-12-12
PO00146,25,2026-01-01
PO00147,19,2025-02-28
PO00148,10,2025-12-10
PO00149,25,2025-09-28
PO00150,250,2025-04-16
PO00151,25,2025-12-27
PO00152,8,2026-01-28
PO00153,5,2025-04-22
PO00154,50,2025-09-05
PO00155,500,2025-04-16
PO00156,50,2026-01-24
PO00157,500,2025-07-02
PO00158,500,2025-11-29
PO00159,50,2025-10-29
PO00160,500,2025-09-08
PO00161,100,2025-12-27
PO00162,250,2025-03-17
PO00163,50,2025-02-18
PO00164,500,2025-04-09
PO00165,10,2025-03-23
PO00166,10,2025-10-19
PO00167,50,2025-10-07
PO00168,500,2025-07-30
PO00169,25,2025-09-04
PO00170,25,2025-04-28
PO00171,100,2025-06-27
PO00172,5,2025-06-04
PO00173,500,2025-08-26
PO00174,100,2025-09-25
PO00175,50,2025-07-05
PO00176,25,2025-08-06
PO00177,100,2025-11-23
PO00178,10,2025-07-15
PO00179,10,2025-11-11
PO00180,25,2025-11-01
PO00181,10,2025-05-18
PO00182,500,2025-03-13
PO00183,250,2025-08-15
PO00184,25,2025-06-13
PO00185,100,2025-06-22
PO00186,100,2025-09-07
PO00187,50,2025-09-24
PO00188,250,2025-06-12
PO00189,100,2025-03-01
PO00190,500,2025-04-30
PO00191,219,2025-02-25
PO00192,500,2025-06-15
PO00193,250,2025-10-16
PO00195,250,2025-12-22
PO00196,500,2025-03-05
PO00197,50,2025-11-05
PO00198,25,2025-08-15
PO00199,250,2025-05-04
PO00200,100,2025-10-13
PO00201,100,2025-10-06
PO00202,250,2025-04-25
PO00203,100,2025-02-06
PO00204,10,2025-08-01
PO00205,10,2025-09-21
PO00206,100,2025-09-06
PO00207,50,2025-04-22
PO00208,100,2026-01-24
PO00209,500,2025-03-04
PO00210,100,2025-12-08
PO00211,10,2025-04-20
PO00212,23,2025-07-21
PO00213,500,2025-12-24
PO00214,100,2025-08-08
PO00215,100,2025-02-05
PO00216,10,2025-09-02
PO00217,10,2025-05-13
PO00218,10,2025-04-29
PO00219,100,2025-05-12
PO00220,100,2025-09-05
PO00221,250,2025-05-12
PO00222,50,2025-06-18
PO00223,500,2025-09-27
PO00224,10,2025-10-18
PO00225,10,2026-02-11
PO00226,500,2025-10-12
PO00227,250,2025-12-29
PO00228,250,2025-10-30
PO00229,500,2025-06-05
PO00230,250,2025-09-18
PO00231,10,2025-10-10
PO00232,500,2025-07-11
PO00233,10,2025-06-11
PO00234,348,2025-04-01
PO00235,250,2025-11-19
PO00236,25,2025-07-23
PO00237,25,2025-03-19
PO00238,10,2025-01-10
PO00239,250,2025-10-07
PO00240,50,2025-08-15
PO00241,25,2025-06-04
PO00242,50,2025-05-18
PO00243,161,2025-08-02
PO00244,100,2025-06-20
PO00245,50,2025-08-20
PO00246,250,2025-03-04
PO00247,500,2025-09-22
PO00248,250,2025-09-16
PO00249,250,2025-11-13
PO00250,250,2026-01-04
PO00251,500,2025-10-28
PO00252,250,2025-04-26
PO00253,50,2025-06-16
PO00254,50,2025-02-11
PO00255,25,2025-11-10
PO00256,500,2026-01-19
PO00257,25,2025-06-02
PO00258,50,2025-05-31
PO00259,100,2025-11-12
PO00260,250,2025-02-18
PO00261,100,2025-11-24
PO00262,25,2025-11-02
PO00263,25,2025-08-07
PO00264,25,2025-03-01
PO00265,100,2025-12-02
PO00266,250,2025-02-11
PO00267,10,2025-09-21
PO00268,500,2025-07-08
PO00269,250,2025-08-06
PO00270,10,2025-03-30
PO00271,25,2026-02-18
PO00272,100,2025-07-17
PO00273,100,2025-09-24
PO00274,10,2025-10-09
PO00275,250,2025-03-20
PO00276,10,2025-04-21
PO00277,50,2025-05-10
PO00278,10,2025-09-07
PO00279,100,2025-03-29
PO00280,25,2025-09-16
PO00281,100,2025-03-29
PO00282,25,2025-11-28
PO00283,10,2025-11-07
PO00284,250,2025-12-07
PO00285,250,2025-11-12
PO00286,100,2025-04-01
PO00287,149,2025-09-20
PO00288,250,2025-07-14
PO00289,25,2025-06-10
PO00290,500,2026-01-30
PO00291,250,2025-11-17
PO00292,25,2025-09-22
PO00293,50,2025-03-09
PO00294,10,2025-10-21
PO00295,500,2025-03-09
PO00296,25,2025-02-05
PO00297,50,2025-02-14
PO00298,5,2025-10-09
PO00299,500,2025-12-21
PO00300,10,2025-09-05
PO00301,500,2025-08-28
PO00302,500,2025-07-10
PO00303,10,2025-11-11
PO00304,25,2025-07-18
PO00305,25,2025-02-25
PO00306,100,2025-03-22
PO00307,500,2025-06-15
PO00308,250,2025-02-02
PO00309,250,2025-05-28
PO00310,500,2025-12-04
PO00311,22,2025-04-02
PO00312,100,2025-09-27
PO00313,10,2025-12-01
PO00314,100,2025-03-21
PO00315,500,2025-08-19
PO00316,50,2025-12-18
PO00317,250,2025-05-09
PO00318,25,2025-10-28
PO00319,50,2025-11-08
PO00320,45,2025-04-25
PO00321,50,
PO00322,10,2025-11-17
PO00323,25,2025-03-30
PO00324,250,2025-07-21
PO00325,10,2026-02-23
PO00326,500,2025-11-21
PO00327,10,2026-02-13
PO00328,50,2025-03-08
PO00329,50,2025-10-28
PO00330,10,2025-03-05
PO00331,10,2025-11-27
PO00332,25,2025-11-22
PO00333,500,2025-10-21
PO00334,10,2025-07-26
PO00335,25,2026-01-07
PO00336,6,2026-01-10
PO00337,50,2025-10-21
PO00338,250,2025-05-14
PO00339,25,2025-09-18
PO00340,250,2025-04-22
PO00341,100,2025-04-02
PO00342,10,2025-02-23
PO00343,250,2025-12-11
PO00344,250,2025-03-04
PO00345,90,2025-03-01
PO00346,25,2025-02-02
PO00347,100,2025-12-30
PO00348,500,2025-08-12
PO00349,250,2025-04-03
PO00350,10,2025-06-11
PO00351,500,2025-03-25
PO00352,50,2025-08-05
PO00353,25,2025-06-12
PO00355,50,2026-01-08
PO00356,50,2026-01-15
PO00357,500,2025-11-08
PO00358,50,2025-12-10
PO00360,50,2025-08-24
PO00361,500,2025-10-08
PO00362,20,2025-07-18
PO00363,10,2025-05-03
PO00364,100,2025-02-14
PO00365,100,2025-10-08
PO00366,25,2025-07-18
PO00367,10,2025-10-04
PO00368,250,2025-08-30
PO00369,50,2025-10-07
PO00370,10,2025-07-21
PO00371,250,2025-10-03
PO00372,100,2025-02-25
PO00373,500,2025-01-31
PO00374,8,2026-02-04
PO00375,50,2025-09-21
PO00376,500,2025-11-22
PO00377,50,2026-01-14
PO00378,10,2026-01-15
PO00379,500,2025-03-12
PO00380,50,2025-08-19
PO00381,500,2026-01-14
PO00382,25,2025-03-10
PO00383,25,2025-03-14
PO00384,500,2025-08-30
PO00385,89,2025-09-14
PO00386,500,2025-11-11
PO00387,100,2026-01-14
PO00388,10,2025-01-26
PO00389,25,2025-07-11
PO00390,100,2025-10-29
PO00391,100,2025-09-16
PO00392,25,2025-12-19
PO00393,250,2025-11-21
PO00394,500,2025-06-07
PO00395,100,2025-03-04
PO00396,50,2025-04-04
PO00397,500,2025-11-19
PO00398,67,2025-10-03
PO00399,50,2025-10-26
PO00400,100,2025-03-21
PO00401,500,2025-10-20
PO00402,500,2025-05-18
PO00403,500,2026-02-05
PO00404,10,2025-02-27
PO00405,50,2025-04-01
PO00406,250,2025-06-13
PO00408,250,2025-08-25
PO00409,25,2025-04-16
PO00410,10,2025-08-25
PO00411,25,2025-08-05
PO00412,10,2026-01-15
PO00413,100,2025-03-08
PO00415,100,2025-06-17
PO00416,50,2025-10-14
PO00417,50,2025-12-18
PO00418,500,2025-02-25
PO00419,266,2025-09-03
PO00420,250,2025-03-27
PO00421,100,2025-12-18
PO00422,50,2025-09-20
PO00423,500,2025-02-02
PO00424,25,2025-06-12
PO00425,250,2025-04-30
PO00426,500,
PO00427,10,2025-04-12
PO00428,10,2025-05-16
PO00429,50,2025-12-19
PO00430,250,2025-11-22
PO00431,500,2025-08-19
PO00432,50,2025-09-16
PO00434,10,2025-11-11
PO00435,500,2025-04-09
PO00436,10,2025-08-13
PO00437,25,2025-05-19
PO00438,25,2025-09-19
PO00439,100,2025-08-28
PO00440,50,2025-10-31
PO00441,50,2025-07-22
PO00442,250,2025-04-19
PO00443,500,2025-03-09
PO00444,25,2026-01-04
PO00445,250,2025-04-06
PO00446,500,2026-01-21
PO00447,100,2025-12-24
PO00448,50,2025-08-27
PO00449,100,2025-04-16
PO00450,100,2025-12-17
PO00451,500,2025-10-09
PO00452,10,2025-08-11
PO00453,25,2025-01-17
PO00454,50,2025-09-02
PO00455,250,2025-06-30
PO00456,250,2025-09-17
PO00457,500,2025-06-12
PO00458,500,2026-01-03
PO00459,100,2025-03-04
PO00460,500,2025-10-09
PO00461,250,2025-07-04
PO00462,25,2026-01-17
PO00463,250,2025-02-14
PO00464,50,2025-06-29
PO00465,10,2025-11-01
PO00466,500,2025-09-21
PO00467,10,2025-09-22
PO00468,50,2025-10-11
PO00469,250,2025-04-11
PO00470,500,2025-05-17
PO00471,25,2025-04-03
PO00472,100,2025-07-31
PO00473,100,2025-05-14
PO00474,100,2026-01-08
PO00475,25,2025-08-28
PO00476,250,2025-07-05
PO00477,100,2025-04-17
PO00478,100,2025-04-28
PO00479,250,2025-07-30
PO00480,50,2025-10-16
PO00481,10,2025-08-05
PO00482,50,2025-07-21
PO00483,500,2025-03-24
PO00484,25,2025-07-05
PO00485,50,2025-11-14
PO00486,500,2025-02-18
PO00487,10,2025-03-12
PO00489,50,2025-10-19
PO00490,25,2025-11-08
PO00491,50,2025-09-23
PO00493,100,2025-06-21
PO00494,250,2025-09-17
PO00495,500,2025-05-16
PO00496,50,2025-08-05
PO00497,250,2025-09-19
PO00498,100,2025-02-22
PO00499,100,2026-01-16
PO00500,25,2025-05-31
PO00501,500,2025-02-09
PO00502,50,2025-05-10
PO00503,42,2025-02-06
PO00504,100,2025-06-12
PO00505,25,2025-10-01
PO00506,10,2025-03-16
PO00507,25,2025-01-28
PO00508,500,
PO00509,19,2025-03-16
PO00510,25,2025-01-26
PO00511,25,2025-10-15
PO00512,250,2025-12-12
PO00513,250,2025-12-08
PO00514,500,2025-03-11
PO00515,500,2025-08-12
PO00516,10,2025-05-03
PO00517,250,2026-01-05
PO00518,100,2026-01-03
PO00519,250,2025-12-20
PO00520,500,2025-08-02
PO00521,100,2025-01-22
PO00522,25,2025-06-07
PO00523,250,2025-11-07
PO00524,50,2025-07-16
PO00525,500,2026-02-21
PO00526,50,2025-08-10
PO00527,10,2026-01-04
PO00528,500,2025-05-04
PO00529,100,2025-06-09
PO00530,10,2025-08-08
PO00531,250,2025-05-02
PO00532,6,2026-01-16
PO00533,100,2025-11-24
PO00534,10,2025-02-05
PO00535,50,2025-05-07
PO00536,500,2026-01-24
PO00538,50,2025-12-20
PO00539,100,2025-10-06
PO00540,250,2026-01-19
PO00541,500,2025-08-16
PO00542,10,2025-10-20
PO00543,500,2025-11-28
PO00544,100,2025-11-14
PO00545,500,2025-10-02
PO00546,10,2025-11-29
PO00547,50,2025-09-03
PO00548,25,2025-01-26
PO00549,10,2025-08-09
PO00550,100,2025-10-16
PO00551,500,2025-05-20
PO00552,25,2025-08-17
PO00553,250,2025-10-11
PO00554,250,2025-11-19
PO00555,100,2025-08-26
PO00556,250,2025-04-30
PO00557,25,2025-07-30
PO00558,50,2025-07-07
PO00559,500,2025-07-14
PO00560,10,2025-04-16
PO00561,100,2025-06-17
PO00562,250,2025-06-12
PO00563,500,2025-10-04
PO00564,190,2025-05-22
PO00565,50,2025-03-26
PO00566,250,2025-10-24
PO00567,100,2025-10-25
PO00568,25,2025-12-17
PO00569,500,2025-06-06
PO00570,250,2025-10-29
PO00571,10,2025-03-08
PO00573,50,2025-06-15
PO00574,100,2025-10-28
PO00575,10,2025-12-18
PO00576,10,2025-10-21
PO00577,25,2025-06-04
PO00578,250,2025-03-17
PO00579,25,2025-07-20
PO00580,25,2025-04-05
PO00581,250,2025-06-29
PO00583,210,2025-04-03
PO00584,50,2025-05-30
PO00585,10,2025-02-27
PO00586,50,2025-12-08
PO00587,500,2025-03-11
PO00588,500,2025-10-05
PO00589,100,2025-11-02
PO00590,100,2025-09-07
PO00591,500,2025-08-05
PO00592,50,2025-07-20
PO00593,50,2025-11-14
PO00594,50,2025-05-04
PO00595,25,2025-12-14
PO00596,10,2025-08-23
PO00597,100,2025-12-15
PO00598,25,2026-01-21
PO00599,250,2025-12-23
PO00600,100,2025-04-19
PO00601,50,2025-01-25
PO00602,25,2025-12-22
PO00603,25,2025-02-22
PO00604,25,2026-01-15
PO00605,181,2025-09-22
PO00606,500,2025-09-19
PO00607,10,2025-11-04
PO00608,250,2025-02-20
PO00609,352,2025-10-14
PO00610,500,2025-07-08
PO00611,50,2025-11-28
PO00612,50,2025-10-13
PO00613,10,2025-03-09
PO00614,25,2025-09-11
PO00615,100,2025-09-01
PO00616,50,2025-04-16
PO00617,100,2026-01-12
PO00618,500,2025-02-01
PO00619,50,2025-05-25
PO00620,250,2025-04-17
PO00621,100,2025-03-05
PO00622,10,2025-03-18
PO00623,250,2025-03-17
PO00624,100,2025-12-12
PO00625,50,2025-06-28
PO00626,25,2025-08-22
PO00627,100,2025-06-09
PO00628,50,2025-09-21
PO00629,500,2025-06-26
PO00630,10,2025-10-12
PO00631,500,2025-06-12
PO00632,100,2025-06-08
PO00633,255,2026-01-07
PO00634,100,2025-08-27
PO00635,50,2025-03-14
PO00636,250,2025-04-09
PO00637,10,2025-05-22
PO00638,250,2025-04-06
PO00639,25,2025-09-12
PO00640,25,2025-07-23
PO00641,100,2025-04-07
PO00643,500,2026-01-18
PO00644,250,2025-10-02
PO00645,500,2025-07-09
PO00646,250,2025-10-25
PO00647,100,2025-05-17
PO00648,100,2025-01-31
PO00649,25,2025-08-29
PO00650,25,2025-03-10
PO00651,25,2025-11-28
PO00652,50,2025-03-12
PO00653,50,2025-06-13
PO00654,25,2025-03-22
PO00655,500,2025-08-17
PO00656,10,2025-09-29
PO00658,25,2025-03-14
PO00659,250,2025-11-05
PO00660,100,2026-01-08
PO00661,50,2026-01-17
PO00662,500,2025-08-27
PO00663,10,2025-11-02
PO00664,250,2026-01-02
PO00665,10,2025-02-16
PO00666,100,2025-12-01
PO00667,100,2025-04-12
PO00668,250,2026-01-04
PO00669,10,2025-06-08
PO00670,500,2025-06-28
PO00671,25,2025-06-29
PO00672,25,2026-02-20
PO00673,25,2025-04-18
PO00674,500,2025-06-18
PO00675,100,2025-05-03
PO00676,50,2025-10-18
PO00677,50,2025-12-29
PO00678,25,2025-09-01
PO00679,10,2025-02-17
PO00680,250,2025-11-26
PO00681,50,2025-01-25
PO00682,50,2025-04-11
PO00683,25,2025-06-13
PO00684,10,2025-08-15
PO00685,25,2025-09-01
PO00686,100,2025-05-17
PO00687,50,
PO00688,500,2025-07-18
PO00689,250,2025-10-31
PO00690,25,2025-03-21
PO00691,25,2025-11-30
PO00692,36,2026-02-01
PO00693,100,2025-08-07
PO00694,500,2025-10-14
PO00695,10,2025-09-14
PO00696,500,2025-06-17
PO00697,25,2025-03-28
PO00698,6,2025-03-01
PO00699,5,2025-04-18
PO00700,250,2025-07-07
PO00701,10,2025-10-11
PO00702,100,2025-07-24
PO00703,25,2025-10-05
PO00704,50,2026-01-16
PO00705,50,2026-01-24
PO00706,500,2025-07-16
PO00707,10,2025-05-03
PO00708,25,2025-07-02
PO00709,500,2025-11-02
PO00710,250,2025-06-09
PO00712,250,2026-01-29
PO00713,25,2025-06-19
PO00714,5,
PO00715,40,2026-02-13
PO00716,500,2025-11-25
PO00717,500,2025-07-23
PO00718,10,2025-11-24
PO00719,25,2026-01-02
PO00720,10,2025-09-13
PO00721,50,2025-08-20
PO00722,250,2025-12-18
PO00723,25,2025-06-06
PO00724,10,2025-11-08
PO00725,50,2025-09-25
PO00726,500,2025-10-26
PO00727,50,2025-12-01
PO00728,25,2025-08-20
PO00729,25,2025-08-13
PO00730,25,2025-01-27
PO00731,25,2025-07-07
PO00732,100,2025-02-25
PO00733,500,2025-12-18
PO00734,250,2025-12-26
PO00735,50,2025-07-28
PO00736,25,2025-06-17
PO00737,250,2025-08-14
PO00738,500,2025-11-12
PO00739,250,2025-08-23
PO00740,10,2025-08-08
PO00741,500,2025-07-28
PO00742,500,2025-08-17
PO00743,50,2025-08-24
PO00745,50,2025-07-18
PO00746,500,2025-09-19
PO00747,50,2025-05-20
PO00748,10,2025-11-18
PO00749,100,2025-12-31
PO00750,250,2025-09-26
PO00751,50,2025-10-15
PO00752,100,2025-05-19
PO00753,250,
PO00754,100,2026-02-09
PO00755,250,2026-01-04
PO00756,500,2025-07-15
PO00757,25,2025-02-22
PO00758,500,2025-07-25
PO00759,100,2025-04-13
PO00760,10,2025-05-23
PO00761,10,2025-08-26
PO00762,50,2025-04-09
PO00763,21,2025-12-10
PO00764,50,2025-03-01
PO00765,10,2025-02-23
PO00766,10,2026-01-19
PO00767,10,
PO00768,25,
PO00769,500,2025-03-27
PO00770,10,2025-07-18
PO00771,100,2025-07-16
PO00772,500,2026-02-05
PO00773,100,2025-06-18
PO00774,10,2025-03-11
PO00775,50,2025-11-06
PO00776,10,2025-08-19
PO00777,25,2025-04-29
PO00778,10,2025-02-24
PO00779,250,2025-12-02
PO00780,25,2025-04-14
PO00781,100,2026-01-03
PO00783,25,2025-05-13
PO00784,100,2025-11-10
PO00786,250,2025-03-09
PO00787,500,2025-08-21
PO00788,50,2025-12-12
PO00789,500,2025-07-22
PO00790,100,2025-03-19
PO00791,250,2025-03-04
PO00792,10,2025-07-10
PO00793,10,2025-10-24
PO00794,54,2025-04-10
PO00795,25,2025-08-22
PO00796,43,2025-08-09
PO00797,50,2025-10-06
PO00798,250,2025-09-22
PO00799,50,2025-02-06
PO00800,25,2025-08-23
PO00801,500,2025-11-12
PO00802,50,2025-01-11
PO00803,250,2025-12-21
PO00804,10,2025-10-09
PO00805,250,2025-11-20
PO00806,50,2025-09-09
PO00808,500,2025-11-05
PO00809,500,2025-10-27
PO00810,50,2025-09-29
PO00811,100,2025-03-02
PO00812,500,2025-09-14
PO00813,25,2025-10-26
PO00814,500,2025-04-12
PO00815,50,2025-01-30
PO00816,250,2025-09-20
PO00817,250,2025-08-12
PO00818,413,2025-11-24
PO00819,500,2025-12-08
PO00820,500,
PO00821,10,2025-05-27
PO00823,500,2025-11-29
PO00824,100,2025-05-19
PO00825,25,2025-05-21
PO00826,10,2025-02-08
PO00827,25,2025-05-15
PO00828,74,2025-11-24
PO00829,10,2025-06-15
PO00830,25,2025-05-01
PO00831,9,2025-01-23
PO00832,250,2025-05-31
PO00833,25,2025-10-06
PO00834,25,2025-11-16
PO00835,50,2025-05-15
PO00836,10,2025-12-27
PO00837,100,2025-11-03
PO00838,100,2025-11-17
PO00839,100,2025-01-17
PO00840,50,2025-05-31
PO00841,10,2025-05-18
PO00842,500,2025-11-07
PO00843,25,2025-09-30
PO00844,50,2026-01-06
PO00845,100,2025-06-01
PO00846,50,
PO00847,500,2025-08-12
PO00848,100,2025-08-20
PO00849,50,2025-02-14
PO00850,100,2025-11-04
PO00851,10,2025-08-23
PO00852,100,2025-03-01
PO00853,250,2025-12-01
PO00854,10,2025-02-10
PO00855,50,2025-08-22
PO00856,100,2025-09-29
PO00857,50,2025-06-09
PO00858,100,2025-07-13
PO00859,100,2025-11-11
PO00860,100,2025-03-14
PO00861,500,
PO00862,10,2025-04-28
PO00863,25,2025-05-21
PO00864,10,2025-12-20
PO00865,50,2026-01-11
PO00866,25,2025-03-18
PO00867,8,2025-12-27
PO00868,250,2025-10-29
PO00869,500,2025-10-07
PO00870,100,2025-05-31
PO00871,100,2025-05-11
PO00872,100,2025-10-05
PO00873,45,2025-09-27
PO00874,250,2025-10-12
PO00875,50,2025-05-03
PO00876,500,2025-11-12
PO00877,500,2025-01-22
PO00878,25,2025-09-08
PO00879,25,2025-08-19
PO00880,25,2025-07-24
PO00882,25,2025-08-05
PO00883,10,2025-11-06
PO00884,500,2025-11-26
PO00885,25,2025-05-16
PO00886,25,2025-03-15
PO00887,50,2025-09-29
PO00888,500,2025-09-09
PO00889,50,2025-12-06
PO00890,500,2026-01-18
PO00891,100,
PO00892,50,2025-12-26
PO00893,250,2025-03-23
PO00894,10,2025-09-30
PO00895,10,2025-02-13
PO00896,250,2025-12-13
PO00897,6,2025-05-14
PO00898,25,2025-05-11
PO00899,334,2025-12-21
PO00901,25,2026-02-01
PO00902,10,2025-07-05
PO00903,10,2025-08-04
PO00904,50,2025-12-10
PO00905,250,2025-11-01
PO00906,50,2025-04-10
PO00907,100,2025-08-24
PO00908,10,
PO00909,100,2025-05-21
PO00910,500,2025-01-28
PO00911,50,2025-05-11
PO00913,25,2025-02-13
PO00914,250,2025-03-16
PO00915,50,2025-12-03
PO00916,100,2025-09-29
PO00917,50,2025-11-12
PO00918,221,2025-09-19
PO00919,50,2025-09-19
PO00920,10,2025-09-15
PO00921,500,2025-07-14
PO00922,25,2025-09-22
PO00923,84,2025-12-25
PO00924,69,2025-09-06
PO00925,250,2025-10-08
PO00926,500,2025-11-03
PO00927,10,2025-04-07
PO00928,100,2025-04-06
PO00929,25,2025-04-24
PO00930,500,2025-11-30
PO00931,250,2025-05-08
PO00932,10,2025-04-08
PO00933,50,2025-11-25
PO00934,100,2025-12-29
PO00935,250,2025-04-20
PO00936,250,2025-09-20
PO00937,500,2025-08-21
PO00938,500,2025-03-11
PO00939,10,2025-03-16
PO00940,100,2025-12-28
PO00941,25,2025-06-24
PO00942,379,2025-04-29
PO00943,500,2025-08-02
PO00944,25,2025-06-01
PO00945,50,2025-03-15
PO00946,100,2025-07-17
PO00947,100,2025-02-09
PO00948,250,2025-06-22
PO00949,50,2026-01-04
PO00950,500,2025-05-02
PO00952,100,2025-12-28
PO00953,500,2025-10-17
PO00954,100,2025-12-09
PO00955,500,2025-12-10
PO00956,365,2025-04-12
PO00957,100,2025-03-26
PO00958,500,2025-08-16
PO00959,50,2026-01-03
PO00960,10,2025-11-28
PO00961,500,2025-09-02
PO00962,500,2025-03-02
PO00963,500,2026-01-04
PO00964,250,2025-10-03
PO00965,10,2025-02-22
PO00966,25,2025-07-19
PO00967,500,2025-07-19
PO00968,16,2025-03-05
PO00969,250,2025-09-21
PO00970,100,2025-12-29
PO00971,50,2025-11-21
PO00972,7,2025-11-25
PO00974,100,2025-03-11
PO00975,50,2026-01-02
PO00976,25,2025-12-31
PO00977,25,2025-12-20
PO00978,25,2025-12-23
PO00979,250,2025-05-06
PO00980,10,2025-06-21
PO00981,500,2025-11-05
PO00982,100,2025-01-18
PO00983,500,2025-12-16
PO00984,500,2025-10-14
PO00985,100,2025-04-13
PO00986,50,2025-09-17
PO00987,10,2025-10-09
PO00988,10,2025-07-06
PO00989,25,2025-08-21
PO00990,50,2025-08-18
PO00991,500,2025-09-26
PO00992,500,2025-07-06
PO00993,100,2025-10-20
PO00994,10,2025-03-11
PO00995,56,2025-12-25
PO00996,25,2025-06-11
PO00997,10,2026-01-15
PO00998,100,2025-01-28
PO00999,100,2025-11-10
PO01000,10,2025-06-24
PO01001,10,2025-02-16
PO01002,50,2025-09-23
PO01003,50,2025-08-21
PO01004,10,2025-03-27
PO01005,10,2025-10-25
PO01006,100,2025-11-28
PO01007,500,2025-03-23
PO01008,25,2025-06-08
PO01009,250,2025-10-10
PO01010,25,2025-05-10
PO01011,500,2025-10-15
PO01012,25,2025-07-13
PO01013,25,2025-11-16
PO01014,329,2025-03-27
PO01015,25,2025-05-21
PO01016,50,2025-12-02
PO01017,58,2025-05-05
PO01018,25,2025-12-04
PO01019,184,2025-04-26
PO01020,10,2025-11-10
PO01021,25,2025-03-27
PO01022,500,2025-02-21
PO01023,25,2025-02-15
PO01025,25,2025-07-17
PO01026,25,2025-03-06
PO01027,250,2025-04-01
PO01028,250,2025-07-15
PO01029,10,2025-03-26
PO01030,10,
PO01031,50,2025-09-30
PO01032,100,2025-09-20
PO01033,94,2025-11-11
PO01034,250,2025-10-15
PO01035,100,2025-05-03
PO01036,25,2025-04-14
PO01037,10,2026-01-24
PO01038,10,2025-11-24
PO01039,100,2025-08-04
PO01040,250,2025-05-18
PO01041,250,2025-09-21
PO01042,25,2025-09-14
PO01043,100,2025-09-16
PO01044,10,2025-03-28
PO01045,25,2025-11-11
PO01046,250,2025-10-22
PO01047,50,2025-09-06
PO01048,100,2025-09-27
PO01049,25,2025-05-06
PO01050,25,2025-05-11
PO01051,25,2025-06-30
PO01052,22,2025-11-26
PO01053,100,2025-03-07
PO01054,25,2026-01-09
PO01055,250,2025-10-27
PO01056,250,2025-06-19
PO01057,500,2025-03-14
PO01058,250,2025-08-19
PO01059,10,2025-03-05
PO01060,50,2025-07-05
PO01061,100,2025-04-06
PO01062,100,2025-05-02
PO01063,25,2025-03-26
PO01064,25,2025-03-15
PO01065,100,2025-10-18
PO01066,250,2025-05-27
PO01067,500,2025-06-20
PO01068,50,2025-11-08
PO01069,10,2025-05-28
PO01070,500,2025-11-27
PO01071,100,2025-12-11
PO01072,25,2025-09-03
PO01073,500,2025-09-25
PO01074,500,2025-01-21
PO01075,250,2025-02-06
PO01076,50,2025-09-17
PO01077,45,2025-06-23
PO01078,10,2025-05-07
PO01079,25,2025-11-16
PO01080,100,2025-05-18
PO01081,69,2026-01-03
PO01082,207,2025-05-03
PO01083,500,2025-07-21
PO01084,50,2025-12-18
PO01085,100,2025-11-18
PO01086,10,2025-10-27
PO01087,100,2025-04-04
PO01090,25,2025-05-10
PO01091,50,2025-05-30
PO01092,250,2025-08-15
PO01093,250,2025-07-17
PO01094,50,2025-11-22
PO01095,25,2025-01-30
PO01096,100,2025-02-03
PO01097,37,2025-04-29
PO01098,250,2025-02-10
PO01099,180,2026-01-12
PO01100,50,2025-04-18
PO01101,79,2025-07-04
PO01102,10,2025-08-17
PO01103,50,2026-02-04
PO01104,25,2025-02-07
PO01106,50,2025-01-30
PO01107,500,2025-04-14
PO01108,100,2025-12-28
PO01109,25,2025-02-26
PO01110,25,2026-02-04
PO01111,100,2025-03-13
PO01112,100,2025-12-08
PO01113,250,2025-05-02
PO01114,10,2025-04-21
PO01115,500,2025-11-11
PO01116,100,2025-10-02
PO01117,26,2025-04-24
PO01118,25,2025-04-02
PO01119,500,2025-09-05
PO01121,500,2026-01-01
PO01122,50,2025-10-13
PO01124,10,2025-02-27
PO01125,10,2025-04-13
PO01126,50,2025-08-21
PO01128,500,2025-04-02
PO01129,25,2025-07-23
PO01130,36,2026-01-02
PO01131,10,2025-08-19
PO01132,25,2025-09-17
PO01133,32,2025-01-17
PO01134,50,
PO01135,50,2025-03-23
PO01136,500,2025-12-02
PO01137,100,2026-01-30
PO01138,50,2025-03-19
PO01139,25,2025-10-16
PO01140,100,2025-09-16
PO01141,250,2025-10-03
PO01142,100,2025-11-11
PO01143,100,2025-12-30
PO01144,250,2025-03-25
PO01145,500,2025-02-26
PO01146,25,2025-05-06
PO01147,25,2025-10-29
PO01148,17,2025-05-02
PO01149,10,2025-11-08
PO01151,500,2025-12-07
PO01152,50,2025-01-14
PO01153,250,2025-02-23
PO01154,500,2025-07-24
PO01155,250,2026-02-12
PO01157,25,2025-02-26
PO01158,10,2025-04-09
PO01159,100,
PO01160,250,2025-11-29
PO01161,25,2025-03-03
PO01162,100,2025-10-30
PO01163,25,2025-05-08
PO01164,100,2025-11-29
PO01165,250,2025-11-08
PO01166,10,2025-11-20
PO01167,10,2025-11-18
PO01168,10,2025-03-25
PO01169,250,2025-11-26
PO01170,250,2025-10-08
PO01171,100,2025-06-15
PO01172,500,2025-01-29
PO01173,10,2025-09-01
PO01174,25,2025-04-05
PO01175,25,2025-03-14
PO01176,25,2025-12-10
PO01177,500,2025-07-21
PO01178,25,2025-10-08
PO01179,50,2025-03-18
PO01180,438,
PO01181,168,2025-07-25
PO01182,25,2025-05-08
PO01183,250,2025-07-03
PO01184,100,2025-08-12
PO01185,250,2025-10-11
PO01186,25,2025-01-14
PO01187,10,2025-12-22
PO01188,250,2025-12-16
PO01189,500,2025-10-21
PO01190,25,2025-05-22
PO01191,8,2025-06-07
PO01192,50,2025-06-28
PO01193,10,2025-09-26
PO01195,50,2025-09-03
PO01196,25,2025-12-16
PO01197,50,2025-05-27
PO01198,25,2025-10-28
PO01199,250,2025-09-17
PO01200,25,2025-08-12
PO01201,10,2025-07-17
PO01202,154,2025-03-25
PO01203,50,2025-03-11
PO01204,100,2025-02-15
PO01205,100,2025-03-04
PO01206,100,2026-01-01
PO01207,10,2025-07-11
PO01208,25,2025-04-25
PO01209,500,2025-09-01
PO01210,100,2025-07-31
PO01211,50,2025-04-14
PO01212,50,2025-03-30
PO01213,250,2025-03-02
PO01214,250,2025-03-08
PO01215,50,2025-10-30
PO01216,100,
PO01217,500,2025-05-03
PO01218,10,2026-02-10
PO01219,250,2025-12-19
PO01220,25,2025-06-21
PO01221,500,2025-04-29
PO01222,250,2025-07-23
PO01223,50,2025-12-16
PO01224,50,2025-09-05
PO01225,50,2026-02-08
PO01226,50,2025-11-03
PO01227,100,2025-08-25
PO01228,100,2025-09-15
PO01230,500,2025-07-12
PO01231,250,2025-08-26
PO01232,10,2025-01-28
PO01233,50,2025-03-02
PO01234,83,2025-03-29
PO01235,25,2025-03-11
PO01236,500,2025-01-31
PO01237,25,2025-08-15
PO01238,100,2025-07-31
PO01239,50,2025-10-10
PO01240,100,2025-12-19
PO01241,100,2025-06-12
PO01242,50,2026-01-06
PO01243,500,2025-09-12
PO01244,25,2025-01-18
PO01245,13,2025-12-05
PO01246,500,2025-05-29
PO01247,250,2025-08-25
PO01248,203,2025-10-16
PO01249,10,2025-11-09
PO01250,50,2025-12-08
PO01251,100,2025-06-19
PO01252,50,2025-10-24
PO01253,50,
PO01254,25,2025-04-30
PO01255,100,2025-07-04
PO01256,50,2025-10-13
PO01257,25,2025-08-22
PO01258,18,2025-02-28
PO01259,31,2025-05-07
PO01260,50,2025-09-25
PO01261,50,2025-05-31
PO01262,100,2025-05-13
PO01263,500,2025-04-16
PO01264,250,2025-05-30
PO01266,100,2026-01-25
PO01267,10,2025-07-12
PO01268,50,2025-12-09
PO01269,500,2025-02-23
PO01270,10,2025-05-15
PO01271,100,2026-01-05
PO01272,50,2025-06-19
PO01273,500,2026-01-07
PO01274,50,2025-12-07
PO01275,10,2025-09-25
PO01276,81,2025-05-01
PO01277,10,2025-05-06
PO01278,250,2025-05-26
PO01279,25,2025-05-27
PO01280,250,2025-04-02
PO01281,250,2026-02-09
PO01282,50,2025-04-26
PO01283,50,2025-04-03
PO01284,100,2025-04-04
PO01285,500,2025-05-20
PO01286,500,2025-08-16
PO01287,25,2025-06-07
PO01288,25,2025-03-20
PO01289,50,2025-06-26
PO01290,64,2025-03-04
PO01291,100,2026-01-25
PO01292,500,2025-12-09
PO01293,50,2025-03-09
PO01294,500,2025-12-15
PO01295,100,2025-10-08
PO01296,50,2025-05-17
PO01297,10,2025-10-07
PO01298,50,2025-07-18
PO01299,50,
PO01300,500,2025-06-14
PO01301,10,2025-04-21
PO01302,250,2025-10-18
PO01303,250,2025-09-09
PO01304,32,2025-06-30
PO01305,50,2026-01-12
PO01306,50,2025-07-16
PO01307,100,2025-06-26
PO01308,25,2025-10-11
PO01309,250,2025-08-06
PO01310,250,2025-04-14
PO01311,25,2025-05-01
PO01312,50,2025-07-02
PO01313,250,2025-10-10
PO01314,100,2025-07-18
PO01315,500,2025-08-21
PO01316,250,2025-11-07
PO01317,45,2025-03-01
PO01318,500,2025-05-22
PO01319,250,2025-10-08
PO01320,10,2025-11-24
PO01321,10,2026-02-06
PO01323,10,2025-06-16
PO01324,500,2025-09-02
PO01325,25,2025-07-18
PO01326,10,2025-10-08
PO01327,500,2025-05-21
PO01328,50,2025-06-08
PO01329,500,2025-12-29
PO01330,50,2025-04-24
PO01331,25,2025-07-17
PO01332,25,2025-10-18
PO01333,25,2025-03-28
PO01334,10,2025-10-31
PO01335,10,2025-05-26
PO01336,25,2025-06-15
PO01337,25,2025-01-31
PO01338,250,2025-06-17
PO01339,500,2025-04-01
PO01340,250,2025-01-25
PO01341,100,2025-02-19
PO01342,500,2025-06-25
PO01343,25,2025-09-27
PO01344,50,2025-03-08
PO01345,25,2025-05-01
PO01346,250,2026-01-16
PO01347,250,2025-10-18
PO01348,25,2025-06-14
PO01349,81,2025-02-15
PO01350,500,2025-06-17
PO01351,250,2025-10-19
PO01352,100,2025-02-03
PO01353,100,2025-03-09
PO01354,500,2025-02-25
PO01355,250,2025-03-27
PO01356,10,2025-03-23
PO01357,100,2025-04-29
PO01358,250,2025-01-20
PO01359,50,2025-02-23
PO01360,500,2025-03-11
PO01361,100,2025-11-22
PO01362,25,2025-12-20
PO01363,100,2025-11-05
PO01364,250,2025-12-18
PO01365,250,2025-04-05
PO01366,25,2025-11-17
PO01367,50,2025-06-16
PO01368,10,2025-08-24
PO01369,100,2025-12-06
PO01370,100,2025-12-10
PO01372,10,2025-07-20
PO01373,500,2025-08-01
PO01374,25,2025-12-05
PO01375,500,2025-07-04
PO01376,500,2025-05-19
PO01377,50,2026-01-03
PO01378,100,2025-12-18
PO01379,100,2025-09-04
PO01380,100,2025-10-15
PO01381,100,2025-09-16
PO01382,500,2025-04-03
PO01383,500,2025-07-24
PO01384,25,2025-06-22
PO01385,25,2025-05-19
PO01386,100,2025-08-03
PO01387,250,2025-09-20
PO01388,100,2025-10-18
PO01389,10,2025-10-20
PO01390,50,2025-10-09
PO01391,25,2026-01-03
PO01392,250,2025-03-05
PO01393,500,2026-01-09
PO01394,25,2025-06-30
PO01395,50,2025-04-02
PO01396,250,2025-02-10
PO01397,25,2026-01-05
PO01398,500,2025-11-15
PO01399,250,2025-07-24
PO01400,500,2025-11-22
PO01401,50,2025-04-16
PO01402,250,2025-03-01
PO01403,100,2025-08-26
PO01404,50,2025-09-16
PO01405,100,2025-06-01
PO01406,250,2025-10-28
PO01407,10,2025-03-15
PO01408,339,2025-02-08
PO01409,91,2026-01-27
PO01410,100,2025-06-23
PO01411,500,2025-12-03
PO01412,25,2025-09-25
PO01413,10,2025-02-24
PO01414,50,2025-06-28
PO01415,250,2026-01-30
PO01416,10,2026-02-04
PO01417,25,2025-07-26
PO01418,100,2025-01-28
PO01420,250,2025-10-12
PO01421,100,2025-12-07
PO01422,50,2025-07-15
PO01423,250,2025-11-02
PO01424,25,2025-07-07
PO01425,250,2025-10-03
PO01426,100,2026-02-14
PO01427,500,2025-11-11
PO01428,500,2025-06-25
PO01429,50,2025-02-21
PO01430,250,2025-09-08
PO01431,500,2025-10-30
PO01432,100,2026-01-08
PO01433,10,2025-04-15
PO01434,50,2025-01-24
PO01435,10,2025-07-08
PO01436,500,2025-12-30
PO01437,250,2025-05-07
PO01438,250,2025-02-06
PO01439,50,2025-12-24
PO01440,100,2026-01-08
PO01441,25,2025-06-05
PO01442,500,2025-11-18
PO01443,250,2025-07-27
PO01444,100,2025-09-26
PO01445,50,2025-12-22
PO01447,25,2025-07-08
PO01448,50,2026-01-31
PO01450,500,2025-03-17
PO01451,100,2025-02-27
PO01452,435,2025-07-15
PO01453,25,2025-09-21
PO01454,25,2025-04-02
PO01455,500,2025-12-31
PO01456,6,2025-10-26
PO01457,10,2026-01-08
PO01458,250,2025-05-20
PO01459,50,2025-08-31
PO01461,25,2025-12-04
PO01462,10,2025-11-30
PO01463,100,2025-02-04
PO01464,250,2025-03-26
PO01465,100,2025-06-11
PO01466,250,2025-08-22
PO01467,10,2025-08-22
PO01468,500,2025-07-17
PO01469,50,2025-07-07
PO01470,500,2026-01-11
PO01471,100,2025-03-15
PO01472,25,
PO01473,50,2026-01-29
PO01474,13,2025-10-15
PO01475,10,2025-01-13
PO01476,25,2025-05-25
PO01477,500,2025-04-18
PO01478,25,2025-11-24
PO01479,25,2025-08-27
PO01480,500,2025-08-17
PO01481,50,2025-03-22
PO01482,25,2025-11-29
PO01483,250,2025-11-17
PO01484,50,2025-05-12
PO01485,335,2025-09-10
PO01486,100,2025-02-07
PO01487,500,2025-07-10
PO01488,10,2025-12-25
PO01489,5,2025-04-09
PO01490,10,2025-04-02
PO01491,10,2025-02-06
PO01492,100,2025-12-28
PO01493,100,2025-12-13
PO01494,10,2025-04-01
PO01495,10,2025-04-16
PO01496,100,2025-09-24
PO01497,42,2025-07-10
PO01498,500,2025-09-04
PO01499,250,2025-12-21
PO01500,100,2025-06-21
PO01501,100,2025-09-04
PO01502,25,2025-08-05
PO01503,50,2025-02-24
PO01505,50,2025-10-26
PO01506,500,2025-03-23
PO01507,100,2025-05-25
PO01508,250,2025-04-10
PO01509,100,2025-02-11
PO01510,100,2025-06-01
PO01511,25,2026-02-14
PO01512,10,2025-07-26
PO01513,10,2025-08-29
PO01514,25,2025-06-10
PO01515,50,2025-11-14
PO01516,500,2025-02-11
PO01518,100,2025-03-29
PO01519,50,2025-04-05
PO01520,10,2025-04-21
PO01521,500,2025-08-28
PO01522,250,
PO01523,25,2025-04-07
PO01524,10,2025-10-14
PO01525,10,2025-06-03
PO01526,25,2025-05-05
PO01527,30,2025-11-01
PO01528,50,2026-01-13
PO01529,500,2025-12-29
PO01530,25,2025-07-04
PO01531,84,2025-06-03
PO01532,50,2025-12-27
PO01533,50,2025-05-26
PO01534,500,2025-06-25
PO01535,10,2025-12-26
PO01536,100,2025-08-29
PO01537,50,2025-02-22
PO01538,25,2025-03-08
PO01539,10,2025-04-06
PO01540,69,2025-02-12
PO01541,25,2025-01-26
PO01542,10,2026-01-15
PO01543,100,2025-12-06
PO01544,100,2025-10-17
PO01545,100,2025-05-16
PO01546,250,2025-08-15
PO01547,250,2026-01-06
PO01548,25,2025-12-09
PO01549,250,2025-02-03
PO01550,500,2025-07-26
PO01551,25,2025-12-06
PO01552,25,2025-02-19
PO01553,100,2025-06-11
PO01554,384,2025-03-13
PO01555,50,2025-04-29
PO01556,100,2025-07-03
PO01557,250,2025-11-28
PO01558,50,2025-10-19
PO01559,25,2025-11-16
PO01560,10,2026-01-04
PO01561,500,2025-11-03
PO01562,25,2025-09-08
PO01563,100,2025-09-19
PO01564,25,2025-06-08
PO01565,25,2025-03-21
PO01566,6,2026-01-03
PO01567,10,2025-02-11
PO01568,10,2025-05-14
PO01569,10,2025-12-09
PO01571,50,2025-11-15
PO01572,500,2025-10-08
PO01573,500,2025-03-18
PO01574,25,2025-12-23
PO01575,50,2025-08-08
PO01576,25,2025-10-11
PO01577,250,2025-07-04
PO01578,500,2025-03-10
PO01579,100,2025-09-30
PO01580,500,2025-11-27
PO01581,500,2025-05-27
PO01582,25,2025-08-05
PO01583,500,2025-04-26
PO01584,250,2025-10-19
PO01585,25,2025-04-26
PO01586,500,2025-06-04
PO01587,100,2025-01-19
PO01588,250,2025-11-27
PO01589,100,2025-06-28
PO01590,50,2025-04-04
PO01591,50,2025-12-30
PO01592,50,2025-05-08
PO01593,250,2025-11-30
PO01594,10,2025-05-25
PO01595,10,2025-05-11
PO01596,422,2025-08-28
PO01597,100,2025-09-17
PO01598,25,2025-08-01
PO01599,50,2025-08-03
PO01600,250,2025-06-17
PO01601,100,2025-08-28
PO01602,25,2025-04-06
PO01603,10,2025-05-17
PO01604,100,2025-04-05
PO01605,25,2025-03-11
PO01606,25,2025-01-23
PO01607,10,2025-10-14
PO01608,25,2025-07-02
PO01609,25,2025-05-23
PO01610,500,2025-05-16
PO01611,500,2025-08-11
PO01612,250,2025-08-07
PO01613,10,2025-12-20
PO01614,100,2025-05-26
PO01615,500,2025-06-12
PO01616,50,2025-04-21
PO01617,10,2025-07-11
PO01618,100,2025-02-09
PO01619,10,2025-03-10
PO01620,100,2025-08-04
PO01621,10,2025-09-04
PO01622,10,2025-04-27
PO01623,25,2025-04-04
PO01624,250,
PO01625,10,2025-04-27
PO01626,100,2025-04-19
PO01627,250,2025-11-04
PO01628,358,2025-12-13
PO01629,50,2025-09-24
PO01630,250,2025-05-06
PO01631,250,2025-07-14
PO01632,50,2025-03-18
PO01633,50,2025-05-11
PO01634,25,2025-12-16
PO01635,500,2025-01-18
PO01636,25,2025-03-06
PO01637,10,2025-03-10
PO01638,100,2025-10-25
PO01639,250,2025-05-25
PO01640,50,2026-01-23
PO01641,19,2025-06-27
PO01642,10,2025-08-28
PO01643,100,2025-08-07
PO01644,100,2025-12-11
PO01645,500,2025-08-11
PO01646,250,2026-02-09
PO01647,10,2025-03-21
PO01648,50,2026-02-12
PO01649,25,2025-04-07
PO01650,250,2025-11-27
PO01651,250,2025-09-13
PO01652,250,2025-11-06
PO01653,500,2025-12-06
PO01654,10,
PO01655,250,2025-12-11
PO01656,50,2025-04-19
PO01657,500,2025-09-14
PO01658,50,2025-08-12
PO01659,250,2025-12-11
PO01660,10,2025-08-29
PO01661,50,2025-03-29
PO01662,10,2025-03-22
PO01663,10,2025-08-11
PO01664,250,2026-01-13
PO01665,65,2025-08-04
PO01666,500,2025-08-10
PO01667,10,2025-11-22
PO01668,50,2025-06-22
PO01669,50,2025-08-29
PO01670,500,2025-06-21
PO01671,250,2025-03-12
PO01672,250,2025-03-21
PO01673,250,2025-11-05
PO01674,90,2025-04-10
PO01675,50,2025-09-12
PO01676,25,2025-12-06
PO01678,250,2025-04-28
PO01679,50,2025-03-30
PO01680,100,2025-05-22
PO01681,237,2025-04-11
PO01682,500,2025-02-11
PO01683,500,2025-01-14
PO01684,100,2025-07-21
PO01685,25,2025-12-23
PO01686,25,2025-02-19
PO01687,50,2025-06-09
PO01688,100,2025-05-30
PO01689,10,2025-05-22
PO01690,500,2025-07-22
PO01691,10,2025-11-03
PO01692,232,2025-12-08
PO01693,500,2025-10-19
PO01694,500,2025-06-07
PO01695,250,2025-04-27
PO01696,25,2025-08-20
PO01697,100,2025-09-16
PO01698,25,2025-07-17
PO01699,25,2025-03-26
PO01700,25,2025-03-13
PO01701,100,2025-07-10
PO01702,100,2025-10-24
PO01703,25,2025-06-03
PO01704,100,2025-06-13
PO01705,100,2025-04-02
PO01706,100,2025-04-15
PO01707,500,2025-11-13
PO01708,25,2025-11-11
PO01709,50,2025-05-31
PO01710,10,2025-11-12
PO01711,100,2025-08-02
PO01712,25,2025-03-01
PO01713,10,2025-05-30
PO01714,25,2026-01-26
PO01715,50,2025-09-01
PO01716,5,2025-03-06
PO01717,250,2025-12-12
PO01718,500,2025-03-09
PO01719,500,2025-12-08
PO01720,250,2025-02-08
PO01721,16,2025-08-30
PO01722,100,2025-03-28
PO01723,100,2025-03-12
PO01724,100,2025-12-23
PO01725,25,2025-02-23
PO01726,500,2025-01-25
PO01727,250,2025-04-27
PO01728,25,2026-02-09
PO01729,100,2025-06-12
PO01730,25,2025-03-12
PO01731,25,2025-08-14
PO01732,50,2025-07-05
PO01733,50,2025-06-03
PO01734,250,2026-01-02
PO01735,10,
PO01736,25,2025-08-08
PO01737,10,2025-04-05
PO01738,250,2025-03-24
PO01739,10,2025-03-28
PO01740,58,2025-10-02
PO01741,202,2025-04-12
PO01742,500,2026-01-06
PO01743,192,2025-12-30
PO01744,500,2025-11-02
PO01745,25,2025-09-10
PO01746,100,2025-05-29
PO01747,250,2025-10-17
PO01748,51,2025-02-10
PO01749,250,2025-05-18
PO01750,500,2025-04-29
PO01751,25,2025-09-01
PO01752,25,2025-11-11
PO01753,100,2025-05-27
PO01754,25,2025-05-14
PO01755,250,2025-01-30
PO01756,500,2025-10-09
PO01757,250,2025-12-08
PO01758,500,2025-12-23
PO01759,100,2025-11-30
PO01760,250,2025-04-16
PO01761,250,2025-10-28
PO01762,10,2025-09-09
PO01763,25,2025-10-13
PO01764,500,2025-11-01
PO01766,250,2025-08-18
PO01768,10,2026-01-01
PO01769,25,2025-05-27
PO01770,25,2025-10-19
PO01771,10,2025-03-18
PO01772,10,2025-02-10
PO01773,10,2025-08-27
PO01774,500,2025-05-07
PO01775,100,2025-05-04
PO01776,250,2025-04-28
PO01777,25,2025-11-10
PO01778,25,2025-04-19
PO01779,100,2025-03-31
PO01780,10,2025-03-31
PO01781,25,2025-10-11
PO01782,33,2025-07-25
PO01783,10,2025-08-27
PO01784,250,2025-03-14
PO01785,10,2025-05-13
PO01786,50,2025-11-08
PO01787,250,2025-08-22
PO01788,250,2026-01-05
PO01789,500,2025-12-11
PO01790,18,2025-08-10
PO01791,25,2025-04-11
PO01792,5,2025-08-06
PO01793,25,2025-03-26
PO01794,250,2026-01-04
PO01795,10,2025-08-05
PO01796,500,2025-12-28
PO01797,250,2025-10-19
PO01798,500,2025-09-30
PO01799,500,2025-05-09
PO01800,100,2025-10-29
PO01801,25,2025-04-09
PO01802,10,2025-09-12
PO01803,90,2025-08-29
PO01804,500,2025-08-14
PO01805,50,2025-12-14
PO01806,25,2025-04-15
PO01807,500,2025-06-28
PO01808,250,2025-04-13
PO01809,10,2025-06-13
PO01810,250,2025-06-28
PO01811,50,2025-06-13
PO01812,100,2025-11-16
PO01813,50,2025-05-31
PO01814,500,2025-04-10
PO01815,100,2025-08-28
PO01816,50,2025-04-03
PO01817,250,2025-09-13
PO01818,250,2025-07-19
PO01819,10,2025-07-03
PO01820,100,2026-02-17
PO01821,100,2025-07-15
PO01822,5,2025-02-18
PO01823,50,2026-01-10
PO01824,50,2025-02-17
PO01825,25,2026-01-06
PO01826,100,2025-04-20
PO01827,50,2025-12-17
PO01828,25,2025-02-16
PO01829,10,2025-04-21
PO01830,500,2025-02-20
PO01831,10,2025-10-17
PO01832,100,2025-10-16
PO01833,10,2025-08-06
PO01834,25,2025-04-10
PO01835,100,2026-02-03
PO01836,50,2025-05-24
PO01837,500,2025-09-27
PO01838,25,
PO01839,50,2025-05-29
PO01840,50,2025-06-24
PO01841,500,2025-03-22
PO01842,10,2025-05-12
PO01843,25,2025-09-18
PO01844,10,2026-01-30
PO01845,25,2025-05-15
PO01846,250,2025-10-09
PO01847,250,2025-07-09
PO01848,10,2025-07-05
PO01849,10,2025-09-29
PO01850,25,2025-12-08
PO01851,25,2025-09-10
PO01852,100,2025-10-15
PO01853,25,2025-05-06
PO01854,9,2025-04-13
PO01855,250,2025-03-05
PO01856,290,2025-05-25
PO01857,50,2025-11-07
PO01860,500,2025-08-11
PO01861,271,2026-01-24
PO01862,25,2025-06-12
PO01863,10,2025-06-28
PO01864,10,2025-08-28
PO01866,25,2025-06-29
PO01867,500,2025-02-18
PO01868,250,2025-12-19
PO01869,50,2025-08-13
PO01870,10,2025-03-19
PO01871,250,2025-05-03
PO01872,8,2025-11-04
PO01873,10,2025-09-02
PO01874,10,2025-03-01
PO01875,10,2026-01-12
PO01877,10,2025-06-29
PO01878,100,2025-08-07
PO01879,10,2025-01-22
PO01880,8,2025-04-05
PO01881,25,2025-10-15
PO01882,30,2025-12-04
PO01883,10,2025-12-06
PO01884,25,2025-12-15
PO01885,50,2025-03-12
PO01886,250,2025-06-06
PO01887,205,2025-11-22
PO01888,100,2025-12-13
PO01889,10,2025-09-14
PO01890,250,2025-02-21
PO01892,500,2025-11-14
PO01893,250,2025-03-19
PO01894,100,2025-10-20
PO01895,100,2025-07-27
PO01896,10,2026-01-05
PO01897,500,2025-09-23
PO01898,500,2025-02-12
PO01899,10,2025-08-06
PO01900,250,2025-05-03
PO01901,500,2025-09-08
PO01902,100,2025-11-11
PO01903,100,2025-02-22
PO01904,100,2025-06-27
PO01905,100,2025-10-08
PO01907,50,2025-02-20
PO01908,14,2025-05-25
PO01909,50,2025-07-24
PO01910,50,2025-09-18
PO01911,50,2025-01-23
PO01912,250,2025-03-15
PO01913,100,2025-09-02
PO01914,50,2025-11-25
PO01915,25,2026-01-13
PO01916,500,2025-03-29
PO01917,500,2025-04-10
PO01918,50,2025-03-05
PO01919,25,2025-08-22
PO01921,250,2025-07-20
PO01922,500,2025-06-07
PO01923,50,2025-04-03
PO01924,250,2025-02-03
PO01925,10,2025-08-26
PO01926,100,2025-08-07
PO01927,500,2026-01-25
PO01928,100,2026-01-10
PO01929,25,2025-06-05
PO01930,100,2025-02-17
PO01931,500,2025-09-26
PO01932,10,2025-05-29
PO01933,25,2025-03-13
PO01934,100,2025-07-16
PO01935,50,2025-07-04
PO01936,50,2025-07-22
PO01937,50,2025-06-02
PO01938,25,2025-10-08
PO01939,10,2025-09-24
PO01940,13,2025-10-26
PO01941,500,2025-01-28
PO01942,50,2026-01-05
PO01943,250,2025-06-13
PO01944,10,2025-11-08
PO01945,18,2025-06-08
PO01946,500,2025-02-24
PO01947,500,2026-01-26
PO01948,250,2025-09-03
PO01949,10,2025-06-12
PO01950,25,2025-06-01
PO01951,50,2025-04-19
PO01952,25,2025-11-09
PO01953,250,2025-05-02
PO01954,20,2025-04-07
PO01955,100,2025-08-02
PO01956,500,2025-08-31
PO01957,500,2025-05-07
PO01958,10,2025-09-26
PO01959,250,2025-06-17
PO01960,100,2025-04-23
PO01961,50,2025-02-02
PO01962,500,2025-07-29
PO01963,10,2025-09-23
PO01964,250,2025-02-23
PO01965,250,2025-12-06
PO01966,250,2025-11-02
PO01967,10,2025-07-25
PO01968,10,2026-01-08
PO01969,500,2025-10-02
PO01970,250,2025-08-22
PO01971,100,2025-09-02
PO01972,250,2025-12-19
PO01973,50,2025-05-21
PO01974,500,2025-07-14
PO01975,75,2025-10-31
PO01976,10,2025-11-28
PO01977,25,2025-07-09
PO01978,10,2025-02-08
PO01979,25,2025-02-25
PO01980,100,2025-02-15
PO01981,50,2025-01-09
PO01982,100,2025-03-02
PO01983,100,2025-03-21
PO01984,10,2025-09-26
PO01985,250,2025-10-16
PO01986,10,
PO01987,50,2025-10-25
PO01988,250,2025-12-16
PO01989,100,2025-05-18
PO01990,100,2025-01-26
PO01991,250,2025-04-16
PO01992,100,2025-04-28
PO01993,100,2025-11-29
PO01994,10,2025-11-16
PO01995,500,2025-11-09
PO01996,204,2026-01-04
PO01997,10,2025-09-13
PO01998,10,2026-01-27
PO01999,100,2026-02-07
PO02000,500,2025-12-31
PO02001,100,2026-01-13
PO02002,50,2026-01-06
PO02003,25,2025-07-23
PO02004,25,2025-10-03
PO02005,25,2026-01-09
PO02006,500,2025-11-27
PO02007,500,2025-02-26
PO02008,50,2025-02-13
PO02009,338,2025-04-17
PO02010,25,2025-07-11
PO02011,25,2025-07-28
PO02012,500,2025-05-01
PO02013,500,2025-03-13
PO02014,10,2025-03-27
PO02015,500,2025-08-07
PO02016,250,2025-04-26
PO02018,100,2025-07-17
PO02019,58,2025-04-20
PO02020,10,2025-12-05
PO02021,250,2025-09-19
PO02022,250,2025-07-26
PO02023,500,2026-01-06
PO02024,250,2026-01-30
PO02025,25,2025-10-23
PO02026,500,2025-10-22
PO02027,500,2025-04-25
PO02028,500,2025-03-07
PO02029,25,2025-12-31
PO02030,25,2025-04-24
PO02031,25,2025-02-01
PO02032,25,2025-01-11
PO02033,50,2025-08-10
PO02034,250,2025-04-09
PO02035,25,2025-11-30
PO02036,50,2025-02-09
PO02037,100,2025-01-18
PO02038,10,2025-08-03
PO02039,50,2025-11-12
PO02040,50,2025-12-21
PO02041,25,2025-04-25
PO02042,25,2025-07-14
PO02043,10,2025-10-23
PO02044,500,2025-05-22
PO02045,25,2025-10-21
PO02046,500,2025-03-18
PO02047,10,2025-02-18
PO02048,50,2025-09-07
PO02049,250,2026-01-22
PO02050,50,2025-11-23
PO02051,25,2025-06-01
PO02052,250,2025-07-14
PO02053,100,2025-08-04
PO02054,500,2025-11-17
PO02055,250,2025-05-25
PO02056,500,2025-02-06
PO02057,10,2025-11-18
PO02058,10,2025-08-27
PO02059,50,2025-04-10
PO02060,10,2025-04-17
PO02061,100,2025-07-02
PO02063,500,2025-01-30
PO02064,50,2025-06-24
PO02065,317,2025-04-21
PO02066,10,2025-05-27
PO02067,10,2025-05-29
PO02068,250,2025-12-03
PO02069,500,2026-01-25
PO02070,250,2025-05-13
PO02071,50,2025-05-03
PO02072,250,2025-09-01
PO02073,10,2025-03-27
PO02074,250,2026-01-03
PO02075,50,2025-10-17
PO02076,25,2026-02-09
PO02077,50,2025-04-28
PO02078,25,2025-05-17
PO02079,50,2025-12-14
PO02080,500,2025-04-05
PO02081,500,2025-07-24
PO02082,10,2025-06-09
PO02083,321,2025-10-05
PO02084,25,2025-12-27
PO02085,50,2025-09-25
PO02086,50,2025-09-24
PO02087,25,2025-09-28
PO02088,25,2025-07-26
PO02089,172,2025-11-05
PO02090,10,2025-11-25
PO02091,250,2025-10-08
PO02092,500,2025-11-22
PO02093,50,2025-04-25
PO02094,10,2025-04-02
PO02096,25,2025-09-20
PO02097,250,2025-09-01
PO02099,50,2026-01-29
PO02100,100,2025-09-20
PO02101,25,2025-03-01
PO02102,100,2025-08-17
PO02103,250,2025-11-07
PO02104,50,2025-06-04
PO02105,250,2025-11-18
PO02106,50,2025-05-31
PO02107,250,2025-05-15
PO02108,250,2025-12-18
PO02109,10,2025-02-07
PO02110,10,2025-09-21
PO02111,31,2025-09-13
PO02112,100,2025-02-16
PO02113,25,2025-03-10
PO02114,25,2025-07-24
PO02115,250,2025-05-02
PO02116,25,2025-02-27
PO02117,100,2025-05-08
PO02118,100,2025-06-05
PO02119,500,2025-12-08
PO02120,431,2026-02-15
PO02121,500,2025-09-16
PO02122,25,2025-05-04
PO02123,100,2025-08-25
PO02124,25,2025-02-20
PO02125,25,2025-05-20
PO02126,10,2025-09-03
PO02127,10,2025-05-03
PO02128,50,2025-10-03
PO02129,500,2025-01-22
PO02130,100,2025-08-10
PO02131,500,2026-01-10
PO02132,10,2025-09-04
PO02133,50,2025-11-12
PO02134,100,2025-10-13
PO02135,25,2025-09-22
PO02136,250,2025-10-10
PO02137,10,2025-12-14
PO02138,500,2025-05-05
PO02139,50,2025-04-16
PO02140,250,2025-09-24
PO02141,50,2026-01-01
PO02142,250,2025-05-24
PO02143,250,2025-11-17
PO02144,250,2026-01-01
PO02145,500,2025-04-13
PO02146,53,2025-09-19
PO02148,500,2025-04-01
PO02149,500,2026-01-06
PO02150,250,2025-06-28
PO02151,500,2025-12-26
PO02152,50,2025-12-14
PO02153,25,2025-03-27
PO02154,64,2025-10-16
PO02155,10,2025-08-16
PO02156,100,2025-12-12
PO02157,39,2025-09-09
PO02158,25,2025-08-20
PO02159,250,2025-05-20
PO02160,500,2025-04-06
PO02161,250,2026-01-25
PO02162,100,2025-09-22
PO02163,21,2025-11-16
PO02164,250,2025-05-11
PO02165,500,2025-11-25
PO02166,100,2025-05-23
PO02167,19,2025-05-08
PO02168,100,2025-04-20
PO02169,25,2025-12-19
PO02170,500,2025-05-17
PO02171,500,2026-01-04
PO02172,50,2025-12-12
PO02173,10,2025-11-20
PO02174,250,2025-08-16
PO02175,500,2025-02-27
PO02176,100,2025-04-13
PO02177,250,2025-11-25
PO02178,100,2025-07-19
PO02179,100,2025-12-08
PO02180,250,2025-11-22
PO02181,100,2025-06-30
PO02182,50,2025-09-14
PO02183,50,2025-11-08
PO02184,50,2025-04-15
PO02185,50,2025-10-26
PO02186,10,2025-05-02
PO02187,50,2025-12-20
PO02189,10,2025-02-14
PO02190,250,2025-08-08
PO02191,250,2025-04-16
PO02192,78,2025-02-01
PO02193,50,2026-01-23
PO02194,10,2025-08-29
PO02195,50,2025-01-29
PO02196,15,2025-06-26
PO02197,500,2025-07-17
PO02198,50,2025-07-15
PO02199,50,2025-01-23
PO02200,250,2025-03-17
PO02201,100,2025-05-13
PO02202,500,2025-10-17
PO02203,250,2026-01-29
PO02204,50,2025-09-18
PO02205,50,2025-07-23
PO02206,50,2025-05-02
PO02207,50,2025-11-12
PO02208,10,2025-07-26
PO02209,500,2025-04-22
PO02210,250,2025-04-18
PO02211,250,2025-09-23
PO02212,25,2025-07-06
PO02213,100,2026-01-05
PO02214,193,2025-08-07
PO02215,500,
PO02216,10,2025-02-06
PO02217,50,2025-05-13
PO02218,50,2025-09-05
PO02219,500,2025-10-08
PO02220,500,2025-11-01
PO02221,10,2025-10-04
PO02222,50,2025-10-09
PO02223,250,2025-10-05
PO02224,100,2025-04-25
PO02225,250,2025-10-28
PO02227,250,2026-01-20
PO02228,250,2025-02-14
PO02229,500,2025-12-15
PO02230,25,2025-04-19
PO02231,25,2025-10-09
PO02232,500,2025-08-19
PO02233,10,2025-06-05
PO02234,250,2025-09-27
PO02235,250,2025-06-20
PO02236,50,2025-12-10
PO02237,250,2025-09-21
PO02238,250,2025-02-08
PO02239,250,2025-09-21
PO02240,100,
PO02241,50,2025-12-01
PO02242,50,2025-03-11
PO02243,100,2025-08-08
PO02244,10,2025-10-04
PO02245,100,2025-10-21
PO02246,250,2025-04-08
PO02247,50,2025-03-08
PO02248,10,2025-10-09
PO02249,100,2025-05-29
PO02250,250,2025-09-29
PO02251,50,2025-06-28
PO02252,25,2025-09-29
PO02253,25,2025-01-29
PO02254,50,2025-08-31
PO02255,10,2025-10-23
PO02256,100,2025-12-26
PO02257,250,2025-11-03
PO02259,500,2025-05-02
PO02261,100,2026-01-13
PO02262,70,2025-04-17
PO02263,7,2025-03-11
PO02264,10,2025-05-17
PO02265,8,2025-10-03
PO02266,50,2025-08-05
PO02267,10,2025-08-30
PO02269,25,2025-11-09
PO02271,70,2026-01-09
PO02272,250,2025-01-20
PO02273,10,2025-08-01
PO02274,25,2025-09-15
PO02275,100,2025-10-31
PO02276,10,2025-10-02
PO02277,10,2025-12-04
PO02278,100,2025-12-03
PO02279,25,2025-08-02
PO02280,25,2025-04-16
PO02281,9,2025-05-14
PO02282,25,2025-02-15
PO02283,25,2025-11-18
PO02284,50,2025-03-10
PO02285,25,2025-04-30
PO02286,100,2025-12-20
PO02287,100,2025-09-11
PO02288,50,2026-01-26
PO02289,250,2025-02-23
PO02290,250,2025-08-03
PO02291,100,2025-09-05
PO02292,100,2025-08-19
PO02293,25,2026-01-03
PO02294,250,2025-06-20
PO02295,50,2025-12-29
PO02296,25,2025-07-02
PO02297,250,2026-01-12
PO02298,250,2025-01-26
PO02299,100,2025-09-14
PO02300,500,2025-04-13
PO02302,100,2025-06-23
PO02303,25,2025-03-25
PO02304,250,2025-04-04
PO02305,100,2025-03-23
PO02306,50,2025-04-09
PO02307,100,2026-01-16
PO02308,250,2025-08-24
PO02309,68,2025-10-07
PO02310,50,2025-09-23
PO02311,10,2025-07-14
PO02312,500,2025-08-19
PO02313,100,2026-01-19
PO02314,100,2025-04-27
PO02315,50,2025-12-22
PO02316,50,2025-11-17
PO02317,10,2025-02-01
PO02318,25,2025-05-17
PO02319,25,2025-09-30
PO02320,10,2026-01-30
PO02321,10,2025-07-07
PO02322,500,2025-03-01
PO02323,39,
PO02324,250,2025-08-01
PO02325,250,2025-05-02
PO02326,500,2025-01-19
PO02327,100,2025-02-01
PO02328,250,2025-12-01
PO02329,100,2025-09-06
PO02330,500,2025-11-28
PO02331,23,2025-04-24
PO02332,100,2025-11-24
PO02333,100,2025-11-23
PO02334,45,2025-03-17
PO02335,50,2025-02-28
PO02336,500,2026-01-25
PO02337,25,2025-02-03
PO02338,25,2025-03-11
PO02339,100,2026-01-03
PO02341,50,2025-09-25
PO02342,50,2025-09-13
PO02343,50,2025-03-12
PO02344,100,2025-11-30
PO02345,50,2025-09-28
PO02346,50,2025-03-25
PO02347,500,2025-09-14
PO02348,50,2025-05-16
PO02349,500,2025-09-11
PO02350,250,2025-08-13
PO02351,100,2025-05-31
PO02352,25,2025-07-04
PO02353,25,2025-11-02
PO02354,250,2025-11-07
PO02355,10,2025-08-03
PO02356,500,2025-03-22
PO02357,500,2025-12-12
PO02358,50,2025-07-18
PO02359,25,2025-04-21
PO02360,25,2025-05-13
PO02361,89,2025-12-21
PO02362,50,2025-05-25
PO02363,10,2025-05-02
PO02364,10,2025-03-28
PO02365,250,2025-02-25
PO02366,25,2025-08-25
PO02367,25,2025-09-05
PO02368,250,2025-06-16
PO02369,100,2025-08-03
PO02370,500,2025-11-18
PO02371,10,2025-05-10
PO02372,10,2025-04-15
PO02373,500,2025-07-25
PO02374,500,2025-02-13
PO02375,100,2025-01-19
PO02376,10,2025-05-13
PO02377,50,2025-11-18
PO02378,10,2025-05-01
PO02379,10,2025-11-22
PO02380,100,2025-12-12
PO02381,25,2025-07-06
PO02382,250,2025-11-17
PO02383,100,2025-07-29
PO02384,25,2025-06-20
PO02385,10,2025-08-31
PO02386,10,2025-11-10
PO02387,100,2025-06-09
PO02388,500,2025-02-01
PO02389,202,2025-07-02
PO02390,10,2025-06-19
PO02391,10,2025-10-30
PO02392,500,2025-06-28
PO02393,42,2026-02-12
PO02394,10,2025-08-27
PO02395,250,2025-09-13
PO02396,50,2025-08-31
PO02397,25,2025-10-27
PO02398,500,2025-11-04
PO02399,500,2025-08-25
PO02400,10,2025-11-18
PO02401,25,2025-10-16
PO02402,25,2025-07-06
PO02403,100,2025-05-20
PO02404,50,2025-09-29
PO02405,10,2025-12-08
PO02406,10,2025-11-20
PO02407,100,2026-01-24
PO02408,100,2025-05-01
PO02409,25,2025-06-06
PO02410,100,2025-04-04
PO02411,25,2025-02-25
PO02412,100,2026-01-22
PO02413,25,2025-05-25
PO02414,50,2025-03-13
PO02415,500,2025-05-23
PO02416,100,2025-04-06
PO02417,250,2025-01-13
PO02418,250,2025-12-07
PO02419,10,2025-01-15
PO02420,10,2025-07-29
PO02421,250,2025-03-19
PO02422,100,2025-09-30
PO02423,50,2025-08-23
PO02424,10,2025-07-24
PO02425,10,2025-04-30
PO02427,100,2025-09-11
PO02428,25,2025-05-31
PO02429,25,2025-04-15
PO02430,10,2025-09-29
PO02431,100,2025-10-09
PO02432,200,2025-09-14
PO02433,25,2025-03-23
PO02434,10,2025-10-15
PO02435,10,2025-09-06
PO02436,25,2025-10-27
PO02437,100,2026-01-13
PO02438,100,2025-07-30
PO02439,6,2026-01-30
PO02440,100,2025-09-27
PO02441,50,2025-06-17
PO02442,50,2025-12-14
PO02443,250,2025-03-19
PO02444,25,2025-12-19
PO02445,250,2025-12-17
PO02446,10,2025-11-14
PO02447,250,2025-02-03
PO02448,250,2025-08-20
PO02449,10,2025-10-07
PO02451,10,2025-12-12
PO02452,250,2025-03-27
PO02453,500,2025-06-02
PO02455,500,2025-07-18
PO02456,7,2025-11-13
PO02457,100,2025-08-05
PO02458,50,2025-06-22
PO02459,100,2025-06-16
PO02460,10,2025-05-14
PO02461,100,2025-09-21
PO02462,100,2025-03-11
PO02463,25,2025-08-19
PO02464,17,2025-12-23
PO02465,250,2025-11-07
PO02466,25,2025-12-07
PO02467,100,2025-08-14
PO02468,50,2025-03-20
PO02469,25,2025-11-13
PO02470,10,2025-03-24
PO02471,500,2025-03-12
PO02472,10,2025-05-01
PO02473,100,2025-04-24
PO02474,500,2026-02-13
PO02475,50,2025-06-17
PO02476,250,2025-12-23
PO02477,50,2025-09-11
PO02478,250,2025-09-12
PO02479,286,2025-07-14
PO02480,500,2025-05-20
PO02481,25,
PO02482,25,2026-02-10
PO02483,25,2025-05-07
PO02484,250,2025-11-28
PO02485,25,
PO02486,250,2025-02-19
PO02487,100,2026-01-02
PO02488,50,2025-02-11
PO02489,500,2025-03-03
PO02490,152,2025-12-22
PO02491,50,2025-07-26
PO02492,25,2025-04-11
PO02493,10,2025-05-11
PO02494,10,2025-12-11
PO02495,50,2026-01-03
PO02496,10,2025-05-24
PO02497,57,2025-10-23
PO02498,10,2025-12-22
PO02499,10,2025-05-19
PO02500,50,2025-10-21
PO02501,10,2025-07-16
PO02502,500,2025-02-10
PO02503,500,2026-01-26
PO02504,10,2025-11-30
PO02505,25,2025-08-14
PO02507,250,2025-08-25
PO02509,500,2025-11-13
PO02510,10,2025-05-26
PO02511,50,2025-04-24
PO02512,100,2026-01-04
PO02513,250,2025-11-15
PO02514,50,2025-05-22
PO02515,500,2025-07-13
PO02516,100,2025-07-17
PO02517,25,2025-11-20
PO02518,10,2025-05-16
PO02519,50,2025-09-10
PO02520,250,2025-07-17
PO02521,55,2025-10-30
PO02522,10,2025-05-01
PO02523,50,2025-04-28
PO02524,250,2025-03-03
PO02525,100,2025-11-03
PO02526,100,2025-05-21
PO02527,500,2026-02-10
PO02528,250,2025-05-21
PO02529,500,2025-12-23
PO02530,10,2025-04-12
PO02531,250,2025-11-18
PO02532,250,2025-07-28
PO02533,100,2025-12-27
PO02534,500,2025-02-11
PO02535,50,2025-05-28
PO02537,50,2025-05-14
PO02538,100,2025-10-07
PO02539,100,2025-07-15
PO02540,10,2025-07-26
PO02541,500,
PO02542,50,2025-10-05
PO02543,10,2025-02-09
PO02544,100,2025-02-23
PO02545,250,2026-01-14
PO02546,50,2025-12-13
PO02547,50,2025-11-12
PO02548,25,2025-05-28
PO02549,250,2026-01-08
PO02550,10,2025-02-10
PO02551,25,2025-12-18
PO02552,50,2025-09-05
PO02553,25,2025-05-02
PO02554,100,2025-10-01
PO02555,100,2025-07-22
PO02556,100,2025-12-28
PO02557,250,2025-09-24
PO02558,25,2025-01-23
PO02559,100,2025-12-14
PO02560,100,2025-09-27
PO02561,14,2025-06-15
PO02562,50,2025-02-15
PO02563,100,
PO02564,25,2025-08-17
PO02565,10,2025-05-17
PO02567,6,2025-11-25
PO02568,50,2025-04-13
PO02569,50,2025-07-30
PO02570,199,2025-06-27
PO02571,25,2025-11-26
PO02572,250,2025-03-20
PO02573,25,2025-04-08
PO02574,10,2026-01-09
PO02575,25,2025-01-11
PO02576,250,2025-06-06
PO02577,500,2025-08-18
PO02578,250,2025-05-05
PO02579,500,2026-01-03
PO02580,250,2025-09-24
PO02581,250,2025-11-15
PO02582,100,2025-04-05
PO02583,10,2025-03-06
PO02584,500,2025-12-01
PO02585,10,2025-11-24
PO02586,250,2026-01-16
PO02587,10,2025-11-04
PO02588,250,2025-06-01
PO02589,100,2025-03-27
PO02590,10,2026-01-16
PO02591,436,2025-08-05
PO02592,100,2025-12-16
PO02593,25,2025-08-27
PO02594,50,2025-12-01
PO02595,100,2025-10-11
PO02596,100,2025-06-18
PO02597,50,2025-12-02
PO02598,250,2025-10-20
PO02599,50,2025-07-13
PO02600,500,2026-01-17
PO02601,250,2025-09-22
PO02602,100,2025-09-24
PO02603,42,2025-09-24
PO02604,100,2025-09-10
PO02605,100,2025-10-07
PO02606,500,2026-01-27
PO02607,10,2025-04-18
PO02608,25,2025-07-06
PO02609,25,2025-11-01
PO02610,50,2025-08-09
PO02611,100,2025-05-29
PO02612,10,2025-11-10
PO02613,50,2025-06-03
PO02614,100,2025-09-26
PO02616,500,2025-08-18
PO02617,250,2025-05-28
PO02618,10,2025-03-29
PO02619,25,2025-04-26
PO02620,100,2025-09-11
PO02621,10,2025-07-04
PO02622,25,2025-08-16
PO02623,10,2025-11-02
PO02624,500,2025-07-23
PO02625,50,2025-03-10
PO02626,50,2025-02-09
PO02627,100,2025-09-20
PO02628,50,2025-08-08
PO02629,50,2025-03-26
PO02631,25,2025-08-30
PO02632,10,2025-03-10
PO02633,10,2025-05-21
PO02634,10,2025-10-30
PO02635,100,2025-03-16
PO02636,14,2025-03-23
PO02637,100,2025-08-16
PO02639,8,2025-03-12
PO02640,25,2025-10-12
PO02641,25,2026-01-21
PO02642,10,2025-05-30
PO02643,250,2025-07-21
PO02644,50,2025-07-06
PO02645,10,2025-04-18
PO02646,25,2025-09-17
PO02647,33,2025-05-15
PO02648,50,2025-11-02
PO02649,250,2025-03-08
PO02650,100,2025-11-29
PO02651,500,2025-05-10
PO02652,250,2025-11-24
PO02653,250,2025-04-07
PO02654,500,2025-12-06
PO02655,100,2025-05-27
PO02656,250,2026-01-02
PO02657,25,2025-12-23
PO02658,25,
PO02659,50,2025-11-21
PO02660,25,2025-03-08
PO02661,25,2025-07-07
PO02662,100,2025-04-22
PO02663,50,2025-02-25
PO02664,500,2025-09-01
PO02665,164,2025-05-09
PO02666,10,2025-09-03
PO02667,25,2025-05-12
PO02668,50,2025-11-07
PO02669,10,2025-08-18
PO02670,50,2025-11-11
PO02671,25,2025-11-14
PO02672,10,2025-12-28
PO02673,250,2025-05-22
PO02674,10,2025-10-15
PO02675,500,2025-03-18
PO02676,50,2025-10-12
PO02677,10,2025-03-16
PO02678,250,2025-04-28
PO02679,10,2025-06-10
PO02680,100,2025-03-17
PO02681,500,2025-06-17
PO02682,79,2025-03-21
PO02683,10,2025-01-07
PO02684,500,2025-12-01
PO02685,25,2025-03-11
PO02686,100,2025-04-25
PO02687,6,2025-10-07
PO02688,10,2026-01-20
PO02689,500,2025-08-22
PO02690,500,2025-09-11
PO02691,100,2025-05-15
PO02692,25,2025-04-20
PO02693,250,2025-12-02
PO02694,10,2025-05-15
PO02695,50,2025-08-26
PO02696,10,2025-12-12
PO02697,25,2025-02-01
PO02698,50,2025-05-11
PO02699,50,2025-06-10
PO02700,10,2026-01-07
PO02701,500,2026-01-20
PO02702,25,2026-01-21
PO02703,50,2025-07-26
PO02704,50,2025-05-23
PO02705,50,2025-08-19
PO02706,64,2025-09-10
PO02707,10,2025-05-21
PO02708,50,2025-05-28
PO02709,100,2025-09-18
PO02711,10,2025-10-05
PO02712,50,2025-11-09
PO02713,100,2025-01-26
PO02714,250,2025-08-07
PO02715,250,2025-08-05
PO02716,250,2025-02-22
PO02717,10,2025-09-09
PO02718,100,2025-12-25
PO02719,10,2025-04-28
PO02720,25,2025-03-26
PO02721,250,2025-05-29
PO02722,50,2025-09-16
PO02723,10,2025-09-26
PO02724,25,2025-02-06
PO02725,500,2025-09-13
PO02726,25,2025-08-23
PO02727,500,2025-08-31
PO02728,500,2025-09-30
PO02729,100,2025-12-24
PO02730,500,2025-10-25
PO02731,25,2025-05-18
PO02732,500,2025-07-16
PO02733,25,2025-02-18
PO02734,500,2025-04-05
PO02735,199,2025-08-31
PO02736,100,2025-09-03
PO02737,50,2025-12-17
PO02738,100,2025-06-11
PO02739,25,2025-09-18
PO02740,100,2025-09-28
PO02741,50,2025-08-09
PO02742,250,2025-06-30
PO02743,100,2025-04-16
PO02744,500,2025-06-22
PO02745,25,2025-03-28
PO02746,500,2026-01-03
PO02747,10,2025-11-10
PO02748,50,2025-10-06
PO02749,25,2026-02-12
PO02750,5,2025-07-31
PO02751,10,2025-03-17
PO02752,250,2025-04-23
PO02753,500,2025-10-21
PO02754,500,2025-05-21
PO02755,50,2025-10-26
PO02756,25,2025-07-24
PO02757,50,2025-10-11
PO02758,250,2025-11-11
PO02759,25,2025-03-17
PO02760,500,2026-01-06
PO02761,10,2025-12-31
PO02762,250,2025-06-02
PO02763,100,2025-12-24
PO02764,250,2025-08-05
PO02765,50,2025-11-08
PO02766,50,2025-02-28
PO02767,50,2025-08-14
PO02768,500,2025-12-06
PO02769,500,2025-09-25
PO02770,100,2025-11-29
PO02771,25,2025-10-24
PO02772,500,2026-02-14
PO02774,25,2025-02-14
PO02775,100,2025-03-20
PO02777,10,2025-02-03
PO02778,10,2025-08-05
PO02779,100,2025-04-10
PO02780,100,2025-08-06
PO02781,50,2025-06-20
PO02782,100,2026-02-01
PO02784,500,2025-07-08
PO02785,10,2025-07-26
PO02786,10,2025-10-05
PO02787,250,2025-09-10
PO02788,100,2025-03-23
PO02789,500,2025-10-02
PO02790,25,2025-04-08
PO02791,50,2025-08-08
PO02792,10,2025-03-13
PO02794,10,2025-10-25
PO02795,500,2025-03-16
PO02796,51,2025-12-17
PO02797,250,2025-12-20
PO02798,25,2025-10-24
PO02799,25,2025-12-23
PO02800,5,2025-05-25
PO02801,250,2025-03-22
PO02802,100,2025-01-12
PO02803,500,2025-06-09
PO02804,10,2025-10-23
PO02805,50,2025-12-15
PO02806,100,2025-09-15
PO02808,100,2025-11-30
PO02809,500,2025-10-13
PO02810,15,2025-10-20
PO02811,50,2025-11-24
PO02812,100,2025-07-25
PO02813,10,2025-03-25
PO02814,100,2025-10-25
PO02815,50,2025-02-26
PO02816,10,2025-02-21
PO02817,100,2025-07-22
PO02818,6,2025-05-03
PO02819,10,2025-08-30
PO02820,25,2025-03-23
PO02821,50,2025-05-14
PO02822,100,2025-12-02
PO02823,50,2025-07-23
PO02824,500,2025-07-24
PO02825,50,2025-03-12
PO02826,500,2025-06-05
PO02827,100,2026-01-05
PO02828,18,2025-04-08
PO02829,25,2025-05-01
PO02830,50,2025-06-23
PO02831,500,2025-06-13
PO02832,25,2025-01-23
PO02833,100,2025-05-06
PO02835,50,2025-10-29
PO02836,10,2025-12-10
PO02837,50,2026-01-06
PO02838,10,2025-02-28
PO02839,25,2025-09-12
PO02840,10,2026-02-04
PO02841,50,2025-02-22
PO02842,50,2025-03-27
PO02843,500,2025-10-07
PO02844,25,2025-05-22
PO02845,100,2025-04-20
PO02846,100,2025-08-09
PO02847,10,2025-05-18
PO02848,10,2026-01-06
PO02849,425,2025-09-17
PO02850,250,2025-02-11
PO02851,250,2025-06-21
PO02852,25,2025-06-16
PO02853,500,2025-06-29
PO02854,500,2025-06-08
PO02855,250,2025-10-21
PO02856,100,2025-11-14
PO02857,10,2025-09-27
PO02858,25,2025-03-27
PO02859,100,2025-10-23
PO02860,50,2025-07-14
PO02862,500,2025-11-08
PO02863,25,2025-11-08
PO02864,250,2025-04-23
PO02865,25,2025-05-08
PO02866,100,2025-05-14
PO02867,50,2025-04-04
PO02868,250,2025-05-30
PO02869,25,2025-09-19
PO02870,25,2025-07-24
PO02871,10,2025-02-13
PO02872,10,2025-09-23
PO02873,10,2025-05-08
PO02874,50,2025-12-08
PO02875,100,2025-03-08
PO02876,500,2025-09-23
PO02877,100,2025-08-30
PO02878,25,2025-10-23
PO02879,345,2025-07-14
PO02880,10,2025-06-09
PO02881,500,2025-04-13
PO02882,100,2025-06-01
PO02883,100,2025-02-21
PO02884,250,2025-12-12
PO02885,25,2026-02-13
PO02886,25,2025-06-05
PO02887,185,2025-08-28
PO02888,250,2025-08-16
PO02889,500,2025-05-19
PO02890,25,2025-03-06
PO02891,500,2025-02-25
PO02892,353,2025-07-25
PO02893,100,2025-04-13
PO02894,250,2025-02-28
PO02895,53,2025-11-04
PO02896,25,2026-01-07
PO02897,100,2025-12-14
PO02898,100,2026-01-27
PO02899,100,2025-05-08
PO02900,250,2025-11-27
PO02901,500,2025-04-18
PO02902,100,2025-04-08
PO02903,500,2025-11-22
PO02904,50,2025-05-21
PO02905,100,2025-10-11
PO02906,50,2025-12-21
PO02907,10,2025-10-14
PO02908,250,2025-02-19
PO02909,500,2025-04-23
PO02910,25,2026-01-17
PO02911,10,2025-08-07
PO02912,10,2025-12-11
PO02913,10,2025-05-16
PO02914,500,2025-03-02
PO02915,250,2025-10-31
PO02916,10,2025-07-18
PO02917,250,2025-05-10
PO02918,50,2025-04-15
PO02919,100,2025-08-25
PO02920,250,2025-08-23
PO02921,500,2025-02-13
PO02922,10,2025-08-30
PO02923,250,2025-10-11
PO02924,100,2025-08-20
PO02925,50,2025-05-14
PO02926,25,2025-07-12
PO02927,173,2025-08-29
PO02928,35,2025-07-25
PO02929,25,2025-01-22
PO02930,50,2025-06-15
PO02931,250,2025-11-26
PO02932,100,2025-12-13
PO02933,65,2025-03-02
PO02934,250,2025-08-27
PO02935,25,2025-04-24
PO02936,50,2025-02-14
PO02937,250,2025-05-17
PO02938,100,2025-03-26
PO02939,50,2025-03-15
PO02940,25,2025-07-26
PO02941,500,2025-07-04
PO02942,250,2025-08-01
PO02943,100,2025-11-26
PO02944,25,2026-01-21
PO02945,10,2025-04-26
PO02946,250,2025-08-02
PO02947,500,2025-08-11
PO02948,50,2025-06-02
PO02949,100,2025-09-03
PO02950,100,2025-07-30
PO02951,50,2025-05-24
PO02952,100,2025-08-28
PO02953,50,2025-11-11
PO02954,25,2025-03-25
PO02955,100,2025-07-21
PO02956,500,2025-08-13
PO02957,9,2025-12-04
PO02958,10,2025-02-10
PO02959,500,
PO02960,50,2025-09-25
PO02961,100,2025-08-28
PO02962,500,2025-10-10
PO02963,394,2025-08-18
PO02965,500,2025-05-24
PO02966,250,2025-09-10
PO02967,50,2025-09-24
PO02968,250,2025-07-04
PO02969,10,2025-12-19
PO02970,500,2025-12-27
PO02971,50,2025-02-21
PO02972,50,2025-10-19
PO02973,10,2025-11-06
PO02974,10,2025-04-05
PO02975,100,2025-07-04
PO02976,250,2025-02-26
PO02977,25,2026-01-30
PO02978,100,2025-05-16
PO02979,25,2025-09-18
PO02980,26,2025-12-28
PO02981,10,2025-08-24
PO02982,250,2025-10-26
PO02983,50,2025-07-24
PO02984,100,2025-11-19
PO02985,10,2025-02-19
PO02986,10,2025-03-12
PO02987,21,2025-04-19
PO02988,100,2025-04-08
PO02989,50,2025-10-24
PO02990,500,2026-01-09
PO02991,10,2025-03-13
PO02992,50,2025-04-20
PO02993,50,2025-12-18
PO02994,100,2025-02-23
PO02995,100,2025-07-11
PO02996,500,2025-11-05
PO02997,36,2025-05-01
PO02998,250,2025-10-11
PO02999,10,2025-05-22
PO03000,10,2025-03-27
PO03001,324,2025-09-21
PO03002,50,2025-09-30
PO03003,50,2025-03-18
PO03004,100,2025-04-14
PO03005,50,2025-06-10
PO03006,500,2025-10-18
PO03007,500,2026-01-25
PO03008,10,2025-11-12
PO03009,500,2025-06-19
PO03010,50,2025-07-25
PO03011,50,2025-04-24
PO03012,250,2025-11-25
PO03013,500,2025-02-12
PO03014,50,2025-03-21
PO03015,250,2025-09-04
PO03016,100,2025-11-03
PO03017,25,2025-02-11
PO03018,21,2025-05-17
PO03019,100,2025-08-21
PO03020,250,2025-01-28
PO03021,100,2025-05-16
PO03022,50,2025-08-18
PO03023,100,2025-11-28
PO03024,250,2025-10-30
PO03025,500,2026-01-03
PO03026,500,2025-12-06
PO03027,25,2025-02-23
PO03028,250,2025-06-07
PO03029,10,2025-12-25
PO03030,50,2025-02-22
PO03031,25,2026-01-27
PO03032,500,2025-07-28
PO03033,100,2025-02-19
PO03034,100,2025-10-10
PO03035,10,2025-12-14
PO03036,10,2025-07-30
PO03037,50,2025-09-03
PO03038,500,2025-11-18
PO03039,25,2025-07-10
PO03040,100,2025-06-04
PO03041,10,2025-12-22
PO03042,250,2025-03-13
PO03043,12,2025-09-17
PO03044,100,2025-11-10
PO03045,500,2026-01-31
PO03046,386,2025-06-13
PO03047,10,2025-02-23
PO03048,100,2025-12-07
PO03049,50,2026-01-06
PO03050,250,2025-11-30
PO03051,500,2025-08-04
PO03052,50,2025-03-02
PO03053,25,2025-02-05
PO03054,100,2026-01-18
PO03055,50,2025-10-07
PO03056,14,2025-08-20
PO03057,500,2025-08-10
PO03058,250,2025-09-04
PO03059,50,2026-01-06
PO03060,250,2025-05-03
PO03061,500,2025-12-07
PO03062,10,2025-03-08
PO03063,25,2025-07-27
PO03064,500,2025-10-26
PO03065,50,2025-09-22
PO03066,25,2025-05-22
PO03067,10,2025-05-16
PO03068,10,2025-08-13
PO03069,250,2025-08-26
PO03070,25,2025-02-07
PO03071,25,2025-02-08
PO03072,100,2025-09-02
PO03073,500,2025-02-26
PO03074,10,2025-05-15
PO03075,10,2025-11-23
PO03076,100,2025-10-13
PO03077,100,2025-04-14
PO03078,10,2025-11-26
PO03079,25,2025-10-03
PO03080,10,2025-10-07
PO03081,25,2025-02-20
PO03082,50,2025-07-20
PO03083,250,2025-08-31
PO03084,250,2025-08-28
PO03085,50,2025-03-08
PO03086,100,2025-08-22
PO03087,10,2025-08-06
PO03088,300,2025-11-30
PO03089,100,2025-08-27
PO03090,250,2025-07-11
PO03091,250,2025-03-24
PO03092,250,2025-08-11
PO03093,100,2025-11-01
PO03094,25,2025-10-02
PO03095,500,2025-01-22
PO03096,100,2025-01-17
PO03097,100,2025-03-24
PO03098,100,2025-08-31
PO03099,69,2025-05-13
PO03100,10,2025-04-10
PO03101,38,2025-05-31
PO03102,50,2025-08-16
PO03103,50,2026-01-14
PO03104,100,2025-07-06
PO03105,100,2025-06-30
PO03106,10,2025-03-12
PO03107,50,2025-03-25
PO03108,50,2025-03-07
PO03109,10,2026-01-01
PO03110,10,2025-02-28
PO03111,250,2026-01-12
PO03112,500,2025-02-28
PO03113,500,2025-11-01
PO03114,10,2025-09-17
PO03115,25,2025-03-03
PO03116,10,2025-08-08
PO03117,50,2026-01-17
PO03118,25,2025-02-05
PO03119,25,2025-04-22
PO03120,100,2025-10-18
PO03121,25,2025-04-18
PO03122,100,2025-02-11
PO03123,25,2025-02-01
PO03124,310,2025-07-21
PO03125,100,2025-12-12
PO03126,10,
PO03127,50,2025-10-08
PO03128,250,2025-08-20
PO03129,50,2025-12-12
PO03130,448,2025-10-09
PO03131,100,2025-09-30
PO03132,500,2025-06-21
PO03133,25,2025-06-24
PO03135,500,2025-07-10
PO03136,25,2025-07-15
PO03137,10,2025-06-22
PO03138,500,2025-04-04
PO03139,250,2025-01-15
PO03140,250,2025-11-01
PO03141,500,2025-07-21
PO03142,25,2025-11-10
PO03143,50,2025-02-08
PO03144,72,2025-07-22
PO03145,500,2025-07-21
PO03146,100,2025-11-20
PO03147,25,2025-11-23
PO03148,500,2025-12-03
PO03149,100,2025-05-16
PO03150,50,2025-06-11
PO03152,50,2025-05-14
PO03153,10,2025-03-14
PO03154,250,2025-09-25
PO03155,500,2026-02-11
PO03156,25,2025-06-24
PO03157,500,2025-07-09
PO03158,10,2025-11-20
PO03159,100,2025-09-01
PO03160,100,2025-04-10
PO03161,100,2025-05-12
PO03162,25,2025-03-15
PO03163,10,2025-06-23
PO03164,250,
PO03165,250,2025-03-23
PO03166,500,2025-03-08
PO03167,50,2025-03-13
PO03168,51,2025-08-05
PO03169,500,2025-09-28
PO03170,25,2025-11-25
PO03171,10,2025-10-10
PO03172,10,2025-12-31
PO03173,100,2025-05-24
PO03174,50,2025-09-30
PO03175,25,2025-06-17
PO03176,500,2025-03-07
PO03178,100,2025-10-15
PO03179,100,2025-12-26
PO03180,50,2025-01-18
PO03181,250,2025-12-13
PO03182,100,2025-03-29
PO03183,25,2026-01-13
PO03184,10,2025-10-18
PO03185,100,2025-08-05
PO03186,50,2025-05-06
PO03187,50,
PO03188,250,2025-02-04
PO03189,10,2025-09-12
PO03190,250,2025-11-26
PO03191,10,2025-07-24
PO03192,50,2025-03-31
PO03193,25,2025-02-25
PO03194,250,2025-01-29
PO03195,25,2025-12-19
PO03196,250,2025-03-17
PO03197,500,2025-11-21
PO03198,10,2025-04-28
PO03199,10,2025-07-01
PO03200,83,2025-12-15
PO03201,100,2025-04-09
PO03202,100,2025-05-30
PO03203,10,2025-09-28
PO03204,250,2025-09-23
PO03205,5,2025-05-11
PO03206,25,2025-02-23
PO03207,10,2025-11-13
PO03208,50,2025-02-26
PO03209,500,2025-12-11
PO03210,100,2025-04-13
PO03211,100,2025-07-14
PO03212,10,2025-03-20
PO03213,250,2025-02-25
PO03214,100,2025-08-29
PO03215,29,2025-07-28
PO03216,25,2025-02-08
PO03217,100,2025-07-17
PO03218,10,2025-09-10
PO03219,500,2025-04-09
PO03220,500,2025-05-22
PO03221,10,2025-05-12
PO03222,10,2025-08-20
PO03223,500,2025-04-23
PO03224,46,2025-08-02
PO03225,500,2025-08-04
PO03226,500,2025-04-12
PO03227,200,2025-12-09
PO03228,500,2025-02-06
PO03229,50,2025-12-14
PO03230,500,2025-04-30
PO03231,250,2025-09-19
PO03232,500,2025-09-06
PO03233,14,2025-03-15
PO03234,500,2025-08-05
PO03235,25,
PO03236,500,2025-12-17
PO03237,10,2025-11-25
PO03238,100,2025-04-11
PO03239,25,2025-05-13
PO03240,25,2025-11-28
PO03242,10,2025-06-21
PO03243,10,2026-01-10
PO03244,50,2025-12-07
PO03245,10,2025-08-24
PO03246,10,2025-10-24
PO03247,25,2025-09-10
PO03248,50,2025-02-16
PO03249,100,2025-12-20
PO03250,100,2026-01-18
PO03251,25,2025-03-12
PO03252,500,2025-06-15
PO03253,10,2025-10-16
PO03254,50,2025-10-27
PO03255,25,2025-10-28
PO03256,25,2025-11-29
PO03257,10,2025-02-23
PO03258,17,2025-03-12
PO03259,50,2025-03-12
PO03260,500,2025-07-08
PO03261,250,2025-02-23
PO03263,50,2025-08-22
PO03264,10,2026-01-13
PO03265,100,2025-06-12
PO03266,10,2025-07-11
PO03267,500,2025-04-26
PO03268,500,2025-11-26
PO03269,25,2025-08-17
PO03270,500,2026-01-28
PO03271,50,2025-11-07
PO03272,25,2025-03-04
PO03273,10,2026-01-21
PO03274,250,2025-06-10
PO03275,50,2025-08-19
PO03276,25,2025-08-31
PO03277,100,2025-06-04
PO03278,250,2025-09-04
PO03279,25,2025-06-07
PO03280,500,2025-02-27
PO03281,100,2025-07-07
PO03282,250,2025-12-17
PO03283,250,2026-01-17
PO03284,500,2025-10-22
PO03285,100,2025-08-28
PO03286,50,2025-12-04
PO03287,100,2025-12-24
PO03288,100,2025-12-10
PO03289,25,2025-06-07
PO03290,25,2025-07-03
PO03291,250,2025-03-16
PO03292,25,2026-01-08
PO03293,500,2025-02-25
PO03294,78,2025-09-01
PO03295,250,2025-05-14
PO03296,25,2025-09-14
PO03297,25,2025-02-24
PO03298,25,2025-07-28
PO03299,10,2025-05-21
PO03300,250,2025-05-15
PO03301,10,2025-09-16
PO03302,50,2025-09-09
PO03303,500,2025-04-24
PO03304,25,2025-04-12
PO03305,50,2025-06-02
PO03306,250,2025-06-29
PO03307,250,2025-11-25
PO03308,500,2025-12-07
PO03309,250,2025-08-18
PO03310,25,2025-05-09
PO03311,100,2025-12-31
PO03312,10,2025-06-02
PO03313,100,2025-05-21
PO03314,500,2025-03-19
PO03315,10,2025-09-10
PO03316,25,2026-01-16
PO03317,500,2025-10-16
PO03318,25,2026-01-23
PO03319,250,2025-11-29
PO03320,50,2025-10-30
PO03321,25,2025-12-28
PO03322,500,2025-05-26
PO03323,50,2025-08-07
PO03324,250,2025-12-13
PO03325,250,2025-04-26
PO03326,10,2025-07-20
PO03327,250,2025-01-25
PO03328,50,2025-12-09
PO03329,250,2025-12-30
PO03330,204,2025-02-21
PO03331,500,2025-10-08
PO03332,10,2025-02-16
PO03333,100,2025-11-11
PO03336,50,2025-03-13
PO03337,500,2025-12-17
PO03338,250,2025-09-12
PO03339,100,2025-07-19
PO03340,100,2025-12-18
PO03341,50,2025-03-07
PO03342,25,2025-05-11
PO03343,250,2026-01-06
PO03344,33,2025-08-09
PO03345,500,2025-07-29
PO03346,100,2025-04-07
PO03347,250,2025-09-18
PO03348,10,2025-04-09
PO03349,50,2025-08-12
PO03350,10,2025-06-12
PO03351,500,2025-04-29
PO03352,500,2025-09-21
PO03353,50,2025-10-17
PO03354,250,2025-03-25
PO03355,50,2025-08-23
PO03356,250,2025-05-27
PO03357,50,2025-11-21
PO03358,250,2025-10-06
PO03359,45,2025-06-25
PO03360,250,2026-02-05
PO03361,500,2025-09-08
PO03362,250,2025-02-20
PO03363,100,2026-01-15
PO03364,25,2026-02-19
PO03365,10,2025-06-21
PO03366,25,2025-02-07
PO03367,100,2025-12-02
PO03368,500,2025-02-18
PO03369,100,2025-03-28
PO03370,100,2025-07-19
PO03371,25,2025-08-10
PO03372,50,2025-12-20
PO03373,500,2025-10-19
PO03374,208,2025-11-22
PO03375,100,2025-08-30
PO03376,25,2025-08-25
PO03377,10,2025-05-13
PO03378,500,2025-01-22
PO03379,50,2025-10-22
PO03380,500,2025-02-07
PO03381,100,2025-06-09
PO03382,50,2026-01-17
PO03383,250,2026-01-11
PO03384,100,2025-10-25
PO03385,466,2025-08-31
PO03386,500,2025-05-22
PO03387,22,2025-06-08
PO03388,500,2026-01-01
PO03389,10,2025-09-24
PO03390,25,2025-12-08
PO03391,250,2025-05-11
PO03392,250,2025-12-20
PO03393,100,2025-09-26
PO03394,50,2025-11-19
PO03395,250,2025-07-14
PO03396,100,2025-03-17
PO03397,250,2025-05-01
PO03398,10,2025-09-01
PO03399,50,2025-03-05
PO03400,500,2025-06-23
PO03401,100,2025-05-21
PO03402,500,2025-05-14
PO03403,500,2026-01-01
PO03404,50,2025-03-31
PO03405,100,2025-12-07
PO03406,25,2025-12-16
PO03407,50,2025-05-08
PO03408,86,2026-02-03
PO03409,10,2025-04-01
PO03410,10,2025-07-05
PO03411,500,2025-10-17
PO03412,10,2025-12-21
PO03413,500,2026-01-09
PO03414,50,2026-01-27
PO03415,10,2025-12-02
PO03416,25,2025-01-19
PO03417,50,2025-10-15
PO03418,50,2026-01-06
PO03419,25,2025-12-20
PO03420,10,2025-06-16
PO03421,100,2025-05-21
PO03422,100,2025-08-07
PO03423,10,2026-01-31
PO03424,10,2025-10-20
PO03425,250,2025-09-27
PO03426,25,2025-10-14
PO03427,500,2025-03-23
PO03428,250,2025-03-09
PO03429,25,2025-09-28
PO03430,25,2025-04-25
PO03431,50,2025-08-12
PO03432,25,2025-09-17
PO03433,100,2025-10-23
PO03434,10,2025-07-19
PO03435,100,2025-10-11
PO03437,50,2026-01-08
PO03438,250,2025-06-14
PO03439,25,2025-06-05
PO03440,500,2025-09-03
PO03441,25,2025-04-06
PO03442,25,2025-12-28
PO03443,25,2025-10-19
PO03444,250,2025-04-27
PO03445,250,2025-03-09
PO03446,50,2025-11-15
PO03447,500,2025-09-21
PO03448,50,2025-04-13
PO03449,10,2025-12-31
PO03450,10,2025-03-21
PO03451,50,2025-06-25
PO03452,100,2026-02-15
PO03453,10,2026-01-15
PO03454,500,2026-01-11
PO03455,50,2025-11-21
PO03456,28,2025-08-16
PO03457,500,2025-07-24
PO03458,50,2025-08-28
PO03459,500,2025-02-20
PO03460,10,2025-02-09
PO03461,50,2025-08-02
PO03462,50,2025-07-13
PO03463,250,2026-01-16
PO03464,500,2025-09-16
PO03465,10,2025-05-07
PO03466,74,2025-12-08
PO03467,25,2025-10-18
PO03468,500,2025-10-13
PO03469,500,2025-11-18
PO03470,215,2025-08-23
PO03471,250,2025-10-01
PO03472,250,2025-08-22
PO03473,50,2025-07-02
PO03474,22,2025-10-23
PO03475,50,2025-08-05
PO03476,25,2025-04-10
PO03477,25,2025-05-14
PO03478,100,2025-06-14
PO03479,50,2025-03-14
PO03480,50,2025-06-01
PO03481,50,2025-04-11
PO03482,21,2025-05-30
PO03483,500,2026-01-02
PO03484,25,2025-08-23
PO03485,25,2025-10-18
PO03486,10,2025-06-09
PO03487,10,2025-10-16
PO03488,50,2026-01-19
PO03489,100,2025-12-02
PO03490,500,2025-11-24
PO03491,500,2025-11-10
PO03493,250,2025-11-06
PO03494,500,2025-03-06
PO03495,10,2025-09-11
PO03496,500,2025-11-09
PO03497,250,2025-08-04
PO03498,100,2025-06-13
PO03499,250,2025-07-31
PO03500,50,2025-08-26
PO03501,500,2025-04-03
PO03502,500,2025-04-11
PO03503,25,2025-07-15
PO03504,10,2025-11-12
PO03505,500,2025-08-22
PO03506,500,2026-01-08
PO03507,10,2025-12-02
PO03509,100,2025-05-16
PO03510,25,2025-11-11
PO03511,500,2025-07-28
PO03512,100,2025-08-24
PO03513,50,2025-02-26
PO03514,10,2025-03-27
PO03515,500,2025-04-10
PO03516,25,2025-04-03
PO03517,250,2025-10-19
PO03518,10,2025-04-27
PO03519,7,2025-09-20
PO03520,500,2025-07-28
PO03521,333,2025-03-12
PO03522,444,2025-12-24
PO03523,50,2025-10-24
PO03524,250,2025-03-11
PO03525,250,2025-04-12
PO03526,500,2025-12-14
PO03527,100,2025-01-22
PO03528,250,2025-08-26
PO03529,22,2025-04-18
PO03530,500,2025-02-13
PO03531,50,2025-08-06
PO03532,500,2025-04-27
PO03533,50,2025-09-30
PO03534,500,2025-03-22
PO03535,10,2025-05-10
PO03536,25,2025-06-10
PO03537,250,2025-03-17
PO03538,50,2025-07-20
PO03539,10,2025-09-12
PO03540,10,2025-10-10
PO03541,40,2025-08-31
PO03542,250,2025-01-25
PO03543,500,2025-12-09
PO03544,50,2025-03-22
PO03545,100,2025-05-20
PO03546,10,2025-11-20
PO03547,10,2025-10-16
PO03548,100,2025-04-23
PO03549,100,2025-08-17
PO03550,500,2025-12-31
PO03551,500,2025-06-09
PO03552,50,2025-03-24
PO03553,250,2025-07-31
PO03554,50,2025-03-21
PO03555,500,2025-03-12
PO03556,500,2025-04-21
PO03557,50,2025-06-05
PO03558,100,2025-11-03
PO03559,250,2025-04-05
PO03560,25,2025-03-11
PO03561,500,2025-01-26
PO03562,100,2025-10-08
PO03563,50,2025-07-16
PO03564,500,2025-10-31
PO03565,10,2025-03-10
PO03566,50,2025-08-12
PO03567,100,2025-08-29
PO03568,500,2026-01-05
PO03569,25,2025-08-01
PO03570,10,2025-10-20
PO03571,10,2025-02-22
PO03572,50,2025-08-14
PO03573,500,2025-07-17
PO03574,100,2025-02-03
PO03575,100,2025-08-14
PO03576,250,2025-09-22
PO03577,50,2025-12-09
PO03578,100,2025-06-15
PO03579,50,2025-06-20
PO03580,500,2025-10-04
PO03581,93,2025-01-17
PO03582,25,2025-04-08
PO03583,250,2025-06-08
PO03584,63,2025-03-16
PO03585,250,2025-08-19
PO03586,250,2025-08-17
PO03587,500,2025-06-02
PO03589,25,2025-09-11
PO03590,50,2025-12-25
PO03591,250,2025-11-24
PO03592,25,2025-09-03
PO03593,100,2025-09-19
PO03594,100,2025-05-29
PO03595,100,2025-09-14
PO03596,50,2025-01-29
PO03597,50,2025-05-21
PO03598,10,2025-03-21
PO03599,500,2025-11-17
PO03600,25,2025-10-10
PO03601,25,2025-02-03
PO03602,25,2025-12-30
PO03603,250,2025-09-05
PO03604,100,2025-10-05
PO03605,100,2025-05-15
PO03606,250,2025-10-20
PO03607,500,2025-11-26
PO03608,25,2026-01-29
PO03609,25,2025-09-24
PO03610,50,2025-09-30
PO03611,10,2025-07-17
PO03612,10,2025-12-03
PO03613,500,2025-07-04
PO03614,10,2025-05-07
PO03615,25,2025-11-15
PO03616,25,2025-09-01
PO03617,25,2025-10-05
PO03618,25,2026-01-16
PO03619,250,2025-09-08
PO03620,44,2026-02-06
PO03621,25,2025-12-06
PO03622,10,2025-03-15
PO03623,10,2025-08-27
PO03624,25,2025-06-05
PO03625,50,2026-02-17
PO03627,100,2025-07-10
PO03628,25,2025-12-18
PO03629,100,2025-10-12
PO03631,10,2025-09-16
PO03632,50,2025-03-09
PO03633,50,2025-10-11
PO03634,50,2026-01-08
PO03635,250,2025-01-27
PO03636,25,2025-03-02
PO03637,10,2025-10-20
PO03639,25,2025-08-12
PO03640,25,2025-12-22
PO03641,50,2025-09-08
PO03642,50,2025-02-11
PO03643,39,2025-06-04
PO03644,500,2025-02-10
PO03645,10,2025-12-28
PO03646,250,2025-07-21
PO03647,50,2025-06-23
PO03648,25,2026-01-31
PO03649,50,2025-04-16
PO03650,10,2025-08-09
PO03651,40,2025-06-15
PO03652,250,2025-06-01
PO03653,50,2025-07-21
PO03654,50,2025-11-13
PO03655,500,2025-04-24
PO03656,70,2025-07-08
PO03657,250,2025-05-20
PO03658,50,2025-10-18
PO03659,100,2025-03-22
PO03660,250,2025-05-04
PO03661,100,2025-06-10
PO03662,25,2025-02-21
PO03663,10,2025-02-16
PO03664,50,2025-09-19
PO03665,500,2025-10-21
PO03666,500,2025-12-07
PO03667,50,2025-12-28
PO03668,100,2025-11-19
PO03669,100,2025-03-08
PO03670,10,2025-08-25
PO03671,25,2025-09-16
PO03672,100,2025-06-12
PO03673,100,2025-10-14
PO03674,100,2025-10-02
PO03675,500,2025-01-11
PO03676,50,2025-09-20
PO03677,25,2026-02-02
PO03678,250,2025-04-04
PO03679,250,2025-08-25
PO03680,500,2025-07-29
PO03681,50,2025-02-12
PO03682,50,2025-12-08
PO03683,25,2025-11-14
PO03684,100,2025-12-02
PO03685,50,2025-02-18
PO03686,50,2025-09-18
PO03687,100,2025-12-15
PO03688,500,2025-01-21
PO03689,500,2025-08-12
PO03690,10,2025-08-24
PO03691,10,2025-07-18
PO03692,10,2025-05-19
PO03693,100,2025-08-27
PO03694,25,2025-05-23
PO03695,100,2026-01-13
PO03696,10,2025-10-31
PO03697,50,2025-07-08
PO03699,250,2025-12-31
PO03700,50,2025-02-11
PO03701,10,2025-11-15
PO03702,25,2025-09-02
PO03703,50,2025-06-25
PO03704,100,2025-03-19
PO03705,50,2025-07-10
PO03707,500,2025-08-21
PO03708,10,2026-01-06
PO03709,25,2025-11-24
PO03710,500,2025-11-15
PO03711,50,2025-04-24
PO03712,82,2025-11-16
PO03713,500,2025-02-19
PO03714,50,2025-05-12
PO03716,10,2025-08-26
PO03717,500,2025-06-10
PO03718,25,2025-05-19
PO03719,100,2025-10-15
PO03720,500,2025-10-21
PO03721,100,2025-12-12
PO03722,500,2025-10-02
PO03723,500,2025-06-11
PO03724,10,2025-12-19
PO03725,250,2026-01-11
PO03726,10,2025-04-27
PO03727,198,2025-01-29
PO03728,250,2025-02-06
PO03729,100,2025-12-30
PO03730,100,2025-02-17
PO03731,180,2025-07-02
PO03732,50,2025-12-04
PO03733,50,2025-04-23
PO03734,35,2025-11-12
PO03735,250,2025-08-11
PO03736,50,2025-09-27
PO03737,500,2026-01-22
PO03738,100,2025-04-09
PO03739,100,2025-12-08
PO03740,25,2025-05-23
PO03741,10,2025-07-06
PO03742,50,2025-07-26
PO03743,100,2025-10-07
PO03744,50,2025-03-10
PO03746,500,2025-06-29
PO03747,500,2025-10-01
PO03748,50,2025-06-08
PO03749,100,2025-07-08
PO03750,500,2025-04-29
PO03751,25,2025-05-21
PO03752,50,2025-01-30
PO03753,500,2025-02-17
PO03755,250,2025-10-28
PO03756,500,2025-12-14
PO03757,10,2025-04-02
PO03758,100,2025-07-11
PO03759,100,2025-04-02
PO03760,500,2026-01-06
PO03761,500,2025-06-22
PO03762,500,2025-02-01
PO03763,100,2025-11-02
PO03764,500,2025-04-06
PO03765,10,2025-11-25
PO03766,25,2025-04-27
PO03767,50,2025-09-16
PO03768,100,2025-10-20
PO03769,250,2025-04-20
PO03770,50,2025-03-19
PO03771,250,2025-04-24
PO03772,10,2025-04-16
PO03773,100,2025-11-21
PO03774,250,2025-03-26
PO03775,250,2025-04-12
PO03776,25,2025-03-13
PO03777,50,2025-08-29
PO03778,500,2025-03-13
PO03779,500,2025-05-24
PO03780,25,2025-10-10
PO03781,500,2025-06-01
PO03782,500,2025-08-01
PO03783,10,2025-02-15
PO03784,50,2025-02-16
PO03785,100,2025-04-27
PO03786,500,2025-05-09
PO03787,250,2025-07-20
PO03788,100,2026-01-05
PO03789,500,2025-03-08
PO03790,250,2025-07-28
PO03791,500,2025-05-22
PO03792,100,2025-10-19
PO03793,100,2025-05-22
PO03794,250,2025-01-18
PO03795,50,2025-05-30
PO03796,10,2025-07-23
PO03797,500,2025-02-28
PO03798,100,2025-07-22
PO03799,25,2025-05-23
PO03800,25,2026-01-27
PO03801,500,2025-11-10
PO03802,25,2025-03-12
PO03803,10,2025-03-03
PO03804,25,2025-05-25
PO03805,25,2025-11-15
PO03806,269,2025-01-31
PO03807,250,2025-06-30
PO03808,12,2025-03-18
PO03809,33,2026-01-11
PO03810,50,2025-09-04
PO03811,100,2025-10-28
PO03812,50,2025-09-18
PO03813,250,2025-11-15
PO03814,100,2025-09-19
PO03815,25,2025-11-19
PO03816,50,2025-11-06
PO03817,250,2025-03-03
PO03818,100,2025-12-07
PO03819,100,2025-06-21
PO03820,500,2025-07-29
PO03821,100,2025-03-21
PO03822,10,2025-03-27
PO03823,50,2025-04-28
PO03824,50,2025-06-23
PO03825,500,2025-10-03
PO03826,10,2025-03-18
PO03827,23,2025-06-12
PO03828,500,2025-06-20
PO03829,50,2025-06-19
PO03831,30,2025-09-29
PO03832,500,2025-08-13
PO03833,25,2026-01-11
PO03834,250,2025-10-05
PO03835,10,2025-03-04
PO03836,25,2025-03-20
PO03837,10,2025-09-11
PO03838,100,2026-02-05
PO03839,500,2025-12-19
PO03840,500,2025-04-21
PO03841,50,2025-04-20
PO03842,25,2025-07-26
PO03843,428,2025-06-26
PO03844,50,2025-06-28
PO03845,500,2025-12-16
PO03846,25,2025-04-15
PO03847,500,2025-11-23
PO03848,10,2025-10-04
PO03849,50,2025-03-19
PO03850,100,2025-05-23
PO03851,250,2025-11-16
PO03852,50,2025-08-23
PO03854,100,2025-04-01
PO03855,100,2025-02-09
PO03856,10,2025-08-24
PO03857,50,2025-04-20
PO03858,500,2026-01-27
PO03859,100,2025-10-28
PO03860,100,2025-05-25
PO03861,500,2025-09-29
PO03862,500,2025-12-10
PO03863,10,2025-05-12
PO03864,100,2025-05-27
PO03865,50,2025-02-27
PO03866,25,2026-01-16
PO03867,250,2025-08-20
PO03868,100,2025-06-05
PO03869,25,2025-04-26
PO03870,10,2025-02-03
PO03871,500,2025-11-11
PO03872,75,2025-02-11
PO03873,250,2025-10-04
PO03874,100,2025-05-31
PO03875,50,2025-10-05
PO03876,500,2025-12-30
PO03877,250,2026-01-17
PO03878,25,2025-05-14
PO03879,50,2025-12-20
PO03880,250,2025-01-27
PO03882,10,2025-05-03
PO03883,100,2025-07-03
PO03884,50,2025-02-01
PO03885,25,2025-10-04
PO03886,10,2025-06-14
PO03887,500,2025-06-28
PO03888,25,2025-10-31
PO03889,100,2025-10-20
PO03890,250,2025-06-26
PO03891,500,2025-04-05
PO03892,250,2025-06-30
PO03893,500,2025-05-26
PO03894,250,2025-02-15
PO03895,100,2025-07-24
PO03896,25,2026-01-22
PO03897,37,2025-07-28
PO03898,500,2025-09-26
PO03899,100,2025-08-29
PO03900,25,2025-08-14
PO03901,500,2025-08-06
PO03902,500,2025-11-13
PO03903,100,2025-02-11
PO03904,10,2025-06-12
PO03905,100,2025-10-22
PO03906,25,2025-03-01
PO03907,250,2025-08-21
PO03908,100,2025-09-22
PO03909,25,2025-08-20
PO03910,250,2025-11-02
PO03911,100,2026-02-10
PO03912,50,2025-07-06
PO03913,100,2025-12-10
PO03914,10,2025-09-03
PO03915,100,2025-08-25
PO03916,25,2025-01-27
PO03917,25,2025-02-17
PO03918,133,2025-10-14
PO03919,50,2025-12-30
PO03920,100,2026-02-01
PO03921,250,2025-02-05
PO03922,25,2025-06-06
PO03923,63,2025-08-17
PO03924,100,2025-04-13
PO03925,25,2025-06-21
PO03926,500,2025-05-13
PO03927,250,2026-02-17
PO03928,250,2025-04-05
PO03929,500,2025-09-16
PO03930,25,2025-09-06
PO03931,250,2025-09-04
PO03932,500,2025-10-28
PO03933,10,2025-05-22
PO03934,10,2025-10-30
PO03935,100,2025-12-27
PO03936,25,2026-01-21
PO03937,250,2025-03-24
PO03938,250,2025-07-01
PO03939,50,2025-03-05
PO03940,154,2025-03-06
PO03941,25,2025-03-29
PO03942,500,2026-02-05
PO03943,50,2025-07-15
PO03944,50,2025-10-21
PO03945,500,2025-05-16
PO03946,25,
PO03947,10,2025-09-18
PO03948,100,2025-10-16
PO03949,25,2025-09-26
PO03950,50,2025-09-01
PO03951,25,2025-03-08
PO03952,500,2025-07-05
PO03953,500,
PO03954,500,2025-02-06
PO03955,100,2025-09-28
PO03956,10,2025-11-23
PO03957,100,2025-06-04
PO03958,50,2025-08-16
PO03959,25,2025-07-13
PO03960,500,2025-08-07
PO03961,50,2025-03-08
PO03962,100,2025-08-03
PO03963,10,2025-01-30
PO03964,14,2025-10-31
PO03965,10,2025-07-03
PO03966,25,2025-10-21
PO03967,250,2025-10-13
PO03968,250,2025-04-26
PO03969,50,
PO03970,10,2025-09-12
PO03971,250,2025-05-09
PO03972,250,2025-05-06
PO03973,500,2025-02-09
PO03974,50,2025-02-27
PO03975,100,2025-12-03
PO03976,25,2026-01-09
PO03977,10,2026-02-05
PO03978,100,2025-03-13
PO03979,100,2025-10-12
PO03980,25,2025-06-06
PO03981,200,2025-08-19
PO03982,250,2025-10-13
PO03983,500,2025-04-23
PO03984,100,2025-12-12
PO03985,14,2025-03-02
PO03986,50,2025-04-26
PO03987,38,2025-02-16
PO03988,25,2025-02-01
PO03989,100,2025-09-19
PO03990,316,2025-03-27
PO03991,25,2025-05-20
PO03992,500,2025-09-30
PO03993,25,2025-11-18
PO03994,250,2025-01-12
PO03996,500,2025-04-28
PO03997,100,2025-09-02
PO03998,50,2025-06-16
PO03999,500,2025-03-30
PO04000,100,2025-03-18
PO04001,25,2025-08-15
PO04002,50,2025-05-04
PO04003,50,2025-03-21
PO04004,50,2025-09-18
PO04005,10,2025-02-13
PO04006,50,2025-09-24
PO04007,440,2025-12-21
PO04008,25,2025-01-24
PO04009,160,2025-02-18
PO04010,100,2025-12-01
PO04011,50,2025-11-20
PO04012,500,2025-03-20
PO04013,500,2025-07-20
PO04014,50,2025-07-02
PO04015,25,2025-06-22
PO04016,50,2025-07-09
PO04017,25,2025-11-28
PO04018,100,2026-01-18
PO04019,500,2025-05-10
PO04020,25,2026-01-04
PO04021,10,2025-05-12
PO04022,17,2025-12-25
PO04023,25,2025-07-19
PO04024,250,2025-08-20
PO04025,50,2025-02-04
PO04026,10,2025-03-09
PO04027,25,2025-08-10
PO04028,100,2025-02-24
PO04029,25,2025-07-02
PO04030,50,2025-11-22
PO04031,500,2025-06-08
PO04032,100,2025-12-11
PO04033,25,2025-05-31
PO04034,500,2025-10-26
PO04035,500,2025-02-17
PO04036,50,2025-10-04
PO04037,10,2025-03-19
PO04038,25,2025-07-21
PO04039,100,2025-12-16
PO04040,250,2025-03-11
PO04041,10,2025-07-24
PO04042,6,2025-05-08
PO04043,100,2025-05-12
PO04044,10,2025-10-23
PO04045,250,2025-09-06
PO04046,500,2025-03-21
PO04047,25,2025-06-14
PO04048,500,2025-08-02
PO04049,25,2025-09-19
PO04050,500,2025-12-12
PO04051,10,2025-01-31
PO04052,250,2025-02-10
PO04053,100,2025-12-04
PO04054,100,2025-02-24
PO04055,25,2026-01-21
PO04056,50,2025-12-15
PO04057,50,2025-04-01
PO04058,100,
PO04059,500,2025-07-06
PO04060,50,2025-08-08
PO04061,100,2025-12-18
PO04062,25,2025-05-06
PO04063,10,2025-06-11
PO04064,500,2025-02-24
PO04065,250,2025-07-31
PO04066,13,2025-12-17
PO04067,10,2025-08-08
PO04068,100,2025-04-05
PO04069,152,2025-03-05
PO04070,25,2025-02-10
PO04071,10,2026-01-28
PO04072,500,2025-04-12
PO04073,100,2025-09-12
PO04074,250,2025-02-08
PO04075,50,2025-03-04
PO04076,250,2025-12-17
PO04077,500,2025-03-15
PO04078,50,2025-02-27
PO04079,10,2025-06-09
PO04080,250,2025-05-25
PO04081,10,2025-04-20
PO04082,25,2025-06-15
PO04083,50,2025-10-19
PO04084,250,2025-07-22
PO04085,500,2026-01-07
PO04086,50,2025-03-29
PO04087,250,2025-08-27
PO04088,100,2025-11-25
PO04089,250,2026-01-31
PO04090,250,2025-12-29
PO04091,100,2025-06-17
PO04092,10,2025-10-21
PO04093,25,2025-09-29
PO04094,250,2025-09-08
PO04095,250,2025-10-07
PO04096,10,2025-09-17
PO04097,100,2025-05-16
PO04098,25,2025-04-26
PO04099,25,2025-07-19
PO04100,100,2025-06-27
PO04101,250,2025-12-09
PO04102,100,2025-11-26
PO04103,10,2025-09-10
PO04104,10,
PO04105,427,2026-01-03
PO04106,10,2025-09-20
PO04107,500,2025-06-16
PO04108,25,2025-03-30
PO04109,500,2025-08-06
PO04111,10,2026-01-25
PO04112,500,2025-02-23
PO04113,25,2025-09-23
PO04114,100,2025-08-06
PO04115,25,2025-09-19
PO04116,10,2025-04-16
PO04117,500,2026-01-22
PO04118,100,2026-02-08
PO04119,10,2025-07-14
PO04120,25,2025-06-18
PO04121,250,2025-05-13
PO04122,100,
PO04123,25,2025-10-05
PO04125,50,2025-12-05
PO04126,100,2025-09-08
PO04127,100,2025-07-12
PO04128,50,2025-11-10
PO04129,500,2025-07-14
PO04130,50,2025-03-21
PO04131,10,2026-02-02
PO04132,500,2026-02-12
PO04133,100,2025-08-27
PO04134,50,2025-05-29
PO04135,500,2026-01-03
PO04136,100,2025-10-14
PO04137,500,2025-11-18
PO04138,88,2025-06-21
PO04139,10,2025-03-21
PO04140,250,2025-02-14
PO04142,250,2026-01-23
PO04143,100,2026-01-05
PO04144,500,2025-02-23
PO04145,10,2025-10-12
PO04146,50,2025-12-28
PO04147,50,2025-12-08
PO04148,250,2025-10-08
PO04149,250,2025-11-23
PO04150,25,2025-11-09
PO04151,500,2025-04-25
PO04152,500,2025-05-25
PO04153,500,2025-12-31
PO04154,10,2025-09-20
PO04155,100,2025-09-29
PO04156,500,2026-01-14
PO04157,100,2025-06-06
PO04158,10,2025-08-20
PO04159,25,2025-07-31
PO04160,50,2026-01-08
PO04161,500,2025-06-14
PO04162,500,2025-08-10
PO04163,10,
PO04164,100,2025-06-11
PO04165,250,2025-10-27
PO04166,25,2025-09-16
PO04167,25,2025-12-27
PO04168,50,2025-06-23
PO04169,100,2025-05-24
PO04170,100,2025-02-23
PO04171,500,2025-07-21
PO04172,100,2025-02-17
PO04173,100,2025-10-02
PO04174,50,2025-02-26
PO04175,100,2025-04-23
PO04176,50,2025-02-13
PO04177,10,2025-02-05
PO04178,100,2025-05-26
PO04179,50,2025-09-06
PO04180,500,2025-08-12
PO04181,25,2025-06-11
PO04182,250,2025-09-30
PO04184,92,2025-02-09
PO04185,50,2025-11-18
PO04186,92,2025-06-22
PO04187,100,2025-05-10
PO04188,10,2025-06-09
PO04189,25,2025-11-05
PO04190,100,2025-08-10
PO04191,250,2025-01-17
PO04192,500,2025-08-18
PO04193,133,2025-11-20
PO04194,25,2025-12-27
PO04196,25,2025-12-09
PO04197,100,2025-08-17
PO04198,10,2025-06-02
PO04199,25,
PO04200,50,2025-12-23
PO04201,250,2025-01-22
PO04202,10,2025-09-14
PO04203,25,2025-03-08
PO04204,25,2025-06-07
PO04205,100,2026-01-12
PO04207,32,2025-03-06
PO04208,6,2025-07-02
PO04209,25,2025-09-16
PO04210,14,2025-11-24
PO04211,100,2025-10-07
PO04212,25,2025-09-23
PO04213,54,2025-03-06
PO04214,100,2025-11-05
PO04215,50,2025-02-07
PO04216,500,2025-07-26
PO04217,25,2026-01-03
PO04218,10,2025-06-22
PO04219,250,2025-05-12
PO04220,100,2025-01-28
PO04221,50,2026-01-17
PO04222,50,2025-10-07
PO04223,100,2025-10-08
PO04224,25,2025-11-27
PO04225,25,2025-08-01
PO04226,500,2025-12-22
PO04227,25,2025-03-15
PO04228,84,2025-12-07
PO04229,50,2025-10-16
PO04230,100,2025-06-25
PO04231,25,2025-10-18
PO04233,10,2026-01-11
PO04234,50,2025-06-04
PO04235,100,2025-03-26
PO04236,50,2025-01-10
PO04237,10,2025-03-04
PO04238,100,2025-11-16
PO04239,100,2025-04-24
PO04240,10,2026-01-13
PO04241,100,2025-07-19
PO04242,500,2025-09-12
PO04243,50,2025-12-06
PO04244,100,2025-02-05
PO04245,100,2025-03-21
PO04246,25,2025-09-21
PO04247,500,2025-09-08
PO04248,25,2025-10-25
PO04249,100,2025-09-19
PO04250,500,2025-05-10
PO04251,10,2025-06-02
PO04252,250,2025-02-18
PO04253,10,2025-06-20
PO04254,500,2025-03-19
PO04255,50,2025-06-18
PO04256,25,2025-07-31
PO04257,10,2025-08-02
PO04258,25,2025-09-02
PO04259,25,2025-08-10
PO04260,50,2025-04-12
PO04261,25,2025-04-18
PO04262,250,2025-09-16
PO04263,50,2025-02-13
PO04264,250,2025-04-23
PO04265,50,2025-07-27
PO04266,100,2025-03-21
PO04267,50,2025-05-24
PO04268,500,2025-11-05
PO04269,10,2025-11-21
PO04270,100,2025-06-14
PO04271,250,2025-04-18
PO04272,250,2025-01-24
PO04273,50,2026-02-07
PO04274,100,2026-02-16
PO04275,500,2025-05-10
PO04276,10,
PO04277,50,2025-04-03
PO04278,25,2025-03-05
PO04280,10,2025-06-13
PO04281,500,2025-03-14
PO04282,250,2025-07-05
PO04283,100,2025-07-07
PO04284,25,2025-03-16
PO04285,100,2025-05-29
PO04286,50,2025-06-26
PO04287,50,2025-02-25
PO04288,250,2025-07-27
PO04289,25,2025-04-17
PO04290,25,2025-09-18
PO04291,250,2025-11-29
PO04292,8,2025-03-30
PO04293,500,2025-01-31
PO04294,50,2025-09-25
PO04295,25,2025-11-21
PO04296,500,2025-08-27
PO04297,100,2025-09-09
PO04298,250,2025-05-30
PO04299,500,2025-09-19
PO04300,25,2025-06-22
PO04301,100,2025-04-23
PO04302,40,2025-04-25
PO04303,25,2025-12-02
PO04304,500,2026-01-28
PO04305,500,2025-10-18
PO04306,500,2025-11-13
PO04307,500,2025-12-18
PO04308,500,2025-02-24
PO04309,250,2025-06-28
PO04310,250,2025-07-01
PO04311,100,2025-05-30
PO04312,50,2025-07-07
PO04313,250,2025-12-03
PO04314,500,2025-06-29
PO04315,50,2025-11-04
PO04316,500,
PO04317,500,2025-09-15
PO04318,500,2025-11-04
PO04319,50,2025-04-14
PO04320,25,2025-06-25
PO04321,500,2025-04-13
PO04322,50,2026-01-06
PO04323,500,2025-05-18
PO04324,100,2025-06-23
PO04325,100,2025-05-05
PO04326,25,2025-07-20
PO04327,250,2025-08-15
PO04328,50,2025-01-23
PO04329,500,2025-11-11
PO04330,500,2025-07-25
PO04331,250,2025-08-27
PO04332,10,2025-12-03
PO04333,500,2025-09-02
PO04334,100,2025-09-29
PO04335,10,2025-02-22
PO04336,500,2025-12-28
PO04337,250,2025-07-31
PO04338,250,2025-11-02
PO04339,152,2025-03-18
PO04340,25,2025-03-14
PO04341,250,2025-11-09
PO04342,50,2025-04-11
PO04343,100,2025-12-17
PO04345,10,2025-12-27
PO04346,25,2025-11-10
PO04347,100,2025-07-10
PO04348,500,2025-07-22
PO04349,50,2025-12-28
PO04351,10,2025-01-21
PO04352,100,2025-08-21
PO04353,500,2025-07-05
PO04354,250,2025-08-04
PO04355,25,2025-09-21
PO04356,100,2025-05-24
PO04358,250,2025-08-28
PO04359,8,2025-11-03
PO04360,25,2025-08-09
PO04361,500,2025-11-08
PO04362,173,2025-06-27
PO04363,25,2025-07-29
PO04364,250,2025-07-06
PO04365,250,2025-10-06
PO04366,25,2025-12-19
PO04367,10,2025-08-20
PO04368,50,2025-07-15
PO04369,250,2025-06-18
PO04370,33,2025-12-17
PO04372,100,2025-12-10
PO04373,100,2025-08-24
PO04374,100,2025-07-25
PO04375,10,2025-12-25
PO04376,250,2025-01-29
PO04377,50,2025-05-12
PO04378,50,2025-08-15
PO04379,25,2025-06-01
PO04380,10,2025-10-09
PO04381,50,2025-04-29
PO04382,10,2025-09-26
PO04383,25,2025-02-21
PO04384,100,2025-11-10
PO04385,25,2025-06-13
PO04386,10,2025-11-02
PO04387,250,2025-03-22
PO04388,100,2025-07-25
PO04389,10,2025-01-12
PO04390,50,2025-02-01
PO04391,10,2025-12-08
PO04393,10,2025-06-03
PO04394,250,2025-12-24
PO04395,5,2025-05-18
PO04396,250,2025-06-10
PO04397,500,2025-02-26
PO04398,397,2026-02-05
PO04399,25,2025-08-30
PO04400,100,2025-01-27
PO04401,500,2025-11-30
PO04402,10,2025-02-27
PO04403,250,2025-08-18
PO04404,10,
PO04405,100,2025-08-14
PO04406,250,2025-03-02
PO04407,17,2025-07-24
PO04408,100,2025-04-20
PO04409,250,2025-06-18
PO04410,100,2025-05-25
PO04411,100,2025-02-17
PO04412,10,2025-07-19
PO04413,100,2025-12-23
PO04414,500,2025-09-06
PO04415,100,2025-05-26
PO04416,10,2026-02-11
PO04417,25,2025-08-17
PO04418,25,2025-03-23
PO04419,50,2025-07-06
PO04420,25,2025-10-22
PO04421,250,2025-04-05
PO04422,500,2025-05-18
PO04423,25,2025-09-06
PO04424,100,2025-11-28
PO04425,100,2025-12-09
PO04426,25,2025-03-17
PO04427,100,2025-08-03
PO04428,100,2025-08-29
PO04429,25,2025-03-06
PO04430,25,2025-05-05
PO04431,250,2025-01-20
PO04432,500,2025-11-28
PO04433,250,2025-10-21
PO04434,10,2026-01-16
PO04435,100,2025-03-05
PO04436,500,2025-11-23
PO04437,100,2025-11-30
PO04438,50,2025-03-05
PO04439,500,2025-11-29
PO04440,100,2025-08-20
PO04441,25,2025-03-28
PO04442,25,2025-11-02
PO04444,50,2025-10-29
PO04445,25,2025-02-21
PO04446,25,2025-11-26
PO04447,500,2025-06-15
PO04448,10,2025-10-22
PO04449,250,2025-04-19
PO04450,100,2025-07-16
PO04451,190,2025-10-02
PO04452,10,2025-08-22
PO04453,10,2025-06-01
PO04454,10,2025-02-03
PO04455,25,2025-02-18
PO04456,26,2025-03-23
PO04457,25,2025-03-12
PO04458,500,2025-05-21
PO04459,500,2025-01-17
PO04460,50,2025-05-02
PO04461,10,2025-06-22
PO04462,100,2025-08-13
PO04463,100,2025-06-22
PO04464,100,2026-02-05
PO04465,10,2025-08-01
PO04466,10,2025-09-01
PO04467,10,2025-05-26
PO04468,100,2025-08-31
PO04469,10,2025-10-30
PO04471,10,2025-12-04
PO04472,10,2025-04-03
PO04473,500,2025-03-05
PO04474,10,2025-02-04
PO04475,100,2025-02-05
PO04476,13,2025-06-07
PO04477,50,2025-12-25
PO04478,100,2025-07-17
PO04479,50,2025-03-11
PO04480,10,2025-09-25
PO04481,50,2025-01-12
PO04482,500,2025-03-31
PO04483,500,2025-02-20
PO04484,273,2025-07-23
PO04485,500,2025-07-07
PO04486,500,2025-11-21
PO04487,50,2025-05-13
PO04488,10,2025-03-20
PO04489,10,2025-11-24
PO04490,250,2025-03-28
PO04491,384,2025-11-24
PO04492,500,2025-11-30
PO04493,250,2025-11-08
PO04494,500,2025-03-14
PO04495,25,2025-04-03
PO04496,100,2025-03-18
PO04497,500,2025-09-29
PO04498,500,2025-07-24
PO04499,10,2025-07-30
PO04500,211,2025-04-29
PO04501,500,2025-12-29
PO04502,93,2025-06-05
PO04503,250,2025-04-10
PO04504,100,2025-06-27
PO04505,250,2025-07-03
PO04506,10,2025-11-20
PO04507,50,2025-04-22
PO04508,250,2025-05-03
PO04509,25,2025-08-02
PO04510,25,2025-02-21
PO04511,10,2025-05-20
PO04512,25,2025-08-26
PO04513,100,2025-09-13
PO04514,18,2025-05-02
PO04515,500,2025-06-15
PO04516,250,2025-11-02
PO04517,50,2025-03-01
PO04518,100,2025-09-19
PO04519,10,2025-11-23
PO04520,50,2025-05-28
PO04522,250,2025-12-27
PO04523,50,2025-11-07
PO04524,25,2025-06-08
PO04525,100,2025-06-27
PO04526,500,2025-03-25
PO04527,500,2025-11-28
PO04528,250,2025-11-27
PO04529,50,2025-06-24
PO04530,100,2025-06-04
PO04531,500,2025-12-15
PO04532,100,2025-12-10
PO04533,25,2025-06-26
PO04534,100,2025-01-26
PO04535,10,2025-02-14
PO04536,250,2025-09-05
PO04537,10,2025-06-03
PO04538,10,2025-03-05
PO04539,25,2025-12-26
PO04540,8,2025-07-25
PO04541,100,2025-05-23
PO04542,17,2025-04-07
PO04543,25,
PO04544,50,2025-08-12
PO04545,25,2025-05-20
PO04546,500,2025-12-25
PO04547,50,2025-10-29
PO04548,10,2025-02-11
PO04549,500,2025-07-14
PO04550,500,2025-12-14
PO04551,50,2025-05-25
PO04552,250,2025-11-06
PO04553,250,2025-03-27
PO04554,500,2025-12-10
PO04555,50,2025-09-16
PO04556,25,2025-11-13
PO04557,100,2025-03-18
PO04558,10,2026-01-03
PO04559,250,2025-11-10
PO04560,500,2025-10-19
PO04561,25,2025-06-17
PO04562,50,2025-06-08
PO04563,25,2025-09-10
PO04564,50,2025-04-17
PO04565,10,2025-12-29
PO04566,25,2026-01-28
PO04567,100,2025-09-30
PO04568,10,2025-07-27
PO04569,250,2025-05-19
PO04570,250,2025-10-31
PO04571,500,2025-10-31
PO04572,500,2025-04-24
PO04573,250,2025-12-26
PO04574,10,2025-11-07
PO04575,10,2025-03-20
PO04576,250,2025-08-31
PO04577,250,2025-12-22
PO04578,250,2025-07-21
PO04579,500,2025-05-15
PO04580,250,2025-04-25
PO04581,250,
PO04582,25,2025-07-30
PO04583,250,2025-11-06
PO04584,167,2025-10-02
PO04585,100,2026-01-04
PO04586,10,2025-12-26
PO04587,10,2025-03-23
PO04588,50,2025-09-29
PO04589,25,2025-07-17
PO04590,100,2025-05-03
PO04591,500,2025-12-29
PO04592,10,2025-04-25
PO04593,500,2026-01-08
PO04594,100,2025-04-27
PO04595,50,2025-01-16
PO04596,100,2025-03-06
PO04597,100,2025-03-27
PO04598,500,2025-05-15
PO04599,10,2025-05-07
PO04600,250,2025-09-02
PO04601,100,2025-08-17
PO04602,50,2025-12-25
PO04603,500,2025-09-28
PO04604,10,2025-07-19
PO04605,10,2025-10-22
PO04606,10,2025-06-10
PO04607,10,2025-10-16
PO04608,250,2025-12-24
PO04609,50,2025-04-05
PO04611,10,2025-06-04
PO04612,100,2025-09-12
PO04613,10,2025-09-21
PO04614,250,2025-01-11
PO04615,100,2025-08-22
PO04616,500,2025-03-10
PO04617,25,2025-01-16
PO04618,250,2025-09-14
PO04619,250,2025-12-21
PO04620,100,2025-11-27
PO04621,500,2025-04-07
PO04622,250,2025-03-04
PO04623,10,2026-01-18
PO04624,50,2025-04-12
PO04625,50,2025-11-12
PO04626,100,2025-10-01
PO04627,10,2025-10-23
PO04628,500,2025-11-01
PO04629,10,2025-02-06
PO04630,250,2025-06-01
PO04631,62,2025-02-19
PO04632,100,2025-08-27
PO04633,250,2025-05-17
PO04634,50,2025-07-25
PO04635,250,2025-11-21
PO04637,20,2025-11-01
PO04638,10,2025-07-02
PO04639,250,2025-09-27
PO04640,500,2025-04-07
PO04642,10,2025-05-30
PO04643,25,2025-10-06
PO04644,100,2025-06-04
PO04645,250,2025-03-15
PO04646,10,2025-05-31
PO04647,25,2025-08-19
PO04648,25,2025-04-03
PO04649,100,2025-10-19
PO04650,500,2025-05-08
PO04651,25,2025-05-17
PO04652,14,2026-01-28
PO04654,250,2025-08-16
PO04655,500,2025-04-10
PO04656,50,2025-05-07
PO04657,25,2025-03-14
PO04658,364,2026-01-07
PO04659,100,2025-05-22
PO04660,250,2025-08-04
PO04661,25,2025-09-26
PO04662,250,2025-01-30
PO04663,250,2025-11-18
PO04664,50,2025-11-02
PO04665,250,2025-11-11
PO04666,100,2025-12-28
PO04667,500,2025-03-13
PO04668,500,2026-01-26
PO04669,250,2025-05-03
PO04670,250,2025-09-19
PO04671,500,2025-08-22
PO04672,46,2025-09-19
PO04673,25,2025-03-10
PO04674,250,2025-07-03
PO04675,25,2025-03-17
PO04676,50,2026-01-24
PO04677,250,2025-03-19
PO04678,10,2025-03-10
PO04679,100,2026-01-13
PO04680,250,2025-11-11
PO04681,250,2025-08-16
PO04682,10,2025-11-27
PO04684,8,2025-02-26
PO04686,100,2025-08-26
PO04687,10,2025-02-05
PO04689,25,2025-04-24
PO04690,25,2025-05-07
PO04691,10,2025-11-23
PO04692,500,2025-05-18
PO04693,50,2025-05-28
PO04694,500,2025-07-19
PO04695,10,2025-08-06
PO04696,500,
PO04697,10,2025-05-20
PO04698,19,2025-02-02
PO04699,250,2025-10-27
PO04700,500,2025-07-27
PO04701,50,2025-09-07
PO04702,500,2025-10-06
PO04703,7,2025-03-03
PO04704,500,2025-05-23
PO04706,80,2025-12-03
PO04707,50,2025-03-09
PO04708,500,2025-01-23
PO04709,50,2025-06-12
PO04710,500,2025-10-05
PO04711,25,2025-08-06
PO04712,250,2025-11-12
PO04714,100,2025-12-25
PO04715,100,2025-07-28
PO04716,100,2025-10-08
PO04717,500,2025-07-09
PO04718,250,2025-03-30
PO04719,25,2025-10-08
PO04720,250,2025-02-27
PO04721,50,2025-10-05
PO04722,25,2025-04-20
PO04723,500,2025-07-16
PO04724,100,2025-07-12
PO04725,50,2025-12-27
PO04726,10,2025-07-20
PO04727,25,2025-04-06
PO04728,25,2025-11-17
PO04729,500,2025-08-08
PO04730,500,2025-07-10
PO04731,50,2025-10-04
PO04732,250,2026-01-07
PO04733,25,2026-01-08
PO04734,100,2025-10-03
PO04735,500,2025-08-24
PO04736,25,2025-02-23
PO04737,500,2025-07-19
PO04738,10,2025-04-04
PO04739,100,2026-01-16
PO04740,500,2025-09-09
PO04741,10,2025-09-27
PO04742,100,2026-01-30
PO04744,50,2025-05-08
PO04745,250,2026-01-01
PO04746,55,2025-11-20
PO04747,250,2025-12-16
PO04748,100,2025-01-26
PO04750,100,2025-11-22
PO04751,25,2025-10-10
PO04753,500,2025-09-28
PO04754,25,2025-07-24
PO04755,10,2025-05-29
PO04756,10,2025-12-30
PO04757,25,2026-01-21
PO04758,500,2025-12-17
PO04759,50,2025-09-28
PO04760,250,2025-02-12
PO04761,500,2025-12-25
PO04762,250,2025-11-01
PO04763,50,2025-03-01
PO04764,250,2025-07-09
PO04766,100,2025-10-16
PO04767,25,2025-03-19
PO04768,250,2025-11-19
PO04769,500,2025-03-11
PO04770,250,2025-10-31
PO04771,25,2025-09-19
PO04772,62,2025-11-05
PO04773,10,2025-05-26
PO04774,10,2026-01-19
PO04775,25,2025-04-26
PO04776,50,2025-03-26
PO04777,250,2025-07-06
PO04779,500,2025-06-23
PO04780,100,2025-12-24
PO04781,25,2025-10-10
PO04782,25,2025-08-01
PO04783,25,2026-02-14
PO04784,25,2025-11-30
PO04785,100,2025-07-02
PO04786,25,2025-09-09
PO04787,250,2025-11-25
PO04788,100,2025-08-07
PO04789,50,2025-03-06
PO04790,50,2025-09-11
PO04791,25,2025-10-16
PO04792,206,2025-12-22
PO04793,10,2025-08-24
PO04794,100,2025-03-14
PO04795,64,2025-05-19
PO04797,250,2025-08-02
PO04798,25,2026-01-15
PO04799,250,2025-06-16
PO04800,100,2026-02-05
PO04801,250,2025-02-17
PO04802,250,2025-10-04
PO04803,250,2025-04-23
PO04804,250,2025-03-05
PO04805,100,2025-07-14
PO04806,100,2025-01-29
PO04808,50,2025-04-15
PO04809,25,2025-03-26
PO04810,29,2025-03-21
PO04811,25,2025-02-02
PO04812,50,2025-08-05
PO04813,8,2025-12-11
PO04814,500,2025-08-01
PO04815,50,2025-02-21
PO04816,339,2025-03-24
PO04817,250,2025-04-25
PO04818,100,2025-09-17
PO04819,50,2025-04-24
PO04820,10,2025-08-06
PO04821,10,2025-06-20
PO04822,50,2025-11-05
PO04823,6,2025-11-01
PO04824,250,2025-10-02
PO04825,50,2025-02-08
PO04826,500,2025-07-21
PO04827,250,2026-01-06
PO04829,250,2025-10-24
PO04830,50,2025-03-06
PO04831,75,2025-07-19
PO04832,25,2026-01-04
PO04833,50,2025-03-19
PO04834,250,2025-11-02
PO04836,100,2025-02-06
PO04837,500,2025-03-17
PO04838,50,2025-03-15
PO04839,50,2025-11-14
PO04840,100,2025-12-22
PO04841,50,2025-09-27
PO04842,100,2025-05-29
PO04843,500,2025-12-24
PO04844,250,2025-04-29
PO04845,25,2025-10-04
PO04846,500,2025-08-10
PO04847,250,2025-03-20
PO04848,250,2025-04-25
PO04849,10,2025-12-31
PO04850,100,2025-09-09
PO04851,50,2025-01-12
PO04852,50,2025-07-07
PO04853,250,2025-08-28
PO04854,500,2025-08-26
PO04855,100,2025-06-14
PO04856,500,2026-01-05
PO04858,250,2025-12-21
PO04859,500,2025-12-13
PO04860,25,2026-01-02
PO04861,25,2025-11-05
PO04862,100,2025-03-14
PO04863,100,2025-06-01
PO04864,50,2025-08-09
PO04865,50,2025-11-30
PO04866,50,2025-05-17
PO04867,50,2025-08-23
PO04868,500,2025-11-24
PO04869,250,2025-05-25
PO04870,5,2025-05-30
PO04871,250,2025-01-14
PO04872,10,2025-12-11
PO04873,100,2025-11-03
PO04874,500,2025-09-12
PO04875,25,2025-08-26
PO04876,500,2025-05-20
PO04877,250,2025-10-26
PO04878,10,2025-01-22
PO04879,500,2025-05-26
PO04880,10,2025-11-17
PO04881,250,2025-07-06
PO04882,25,2025-03-09
PO04883,25,2025-05-27
PO04884,6,2025-03-03
PO04885,10,2025-10-26
PO04886,100,2025-11-24
PO04887,100,2025-09-16
PO04888,500,2025-06-19
PO04889,100,2025-11-11
PO04890,100,2025-08-25
PO04891,500,2025-10-02
PO04892,10,2025-11-09
PO04893,25,2025-04-27
PO04894,50,2025-09-03
PO04895,250,2025-10-22
PO04896,25,2025-11-17
PO04897,10,2025-12-04
PO04898,10,2025-10-07
PO04899,500,2025-10-03
PO04900,100,2025-08-22
PO04901,50,2025-07-01
PO04902,100,2026-01-22
PO04903,12,2025-10-08
PO04904,10,2025-08-16
PO04905,100,2025-01-30
PO04906,250,2025-03-23
PO04907,50,2025-07-13
PO04908,50,2025-04-29
PO04909,70,2025-08-01
PO04911,50,2025-10-16
PO04912,197,2025-03-07
PO04913,25,2025-02-15
PO04914,250,2025-02-23
PO04915,25,2025-05-27
PO04916,500,2025-03-12
PO04917,100,2025-08-05
PO04918,25,2025-07-04
PO04919,100,2025-11-06
PO04920,250,2026-02-09
PO04921,250,2025-10-07
PO04922,100,2025-10-04
PO04923,206,2025-02-25
PO04924,250,2025-03-06
PO04925,50,2025-07-10
PO04926,138,2025-10-15
PO04927,10,2025-05-08
PO04928,500,2025-04-06
PO04929,100,2025-08-19
PO04930,50,2025-09-06
PO04931,25,2025-04-06
PO04932,500,2025-10-04
PO04933,25,2025-01-24
PO04934,50,2025-02-02
PO04935,100,2025-06-11
PO04936,25,2025-03-06
PO04937,250,2025-11-21
PO04939,100,2025-11-09
PO04940,50,2025-04-12
PO04941,500,2025-05-27
PO04942,100,2025-12-06
PO04943,25,2025-02-18
PO04944,500,2025-04-22
PO04945,10,2025-11-16
PO04946,50,2025-05-01
PO04947,10,2025-03-25
PO04948,25,2025-09-02
PO04949,500,2025-10-25
PO04950,50,2025-04-11
PO04951,500,2025-01-17
PO04952,100,2025-06-25
PO04953,500,2025-06-21
PO04954,50,2025-05-28
PO04955,10,2025-04-08
PO04956,25,2025-02-18
PO04957,25,2025-10-13
PO04958,25,2025-03-05
PO04959,25,2025-11-06
PO04960,250,2025-05-13
PO04961,500,2025-07-23
PO04962,250,2025-12-27
PO04963,10,2025-11-30
PO04964,25,2025-10-18
PO04965,250,2025-09-07
PO04966,351,2025-11-10
PO04967,100,2025-04-02
PO04968,250,2025-12-22
PO04969,25,2025-03-09
PO04970,100,2025-07-04
PO04971,250,2025-04-22
PO04972,100,2025-02-19
PO04973,100,2025-10-11
PO04974,25,2025-09-26
PO04975,100,2026-01-02
PO04976,250,2025-05-13
PO04977,464,2025-10-14
PO04978,500,2025-07-21
PO04979,250,2025-12-12
PO04980,50,2025-09-05
PO04981,70,2025-10-31
PO04982,250,2026-01-13
PO04983,100,2025-03-22
PO04984,500,2025-07-17
PO04985,500,2025-07-30
PO04986,250,2025-12-29
PO04987,25,2025-05-07
PO04988,250,2025-11-24
PO04989,50,2025-06-05
PO04990,100,2025-04-24
PO04991,50,2025-11-02
PO04992,10,2025-07-08
PO04993,10,2025-04-06
PO04994,100,2025-09-17
PO04995,10,2026-01-09
PO04996,67,2025-09-12
PO04997,500,2025-08-24
PO04998,50,2025-08-16
PO04999,100,2025-07-24
PO05000,250,2025-08-14
